[48;2;236;245;250m[38;2;236;245;250m▄[48;2;237;246;251m[38;2;237;246;251m▄▄▄▄[48;2;236;245;250m[38;2;236;245;250m▄[48;2;235;244;249m[38;2;235;244;249m▄[48;2;234;244;251m▄▄[48;2;234;244;250m[38;2;234;243;248m▄▄[48;2;235;245;252m[38;2;236;245;250m▄▄▄[48;2;234;244;251m[38;2;235;244;249m▄[48;2;234;245;251m[38;2;236;245;251m▄▄▄▄[48;2;234;244;251m[38;2;235;244;251m▄▄▄[38;2;235;244;250m▄[48;2;234;245;251m[38;2;234;244;250m▄▄▄▄[38;2;234;244;251m▄[48;2;233;244;250m[38;2;233;244;250m▄▄▄▄▄[38;2;233;243;249m▄▄▄[38;2;233;244;250m▄▄▄[48;2;231;243;249m[38;2;233;244;249m▄[48;2;232;244;250m[38;2;233;244;250m▄[48;2;233;244;250m[38;2;234;244;250m▄[38;2;234;245;250m▄[38;2;233;244;250m▄[38;2;233;244;249m▄▄▄[38;2;234;244;250m▄[38;2;233;243;249m▄▄▄[38;2;233;244;250m▄▄[48;2;232;244;250m▄▄[48;2;231;243;249m[38;2;232;243;249m▄▄[48;2;230;242;248m[38;2;231;242;248m▄▄[48;2;229;241;247m▄▄[38;2;231;242;247m▄[38;2;231;241;247m▄[48;2;229;242;248m[38;2;230;242;248m▄▄[38;2;230;243;249m▄[48;2;230;243;249m[38;2;231;243;249m▄[48;2;231;243;249m▄[48;2;231;244;250m[38;2;230;242;248m▄▄[48;2;230;243;250m▄[48;2;228;241;248m[38;2;229;241;247m▄▄▄▄[48;2;229;242;249m[38;2;230;242;248m▄▄▄▄[38;2;229;242;248m▄▄[48;2;228;241;248m[38;2;228;241;247m▄▄▄▄▄[48;2;227;241;248m[38;2;229;241;247m▄[48;2;228;241;248m[38;2;229;242;248m▄[48;2;229;242;250m[38;2;227;240;246m▄[48;2;229;242;249m[38;2;228;241;247m▄[48;2;227;240;248m[38;2;230;243;249m▄[48;2;227;240;247m[38;2;227;240;246m▄▄▄[38;2;227;240;247m▄[48;2;227;240;248m▄▄▄▄[48;2;226;239;247m▄[38;2;226;239;247m▄▄[48;2;226;239;246m[38;2;226;239;246m▄[38;2;226;239;245m▄▄▄▄▄[38;2;225;238;244m▄[48;2;225;238;245m▄[48;2;224;238;245m▄▄▄▄▄[48;2;225;239;246m[38;2;226;239;245m▄[48;2;224;238;245m[38;2;225;238;244m▄▄▄[48;2;224;238;246m[38;2;225;238;246m▄[38;2;225;238;245m▄▄▄▄▄▄[48;2;224;238;245m▄[38;2;225;238;244m▄▄▄▄[48;2;223;237;244m[38;2;224;237;243m▄▄▄[48;2;222;236;243m[38;2;223;236;242m▄[48;2;222;236;244m[38;2;223;236;244m▄▄▄▄[48;2;221;235;243m[38;2;223;235;243m▄[48;2;222;237;244m[38;2;223;236;244m▄[48;2;222;236;244m▄[48;2;222;236;243m[38;2;223;236;243m▄[48;2;223;236;243m[38;2;223;236;242m▄▄▄▄[48;2;222;235;242m[38;2;222;235;241m▄[48;2;223;236;243m[38;2;223;236;242m▄▄[48;2;222;236;243m▄[48;2;221;235;242m[38;2;222;235;241m▄▄[48;2;220;235;241m[38;2;221;234;240m▄▄[48;2;220;234;241m▄▄▄[48;2;219;233;241m[38;2;221;233;240m▄[38;2;220;233;241m▄[0m
[48;2;237;246;251m[38;2;237;246;249m▄▄▄▄▄▄[38;2;237;246;250m▄[48;2;235;244;249m[38;2;236;245;250m▄▄▄▄[48;2;236;245;250m▄[48;2;235;244;249m[38;2;235;244;249m▄▄[48;2;234;243;248m[38;2;234;243;248m▄[48;2;235;244;249m[38;2;235;244;249m▄▄▄▄[48;2;236;245;250m[38;2;236;245;250m▄▄[48;2;235;244;250m[38;2;235;244;249m▄[48;2;235;244;249m▄▄[48;2;234;243;248m[38;2;234;243;248m▄▄▄[48;2;235;244;249m▄▄▄▄[38;2;235;244;249m▄▄[48;2;234;243;248m[38;2;234;243;248m▄▄▄[48;2;234;243;249m▄[48;2;235;244;249m[38;2;235;244;249m▄▄[48;2;233;244;248m[38;2;233;244;248m▄▄▄[48;2;234;245;249m[38;2;234;245;249m▄▄[48;2;233;244;248m[38;2;233;244;248m▄▄▄[48;2;235;244;249m[38;2;234;243;248m▄▄▄▄[48;2;234;243;249m▄[48;2;235;244;249m▄▄▄[48;2;234;243;248m▄▄[48;2;233;242;247m[38;2;233;242;247m▄▄▄▄▄[48;2;232;241;246m[38;2;232;241;246m▄[48;2;232;242;248m[38;2;233;242;247m▄▄▄▄▄▄▄[48;2;231;242;248m▄[48;2;230;242;248m[38;2;230;242;248m▄▄▄▄[48;2;231;243;249m▄[48;2;230;242;248m▄▄[38;2;231;241;248m▄[48;2;229;241;247m▄▄▄▄[38;2;230;240;247m▄▄▄▄[48;2;230;242;248m[38;2;231;241;248m▄▄▄▄[48;2;229;241;247m[38;2;230;240;247m▄▄▄[38;2;230;240;246m▄[48;2;229;241;246m[38;2;230;241;245m▄[48;2;228;240;245m[38;2;230;240;245m▄[38;2;229;240;244m▄▄[48;2;229;241;246m[38;2;230;241;245m▄[48;2;228;240;245m[38;2;230;240;245m▄[38;2;229;240;244m▄▄[48;2;228;240;246m[38;2;229;239;246m▄[48;2;228;239;246m▄[48;2;227;238;245m[38;2;228;238;245m▄[48;2;227;239;245m[38;2;228;239;245m▄[48;2;228;240;246m[38;2;229;239;246m▄▄▄[48;2;228;240;245m[38;2;229;239;245m▄[48;2;227;239;244m[38;2;228;240;244m▄[38;2;227;239;243m▄▄▄[48;2;228;240;245m[38;2;228;240;244m▄[48;2;227;239;244m[38;2;227;239;243m▄▄[48;2;226;238;243m[38;2;226;238;242m▄[48;2;227;239;244m[38;2;227;239;243m▄[48;2;226;238;243m[38;2;226;238;242m▄▄[48;2;225;237;242m[38;2;225;237;241m▄▄▄[38;2;224;236;240m▄[38;2;224;236;241m▄[48;2;225;236;243m[38;2;225;236;243m▄▄[48;2;226;237;244m▄▄[48;2;225;236;243m▄▄▄▄[48;2;224;235;243m[38;2;224;235;242m▄▄▄▄[48;2;223;234;242m[38;2;223;234;241m▄▄[48;2;223;233;242m[38;2;223;233;240m▄[48;2;223;234;241m▄[48;2;223;235;241m[38;2;223;234;240m▄[38;2;223;234;241m▄▄▄▄▄▄[48;2;223;236;242m[38;2;222;233;240m▄[38;2;222;232;239m▄[48;2;223;235;241m[38;2;223;234;240m▄[48;2;222;234;240m[38;2;225;236;243m▄[48;2;221;234;240m[38;2;224;235;242m▄[48;2;222;234;240m[38;2;223;233;240m▄[48;2;222;233;240m▄[48;2;221;233;239m[38;2;222;232;239m▄[48;2;221;233;240m▄[48;2;222;232;240m▄[0m
[48;2;236;246;248m[38;2;236;246;248m▄▄▄▄▄▄[48;2;236;245;248m[38;2;236;245;248m▄[48;2;236;245;250m▄▄▄▄▄[48;2;235;244;249m[38;2;236;244;247m▄▄[48;2;234;243;248m[38;2;235;244;248m▄[48;2;235;244;249m[38;2;235;244;249m▄[38;2;236;244;249m▄▄▄▄▄▄▄[38;2;235;244;248m▄[48;2;234;243;248m[38;2;234;243;248m▄▄▄▄▄▄▄[48;2;235;244;249m[38;2;235;244;249m▄▄[48;2;234;243;248m[38;2;234;243;248m▄▄▄▄▄▄▄▄▄[48;2;235;244;249m[38;2;235;244;249m▄▄[48;2;234;243;248m[38;2;234;243;248m▄▄▄[48;2;233;242;247m[38;2;232;241;246m▄▄▄▄[38;2;233;242;247m▄▄▄[48;2;234;243;248m▄[48;2;235;242;248m[38;2;235;242;248m▄[48;2;234;241;247m[38;2;234;241;247m▄▄▄▄▄▄[48;2;233;241;246m[38;2;233;241;246m▄[48;2;233;242;247m[38;2;233;242;247m▄▄▄▄[38;2;232;241;246m▄▄▄▄[48;2;230;242;248m[38;2;230;242;247m▄[38;2;231;242;247m▄[38;2;232;241;246m▄[38;2;232;242;247m▄[38;2;231;241;246m▄[38;2;230;242;247m▄[38;2;230;243;249m▄[48;2;230;241;248m[38;2;229;241;248m▄[48;2;233;241;248m[38;2;229;240;246m▄[38;2;229;240;247m▄[48;2;232;241;248m[38;2;231;241;249m▄[38;2;230;240;247m▄[48;2;231;240;247m[38;2;230;239;245m▄[38;2;231;240;246m▄[38;2;231;240;247m▄▄[48;2;232;241;248m[38;2;231;240;246m▄▄[38;2;231;241;246m▄[38;2;231;240;247m▄[38;2;231;241;248m▄[38;2;232;241;248m▄[38;2;231;241;248m▄[48;2;232;241;247m[38;2;231;242;247m▄[48;2;231;240;245m[38;2;231;241;245m▄[38;2;231;240;245m▄[48;2;230;239;244m▄[38;2;232;240;245m▄[48;2;231;240;245m[38;2;232;241;245m▄[38;2;232;240;244m▄[48;2;230;239;244m[38;2;232;239;243m▄[38;2;230;239;243m▄[48;2;230;239;246m[38;2;230;240;245m▄▄▄[38;2;230;239;245m▄▄[38;2;231;239;245m▄▄[48;2;230;239;245m[38;2;230;239;245m▄[48;2;229;240;244m[38;2;230;239;243m▄▄[48;2;228;239;243m[38;2;230;238;243m▄[38;2;229;238;243m▄[48;2;229;240;244m[38;2;230;239;243m▄[48;2;228;239;243m[38;2;229;238;243m▄▄[48;2;227;238;242m[38;2;229;237;242m▄[38;2;228;237;242m▄▄[48;2;226;237;241m[38;2;227;236;241m▄▄[48;2;225;236;240m[38;2;226;235;240m▄▄[38;2;226;234;239m▄[48;2;225;235;241m[38;2;225;234;239m▄[48;2;226;236;243m[38;2;226;235;241m▄[38;2;227;236;241m▄▄▄▄▄[38;2;226;235;241m▄▄[48;2;225;235;242m[38;2;226;235;240m▄▄▄[38;2;225;234;240m▄[48;2;224;234;241m[38;2;224;233;238m▄[48;2;223;233;240m▄▄[38;2;223;233;238m▄[38;2;223;234;239m▄▄▄▄▄▄[38;2;223;234;238m▄[38;2;224;234;240m▄[48;2;223;233;241m[38;2;225;235;241m▄[48;2;223;234;241m[38;2;224;234;240m▄[48;2;224;235;242m[38;2;223;232;238m▄[38;2;223;233;239m▄[48;2;223;233;240m[38;2;224;234;240m▄[38;2;223;233;238m▄[38;2;223;233;239m▄[48;2;221;231;238m[38;2;222;232;238m▄[38;2;222;231;236m▄[0m
[48;2;237;247;249m[38;2;237;246;249m▄▄▄▄[48;2;236;246;248m▄[38;2;236;245;248m▄[48;2;236;245;248m[38;2;237;245;248m▄[48;2;237;245;248m▄▄▄▄▄▄▄[48;2;237;245;249m▄[48;2;236;244;249m[38;2;236;244;248m▄[48;2;237;244;250m[38;2;237;245;249m▄▄▄▄▄[38;2;236;244;249m▄▄[48;2;234;243;247m[38;2;235;245;248m▄[48;2;234;243;246m[38;2;235;244;247m▄▄[38;2;234;243;246m▄[38;2;235;244;247m▄[48;2;235;244;247m▄▄▄▄▄▄▄[48;2;234;243;246m▄▄[38;2;234;243;246m▄[48;2;234;243;247m[38;2;234;243;247m▄[48;2;234;243;248m[38;2;234;243;248m▄▄▄▄[38;2;235;243;248m▄[38;2;234;243;248m▄[48;2;233;242;247m[38;2;234;243;247m▄[38;2;233;242;247m▄[48;2;232;241;246m▄▄▄▄[48;2;234;243;248m[38;2;234;243;248m▄▄▄▄[48;2;235;242;248m[38;2;235;243;247m▄▄▄▄▄▄[48;2;234;241;247m▄[48;2;234;242;247m[38;2;234;242;247m▄[48;2;233;242;245m[38;2;234;243;246m▄[48;2;234;243;246m▄▄▄[48;2;233;242;245m[38;2;233;242;245m▄▄[48;2;232;241;244m[38;2;232;241;244m▄[48;2;232;242;245m[38;2;232;242;245m▄[48;2;230;242;246m[38;2;231;243;247m▄[48;2;231;242;246m[38;2;232;243;247m▄[48;2;233;241;246m[38;2;233;242;248m▄[48;2;233;242;245m[38;2;233;242;249m▄[48;2;233;242;246m[38;2;236;244;251m▄[48;2;233;244;249m[38;2;233;241;246m▄[48;2;229;244;249m[38;2;229;238;241m▄[48;2;228;242;247m[38;2;236;245;247m▄[48;2;229;240;245m[38;2;237;245;246m▄[48;2;227;239;244m[38;2;237;244;244m▄[48;2;230;241;245m[38;2;239;245;246m▄[48;2;229;238;243m[38;2;239;242;241m▄[48;2;233;242;245m[38;2;240;242;241m▄[48;2;234;241;245m[38;2;238;239;238m▄[38;2;237;237;235m▄[48;2;235;242;245m[38;2;235;234;232m▄[48;2;236;243;246m[38;2;233;231;230m▄▄[48;2;235;243;247m[38;2;232;231;231m▄[48;2;235;242;248m[38;2;233;232;233m▄[48;2;234;242;247m[38;2;237;236;237m▄[48;2;233;241;246m[38;2;239;239;239m▄[48;2;231;240;245m[38;2;241;243;244m▄[48;2;230;240;245m[38;2;242;245;247m▄[48;2;233;243;247m[38;2;242;247;249m▄[48;2;230;240;244m[38;2;238;244;247m▄[48;2;232;241;246m[38;2;236;243;246m▄[48;2;230;239;244m[38;2;234;242;246m▄[48;2;233;241;246m[38;2;232;241;246m▄[48;2;234;242;245m[38;2;231;240;245m▄[48;2;233;239;243m[38;2;230;240;246m▄[48;2;232;241;244m[38;2;228;239;244m▄[48;2;229;241;243m[38;2;230;241;243m▄▄[48;2;230;241;243m▄[48;2;231;240;245m[38;2;231;240;244m▄[38;2;231;240;245m▄[48;2;232;240;245m▄[48;2;232;239;245m[38;2;232;239;245m▄[48;2;232;239;244m[38;2;232;239;244m▄[48;2;231;239;242m[38;2;231;239;242m▄▄▄▄[48;2;230;238;241m[38;2;230;238;241m▄▄▄▄[48;2;228;237;240m[38;2;228;237;240m▄▄[48;2;227;236;239m[38;2;227;236;239m▄▄▄[48;2;226;235;238m[38;2;226;235;238m▄▄▄▄▄[38;2;227;236;239m▄▄▄[38;2;226;235;238m▄[48;2;225;234;237m▄[38;2;225;234;237m▄[48;2;226;235;238m[38;2;226;235;238m▄[48;2;225;234;237m[38;2;225;234;237m▄▄▄[48;2;224;233;236m[38;2;224;233;236m▄▄▄[48;2;224;233;237m[38;2;224;233;237m▄[48;2;223;234;238m▄▄▄▄▄▄[48;2;222;233;237m[38;2;223;232;237m▄[48;2;223;233;238m[38;2;224;233;238m▄[48;2;225;234;239m[38;2;225;234;239m▄[48;2;224;234;238m[38;2;224;233;238m▄[48;2;224;233;238m▄▄[48;2;224;232;237m[38;2;223;232;237m▄[48;2;223;232;237m▄[38;2;222;231;236m▄[48;2;223;232;236m[38;2;222;230;236m▄[48;2;223;230;235m[38;2;222;229;235m▄[0m
[48;2;238;246;249m[38;2;239;245;248m▄▄▄▄▄[48;2;237;245;248m[38;2;239;244;248m▄[38;2;238;244;248m▄[38;2;237;245;248m▄▄[38;2;238;246;249m▄▄[38;2;237;245;248m▄▄▄▄[48;2;236;244;247m[38;2;236;244;247m▄[48;2;237;245;248m[38;2;237;244;247m▄[38;2;236;244;247m▄▄[38;2;237;244;247m▄[38;2;236;244;247m▄[48;2;236;244;247m▄▄[48;2;237;245;248m[38;2;237;244;247m▄▄[48;2;236;245;248m[38;2;237;245;248m▄▄[48;2;235;244;247m▄▄[48;2;236;244;247m▄[48;2;236;245;248m▄[48;2;236;244;247m[38;2;236;244;247m▄▄▄▄[48;2;236;245;248m[38;2;237;244;247m▄[48;2;236;244;247m[38;2;235;243;246m▄▄[48;2;236;244;248m[38;2;235;243;247m▄[48;2;235;244;249m[38;2;235;243;248m▄▄▄▄[38;2;236;244;248m▄[48;2;234;243;248m[38;2;235;244;248m▄▄[48;2;234;242;247m[38;2;236;244;248m▄[48;2;233;242;247m[38;2;235;243;247m▄▄[48;2;234;242;247m[38;2;234;242;246m▄▄[48;2;235;243;248m[38;2;235;243;247m▄▄▄▄[48;2;235;243;246m[38;2;235;243;246m▄▄▄▄[38;2;236;244;247m▄[38;2;235;243;246m▄▄▄[48;2;234;243;246m▄▄▄[48;2;235;244;247m▄[48;2;234;243;246m▄[48;2;233;242;245m[38;2;234;243;246m▄▄[48;2;232;242;244m[38;2;234;243;245m▄[48;2;232;243;245m[38;2;233;243;243m▄[48;2;231;243;247m[38;2;232;243;244m▄[48;2;232;242;249m[38;2;233;241;247m▄[48;2;231;240;249m[38;2;242;248;254m▄[48;2;233;239;248m[38;2;242;243;248m▄[48;2;239;243;248m[38;2;225;222;223m▄[48;2;244;244;245m[38;2;229;222;219m▄[48;2;245;244;242m[38;2;220;212;206m▄[48;2;235;236;233m[38;2;213;207;199m▄[48;2;231;232;228m[38;2;216;210;201m▄[48;2;232;230;226m[38;2;220;212;204m▄[48;2;229;224;218m[38;2;217;207;197m▄[48;2;226;220;213m[38;2;213;201;190m▄[48;2;222;214;208m[38;2;212;197;186m▄[48;2;217;209;201m[38;2;206;191;179m▄[48;2;216;207;199m[38;2;204;190;177m▄[48;2;218;210;202m[38;2;207;196;184m▄[48;2;217;209;202m[38;2;208;196;184m▄[48;2;218;210;202m[38;2;205;195;182m▄[48;2;218;209;204m[38;2;200;191;178m▄[48;2;215;208;202m[38;2;203;194;181m▄[48;2;214;208;201m[38;2;201;192;180m▄[48;2;212;205;200m[38;2;198;190;178m▄[48;2;213;207;203m[38;2;196;186;176m▄[48;2;215;211;208m[38;2;193;180;171m▄[48;2;221;218;216m[38;2;176;164;155m▄[48;2;228;228;225m[38;2;167;157;148m▄[48;2;233;236;234m[38;2;181;175;166m▄[48;2;241;246;247m[38;2;172;169;163m▄[48;2;240;247;250m[38;2;213;212;210m▄[48;2;230;238;244m[38;2;247;247;249m▄[48;2;232;242;247m[38;2;238;242;244m▄[48;2;231;241;243m[38;2;232;241;242m▄[48;2;231;240;243m[38;2;233;242;244m▄[48;2;232;241;244m[38;2;232;240;243m▄[48;2;231;241;244m[38;2;233;241;244m▄[48;2;231;240;244m[38;2;232;241;244m▄[48;2;232;240;245m[38;2;231;240;244m▄[48;2;232;239;245m▄[48;2;232;240;245m▄[48;2;232;240;243m[38;2;231;239;242m▄▄▄[48;2;231;239;242m[38;2;230;238;241m▄[48;2;230;238;241m▄▄[38;2;229;237;240m▄▄[48;2;228;237;240m[38;2;228;237;240m▄▄[48;2;227;236;239m[38;2;227;236;239m▄▄▄[38;2;226;235;238m▄[48;2;226;235;238m▄▄▄[48;2;227;236;239m▄[38;2;227;236;239m▄▄[38;2;228;237;240m▄[48;2;226;235;238m[38;2;227;236;239m▄[38;2;226;235;238m▄[38;2;225;234;237m▄▄[48;2;225;234;237m▄▄[38;2;224;233;236m▄▄▄▄▄[48;2;224;233;236m▄▄[38;2;225;234;237m▄▄[38;2;224;233;236m▄▄[48;2;223;232;235m▄[48;2;224;233;237m▄[48;2;225;234;239m[38;2;224;233;238m▄[48;2;224;233;238m[38;2;224;233;237m▄▄[38;2;225;234;238m▄[48;2;222;231;236m[38;2;224;233;237m▄[38;2;223;232;236m▄[48;2;221;231;236m[38;2;222;231;236m▄[48;2;221;230;236m[38;2;222;231;235m▄[48;2;222;229;235m[38;2;223;230;235m▄[0m
[48;2;239;244;248m[38;2;240;244;248m▄▄▄▄▄▄▄[48;2;238;244;248m[38;2;239;244;248m▄▄[48;2;239;245;249m[38;2;240;245;249m▄▄[48;2;238;244;248m[38;2;239;244;248m▄▄▄▄[48;2;237;244;247m[38;2;239;244;247m▄[48;2;237;243;247m▄[38;2;238;243;246m▄▄[38;2;238;243;247m▄▄▄▄[38;2;239;244;248m▄▄[48;2;238;244;248m▄▄▄▄[38;2;238;243;247m▄[38;2;237;243;247m▄[48;2;236;244;247m[38;2;236;244;247m▄▄▄▄▄▄[48;2;235;243;246m▄▄[38;2;235;243;246m▄▄▄▄[48;2;236;244;247m[38;2;236;244;247m▄▄▄▄[48;2;235;243;246m[38;2;235;243;246m▄▄[48;2;234;242;245m▄▄[48;2;235;243;246m▄▄▄▄[38;2;235;243;245m▄▄▄▄[48;2;236;244;247m[38;2;236;244;246m▄▄[48;2;235;243;246m[38;2;235;243;246m▄▄▄▄▄▄▄▄▄[48;2;235;242;246m[38;2;236;244;247m▄[48;2;234;242;243m[38;2;235;242;243m▄[48;2;235;241;241m[38;2;249;251;248m▄[48;2;248;251;251m[38;2;213;209;203m▄[48;2;218;217;216m[38;2;115;104;95m▄[48;2;164;158;155m[38;2;174;160;147m▄[48;2;189;179;173m[38;2;212;197;182m▄[48;2;206;194;187m[38;2;213;198;183m▄[48;2;212;199;189m[38;2;215;200;186m▄[48;2;217;205;193m[38;2;210;193;180m▄[48;2;217;206;193m[38;2;215;198;184m▄[48;2;212;199;187m[38;2;208;192;178m▄[48;2;210;195;183m[38;2;210;195;181m▄[48;2;207;191;178m[38;2;219;203;190m▄[48;2;209;191;178m[38;2;227;211;198m▄[48;2;206;188;175m▄[48;2;206;190;175m[38;2;224;208;195m▄[48;2;205;193;178m[38;2;227;213;199m▄[48;2;204;192;177m[38;2;228;215;201m▄[48;2;201;191;176m[38;2;226;213;198m▄[48;2;199;189;174m[38;2;221;208;195m▄[48;2;193;183;168m[38;2;213;200;188m▄[48;2;185;176;161m[38;2;193;181;169m▄[48;2;182;174;159m[38;2;192;181;168m▄[48;2;198;186;172m[38;2;185;173;161m▄[48;2;200;183;171m[38;2;178;163;154m▄[48;2;195;178;166m[38;2;177;161;151m▄[48;2;177;162;148m[38;2;195;181;168m▄[48;2;165;153;139m[38;2;183;170;154m▄[48;2;154;145;133m[38;2;181;168;154m▄[48;2;107;98;90m[38;2;142;129;119m▄[48;2;194;185;181m[38;2;87;74;67m▄[48;2;250;247;246m[38;2;195;188;186m▄[48;2;234;241;242m[38;2;245;250;253m▄[48;2;235;243;244m[38;2;233;240;241m▄[48;2;232;240;241m[38;2;232;239;240m▄[48;2;231;239;242m[38;2;231;239;241m▄[48;2;233;241;244m[38;2;233;241;244m▄[48;2;232;240;243m[38;2;232;240;243m▄[48;2;231;240;243m[38;2;231;240;243m▄▄[48;2;231;239;242m[38;2;231;239;242m▄▄[48;2;230;238;241m[38;2;230;238;241m▄▄▄▄[48;2;229;237;240m[38;2;229;237;240m▄▄[48;2;228;237;240m[38;2;228;237;240m▄▄[48;2;227;236;239m[38;2;227;236;239m▄▄▄[48;2;226;235;238m[38;2;226;235;238m▄▄▄[38;2;227;236;239m▄[48;2;227;236;239m▄▄[38;2;228;237;240m▄[48;2;228;237;240m▄[48;2;227;236;239m[38;2;227;236;239m▄[48;2;226;235;238m[38;2;226;235;238m▄[48;2;225;234;237m[38;2;225;234;237m▄▄▄[48;2;224;233;236m[38;2;224;233;236m▄▄[38;2;225;234;237m▄▄▄[38;2;225;234;236m▄[48;2;225;233;236m[38;2;225;233;235m▄▄[48;2;226;234;237m[38;2;226;234;236m▄▄▄[48;2;225;233;236m▄[38;2;225;233;235m▄▄[48;2;224;233;236m[38;2;224;233;236m▄▄▄[48;2;225;234;237m▄▄[48;2;224;232;235m[38;2;223;232;235m▄[48;2;222;231;234m[38;2;222;231;234m▄[48;2;223;231;234m[38;2;222;230;233m▄▄[0m
[48;2;240;243;248m[38;2;240;246;244m▄[38;2;240;245;247m▄[48;2;240;244;248m[38;2;239;244;247m▄[48;2;240;243;248m▄[38;2;238;244;248m▄[38;2;237;244;250m▄[48;2;240;244;248m[38;2;237;243;250m▄[48;2;239;244;248m[38;2;238;243;248m▄[38;2;239;244;248m▄[48;2;240;245;249m▄▄[48;2;239;244;248m▄▄▄▄[48;2;239;244;247m[38;2;239;244;247m▄[38;2;239;244;248m▄[48;2;238;243;246m▄▄[48;2;239;244;247m▄▄▄▄[48;2;239;244;248m[38;2;238;243;246m▄▄▄▄[38;2;239;244;247m▄▄[48;2;238;243;247m[38;2;238;243;246m▄▄[48;2;236;242;246m[38;2;238;243;247m▄▄▄▄[48;2;238;244;248m▄▄[48;2;237;243;247m▄[38;2;237;243;247m▄[48;2;235;243;246m[38;2;236;244;247m▄▄[38;2;235;243;246m▄▄[38;2;236;244;247m▄▄▄[48;2;236;243;246m▄[38;2;237;244;247m▄[48;2;236;242;246m[38;2;236;244;247m▄[38;2;236;243;246m▄▄[48;2;237;243;247m[38;2;237;244;247m▄[38;2;236;243;246m▄▄▄[48;2;235;243;245m[38;2;236;244;247m▄▄▄▄[48;2;236;244;246m▄▄▄▄[48;2;235;243;246m[38;2;235;243;245m▄[38;2;237;242;245m▄[38;2;237;243;246m▄[38;2;234;242;245m▄[38;2;232;243;245m▄[38;2;237;247;249m▄[38;2;236;243;246m▄[48;2;234;242;245m[38;2;241;245;245m▄[48;2;241;246;246m[38;2;243;243;236m▄[48;2;226;224;219m[38;2;136;127;119m▄[48;2;100;90;80m[38;2;105;88;77m▄[48;2;132;115;99m[38;2;208;190;173m▄[48;2;225;206;186m[38;2;214;199;179m▄[48;2;213;194;175m[38;2;207;193;175m▄[48;2;207;193;174m[38;2;196;179;164m▄[48;2;199;185;168m[38;2;215;197;184m▄[48;2;208;190;175m[38;2;225;209;194m▄[48;2;229;211;196m[38;2;196;179;163m▄[48;2;233;215;200m[38;2;166;146;130m▄[48;2;230;213;199m[38;2;138;115;101m▄[48;2;199;182;170m[38;2;104;80;70m▄[48;2;175;159;148m[38;2;87;65;55m▄[48;2;139;124;112m[38;2;74;54;44m▄[48;2;116;100;89m[38;2;50;30;22m▄[48;2;125;106;95m[38;2;54;32;25m▄[48;2;137;119;108m[38;2;99;75;65m▄[48;2;140;122;111m[38;2;123;97;85m▄[48;2;152;134;123m[38;2;115;89;74m▄[48;2;184;168;158m[38;2;107;83;66m▄[48;2;203;187;178m[38;2;108;87;73m▄[48;2;209;193;183m[38;2;143;126;114m▄[48;2;188;173;167m[38;2;182;168;157m▄[48;2;177;166;163m[38;2;195;181;171m▄[48;2;172;161;154m[38;2;183;170;161m▄[48;2;171;160;149m[38;2;179;168;158m▄[48;2;191;179;165m[38;2;172;162;151m▄[48;2;205;193;179m[38;2;185;175;163m▄[48;2;200;187;177m[38;2;197;188;174m▄[48;2;120;105;98m[38;2;198;187;174m▄[48;2;93;86;82m[38;2;91;81;71m▄[48;2;215;219;221m[38;2;119;114;108m▄[48;2;241;245;247m[38;2;239;237;234m▄[48;2;232;239;241m[38;2;237;240;241m▄[48;2;235;243;245m[38;2;236;244;246m▄[48;2;233;241;243m[38;2;232;240;244m▄[48;2;232;240;243m[38;2;232;239;243m▄[48;2;231;240;243m[38;2;232;239;241m▄[38;2;232;238;241m▄[48;2;232;240;243m[38;2;231;239;242m▄[48;2;231;239;242m▄▄[48;2;230;238;241m▄[38;2;230;238;241m▄▄[48;2;229;237;240m▄▄[48;2;228;237;240m[38;2;229;238;241m▄[38;2;228;237;240m▄[48;2;227;236;239m▄▄[38;2;227;236;239m▄[48;2;226;235;238m▄▄▄[48;2;227;236;239m[38;2;228;237;240m▄[48;2;228;237;240m▄▄▄▄[48;2;227;236;239m[38;2;227;236;239m▄[48;2;226;235;238m▄[48;2;225;234;237m▄[38;2;226;235;238m▄[48;2;224;233;236m[38;2;227;235;238m▄[38;2;226;234;237m▄▄[48;2;225;234;237m[38;2;227;235;238m▄[38;2;226;234;237m▄▄[48;2;225;234;236m▄[48;2;225;233;234m▄▄[48;2;226;234;235m▄[38;2;225;233;236m▄▄▄▄[48;2;225;233;235m▄[48;2;224;233;236m[38;2;226;234;237m▄▄[38;2;225;233;237m▄[38;2;225;233;236m▄▄[48;2;223;232;235m[38;2;224;232;235m▄[48;2;221;230;233m[38;2;223;231;234m▄[38;2;222;230;233m▄[48;2;222;230;233m▄[0m
[48;2;239;243;247m[38;2;241;244;253m▄[48;2;239;243;249m[38;2;239;242;250m▄[48;2;236;241;246m[38;2;238;243;249m▄[48;2;239;244;248m[38;2;239;244;248m▄[48;2;238;244;248m[38;2;238;243;246m▄[48;2;236;244;248m▄[48;2;236;243;249m▄[48;2;238;243;247m▄[48;2;239;244;247m[38;2;239;244;247m▄▄▄▄▄▄▄▄▄[38;2;239;245;247m▄▄[38;2;239;244;247m▄▄▄▄[48;2;238;243;246m[38;2;238;243;246m▄▄[48;2;238;243;245m[38;2;237;242;245m▄▄[48;2;239;244;247m▄[48;2;238;243;246m▄▄▄[48;2;237;242;246m[38;2;237;242;246m▄▄▄▄▄▄▄▄[48;2;236;244;247m▄[38;2;236;242;246m▄[48;2;235;243;246m[38;2;237;242;246m▄▄[48;2;236;244;247m[38;2;238;243;247m▄▄▄▄[38;2;237;242;246m▄▄[48;2;235;243;246m▄▄[48;2;236;244;247m[38;2;238;243;247m▄[48;2;235;243;246m[38;2;237;242;246m▄▄▄[48;2;236;244;247m[38;2;237;243;246m▄▄▄▄▄▄▄[38;2;236;243;247m▄[48;2;235;243;245m[38;2;236;243;245m▄[48;2;237;242;245m[38;2;236;242;244m▄[48;2;237;241;245m[38;2;237;241;245m▄[48;2;235;242;245m[38;2;235;241;245m▄[48;2;233;244;245m[38;2;235;244;245m▄[48;2;232;241;242m[38;2;235;241;241m▄[48;2;236;241;244m[38;2;246;248;248m▄[48;2;248;248;246m[38;2;226;221;216m▄[48;2;199;193;183m[38;2;117;105;93m▄[48;2;114;101;90m[38;2;149;133;120m▄[48;2;194;175;163m[38;2;226;208;196m▄[48;2;225;207;192m[38;2;210;193;180m▄[48;2;205;191;174m[38;2;198;182;167m▄[48;2;190;176;159m[38;2;212;195;177m▄[48;2;213;194;179m[38;2;180;158;139m▄[48;2;201;178;163m[38;2;119;90;72m▄[48;2;140;116;99m[38;2;121;87;70m▄[48;2;115;91;74m[38;2;135;104;87m▄[48;2;120;95;80m[38;2;130;102;88m▄[48;2;131;105;93m[38;2;115;90;79m▄[48;2;131;107;95m[38;2;100;77;65m▄[48;2;116;93;81m[38;2;84;63;50m▄[48;2;102;82;71m[38;2;98;78;63m▄[48;2;118;99;88m[38;2;157;137;121m▄[48;2;96;74;65m[38;2;126;104;89m▄[48;2;119;94;83m[38;2;110;86;72m▄[48;2;143;116;102m[38;2;128;104;90m▄[48;2;141;113;96m[38;2;126;101;87m▄[48;2;117;89;72m[38;2;111;82;70m▄[48;2;95;69;53m[38;2;107;77;65m▄[48;2;88;63;50m[38;2;106;74;64m▄[48;2;98;77;64m[38;2;95;66;54m▄[48;2;134;115;101m[38;2;83;60;46m▄[48;2;185;168;156m[38;2;96;75;62m▄[48;2;194;180;169m[38;2;165;146;135m▄[48;2;179;168;157m[38;2;194;179;167m▄[48;2;165;155;144m[38;2;177;163;152m▄[48;2;176;165;153m[38;2;157;142;132m▄[48;2;198;187;173m[38;2;162;147;135m▄[48;2;175;164;150m[38;2;195;182;168m▄[48;2;76;67;57m[38;2;149;137;125m▄[48;2;169;164;157m[38;2;96;87;78m▄[48;2;248;248;246m[38;2;205;202;198m▄[48;2;234;240;242m[38;2;245;247;247m▄[48;2;232;239;244m[38;2;232;237;240m▄[48;2;231;239;243m[38;2;232;239;243m▄[48;2;232;239;241m[38;2;231;238;244m▄[48;2;232;237;241m[38;2;230;237;243m▄[48;2;230;239;242m[38;2;230;238;241m▄[48;2;231;239;242m▄[48;2;230;239;242m▄[48;2;231;239;242m▄[48;2;230;238;241m▄▄▄▄[48;2;229;238;241m[38;2;229;238;241m▄[48;2;228;237;240m[38;2;228;237;240m▄▄▄[48;2;227;236;239m[38;2;227;236;239m▄▄▄▄[48;2;228;237;240m[38;2;228;237;240m▄▄▄▄[48;2;227;236;239m[38;2;227;236;239m▄[38;2;227;235;239m▄[38;2;226;235;238m▄▄[48;2;227;235;238m[38;2;227;235;238m▄▄[48;2;226;234;237m[38;2;226;234;237m▄▄[48;2;227;235;238m[38;2;227;235;238m▄[48;2;226;234;237m[38;2;226;234;237m▄▄▄▄[38;2;226;233;236m▄[48;2;225;233;236m[38;2;225;233;236m▄▄[38;2;224;232;235m▄[38;2;225;232;235m▄[38;2;225;233;236m▄[38;2;225;233;235m▄[48;2;226;234;235m[38;2;225;232;233m▄[48;2;225;233;235m[38;2;225;233;233m▄[38;2;225;232;233m▄[38;2;224;232;233m▄▄[48;2;223;231;233m[38;2;224;232;232m▄[38;2;223;231;232m▄[48;2;223;231;234m[38;2;223;231;233m▄[38;2;223;231;234m▄[0m
[48;2;235;239;238m[38;2;192;197;177m▄[48;2;221;225;222m[38;2;161;166;145m▄[48;2;239;244;242m[38;2;217;222;206m▄[48;2;240;244;244m[38;2;245;250;243m▄[48;2;239;244;246m[38;2;241;245;247m▄[48;2;238;243;246m[38;2;239;243;247m▄[48;2;238;243;245m[38;2;240;244;246m▄[48;2;238;243;246m▄[48;2;239;244;247m▄[38;2;239;243;245m▄▄[38;2;240;244;246m▄▄▄▄▄▄[48;2;240;245;248m▄▄[48;2;239;244;247m▄[38;2;241;245;247m▄▄[38;2;239;243;245m▄[48;2;239;243;246m[38;2;238;242;244m▄[48;2;238;242;245m[38;2;238;242;245m▄[38;2;237;241;244m▄[38;2;237;241;243m▄[38;2;238;242;245m▄▄[48;2;237;242;245m▄[48;2;237;241;244m▄[48;2;237;242;245m▄▄[38;2;239;243;246m▄▄[38;2;238;242;245m▄▄▄▄[38;2;237;242;245m▄▄▄▄[48;2;238;243;246m[38;2;238;243;246m▄▄▄[38;2;237;242;245m▄[48;2;237;242;245m▄▄▄▄[48;2;238;243;246m▄[48;2;237;242;245m▄[38;2;238;243;246m▄▄[38;2;237;242;245m▄▄▄▄[38;2;238;243;246m▄▄[38;2;237;242;245m▄[48;2;236;243;244m[38;2;236;243;244m▄[38;2;236;243;243m▄[48;2;236;241;244m[38;2;237;242;245m▄[48;2;237;241;245m[38;2;238;241;245m▄[48;2;235;241;245m[38;2;236;242;245m▄[48;2;234;242;242m[38;2;237;242;240m▄[48;2;240;244;241m[38;2;247;247;241m▄[48;2;244;241;237m[38;2;215;207;199m▄[48;2;159;149;140m[38;2;116;101;88m▄[48;2;108;90;73m[38;2;165;145;127m▄[48;2;208;190;175m[38;2;219;201;185m▄[48;2;217;200;188m[38;2;198;183;168m▄[48;2;199;183;170m[38;2;215;198;185m▄[48;2;210;193;180m[38;2;161;139;126m▄[48;2;163;142;125m[38;2;94;69;54m▄[48;2;111;83;64m[38;2;139;110;92m▄[48;2;121;90;71m[38;2;176;148;129m▄[48;2;153;120;103m[38;2;168;145;128m▄[48;2;151;121;106m[38;2;127;104;90m▄[48;2;138;111;99m[38;2;90;66;55m▄[48;2;111;88;78m[38;2;70;43;35m▄[48;2;85;62;52m[38;2;74;45;37m▄[48;2;77;53;42m[38;2;99;67;57m▄[48;2;105;80;66m[38;2;127;93;80m▄[48;2;158;131;115m[38;2;161;124;109m▄[48;2;127;98;82m[38;2;141;99;85m▄[48;2;113;85;71m[38;2;110;71;58m▄[48;2;119;93;81m[38;2;85;52;41m▄[48;2;123;98;88m[38;2;74;45;36m▄[48;2;121;97;87m[38;2;63;38;29m▄[48;2;123;96;86m[38;2;56;33;24m▄[48;2;130;102;92m[38;2;67;44;35m▄[48;2;134;106;94m[38;2;112;88;77m▄[48;2;117;90;76m[38;2;150;122;110m▄[48;2;95;69;56m[38;2;123;96;85m▄[48;2;79;56;45m[38;2;92;69;60m▄[48;2;147;128;118m[38;2;61;39;32m▄[48;2;190;172;162m[38;2;132;112;104m▄[48;2;169;153;143m[38;2;180;162;151m▄[48;2;157;140;129m[38;2;159;140;129m▄[48;2;168;153;139m[38;2;149;131;117m▄[48;2;190;174;160m[38;2;193;176;160m▄[48;2;121;108;96m[38;2;156;140;126m▄[48;2;145;137;129m[38;2;109;97;86m▄[48;2;236;233;230m[38;2;188;180;173m▄[48;2;239;240;241m[38;2;253;251;248m▄[48;2;232;238;241m[38;2;232;236;237m▄[48;2;231;238;244m[38;2;230;239;243m▄[48;2;230;238;243m[38;2;230;238;243m▄[48;2;232;237;240m[38;2;232;237;239m▄▄[48;2;232;237;239m[38;2;231;236;238m▄▄▄▄▄[48;2;231;238;239m▄[48;2;230;238;239m▄[48;2;229;237;239m▄[48;2;229;237;238m[38;2;230;235;237m▄▄[48;2;228;236;237m[38;2;229;234;236m▄▄▄▄[48;2;229;237;238m▄▄▄[48;2;229;236;238m▄[48;2;227;235;237m▄[48;2;227;235;236m▄▄[48;2;227;235;237m[38;2;228;234;237m▄[48;2;227;235;238m[38;2;228;235;238m▄▄[48;2;226;234;237m▄[38;2;227;235;238m▄[48;2;227;235;238m[38;2;227;234;237m▄[48;2;226;234;237m▄▄[48;2;227;234;237m[38;2;227;234;236m▄[48;2;227;233;235m[38;2;228;233;235m▄[48;2;227;232;235m[38;2;227;232;234m▄[48;2;227;232;234m▄▄[48;2;226;231;234m▄▄[48;2;227;232;234m[38;2;226;231;233m▄[38;2;227;232;234m▄[48;2;226;232;233m[38;2;227;233;234m▄[48;2;226;231;233m[38;2;227;232;234m▄[48;2;225;231;233m▄[38;2;226;231;233m▄[48;2;226;231;233m▄[48;2;225;231;233m[38;2;226;230;233m▄[48;2;224;230;231m[38;2;225;230;232m▄[48;2;223;230;232m[38;2;224;231;232m▄[48;2;223;231;232m[38;2;222;230;231m▄[0m
[48;2;120;126;95m[38;2;82;87;54m▄[48;2;101;108;74m[38;2;83;90;52m▄[48;2;141;147;121m[38;2;118;124;95m▄[48;2;208;213;200m[38;2;205;209;196m▄[48;2;244;247;247m[38;2;233;234;235m▄[48;2;241;243;248m[38;2;236;237;239m▄[48;2;238;242;243m[38;2;245;247;246m▄[48;2;240;244;245m[38;2;244;248;249m▄[48;2;241;245;245m[38;2;242;246;248m▄[48;2;240;244;245m[38;2;241;245;246m▄▄[38;2;240;244;245m▄▄▄▄▄▄▄▄[48;2;241;245;246m▄[48;2;238;242;243m[38;2;238;242;243m▄▄[48;2;240;244;245m[38;2;239;243;244m▄[48;2;238;242;245m[38;2;239;243;246m▄▄[38;2;238;242;245m▄▄▄▄▄▄[38;2;237;241;243m▄[38;2;237;241;244m▄[38;2;238;242;245m▄▄▄▄▄▄[48;2;237;242;245m▄▄[38;2;237;241;244m▄[38;2;237;241;243m▄[48;2;238;243;246m[38;2;238;242;245m▄[48;2;238;242;245m▄[48;2;237;242;245m▄[38;2;238;242;244m▄[38;2;238;242;245m▄▄▄▄[38;2;237;241;243m▄[38;2;238;241;244m▄[38;2;238;242;245m▄[48;2;238;242;245m▄[48;2;237;242;245m▄▄▄▄[48;2;238;242;245m▄[48;2;237;242;245m▄[38;2;237;241;244m▄[48;2;236;242;244m[38;2;236;241;243m▄[48;2;235;242;242m[38;2;234;241;241m▄[48;2;236;241;244m[38;2;235;240;243m▄[48;2;237;240;245m[38;2;236;239;244m▄[48;2;236;240;242m[38;2;235;239;241m▄[48;2;238;241;237m[38;2;245;247;243m▄[48;2;245;242;233m[38;2;214;209;199m▄[48;2;172;159;147m[38;2;124;108;94m▄[48;2;115;96;82m[38;2;140;119;104m▄[48;2;199;180;164m[38;2;210;192;180m▄[48;2;194;177;161m[38;2;197;182;167m▄[48;2;208;192;176m[38;2;180;165;147m▄[48;2;170;151;137m[38;2;93;71;54m▄[48;2;98;72;60m[38;2;101;71;57m▄[48;2;118;89;76m[38;2;130;98;87m▄[48;2;155;127;111m[38;2;123;97;85m▄[48;2;133;109;93m[38;2;50;28;19m▄[48;2;79;59;45m[38;2;37;10;2m▄[48;2;48;24;10m[38;2;72;39;24m▄[48;2;55;24;10m[38;2;122;80;61m▄[48;2;82;47;33m[38;2;160;111;90m▄[48;2;115;76;62m[38;2;179;127;104m▄[48;2;141;100;86m[38;2;197;148;124m▄[48;2;161;119;103m[38;2;208;162;138m▄[48;2;173;127;110m[38;2;208;160;136m▄[48;2;181;129;112m[38;2;200;146;121m▄[48;2;160;111;94m[38;2;187;132;106m▄[48;2;124;79;63m[38;2;181;125;99m▄[48;2;102;62;47m[38;2;169;116;91m▄[48;2;81;48;33m[38;2;150;101;80m▄[48;2;59;30;19m[38;2;122;79;63m▄[48;2;41;17;6m[38;2;84;48;35m▄[48;2;44;21;11m[38;2;51;23;14m▄[48;2;84;60;51m[38;2;37;18;12m▄[48;2;127;105;96m[38;2;72;53;48m▄[48;2;92;70;63m[38;2;88;70;65m▄[48;2;83;64;57m[38;2;67;51;44m▄[48;2;56;37;29m[38;2;84;67;59m▄[48;2;134;115;105m[38;2;56;37;27m▄[48;2;183;163;152m[38;2;145;125;113m▄[48;2;146;127;114m[38;2;177;158;145m▄[48;2;152;134;118m[38;2;137;120;105m▄[48;2;181;165;149m[38;2;170;153;137m▄[48;2;116;101;87m[38;2;155;138;123m▄[48;2;129;118;107m[38;2;117;102;89m▄[48;2;236;231;225m[38;2;181;173;164m▄[48;2;241;241;240m[38;2;250;248;245m▄[48;2;230;237;240m[38;2;237;240;242m▄[48;2;229;238;241m[38;2;230;237;239m▄[48;2;232;237;239m[38;2;232;237;239m▄▄[48;2;231;236;238m[38;2;231;236;238m▄▄▄▄▄▄▄[48;2;230;235;237m[38;2;230;235;237m▄▄[48;2;229;234;236m[38;2;229;234;236m▄▄▄▄▄▄▄▄▄[38;2;229;233;235m▄▄▄▄[38;2;229;234;236m▄▄[48;2;228;233;236m[38;2;228;233;235m▄[48;2;228;233;235m▄▄▄[38;2;227;232;234m▄[48;2;227;233;235m▄[48;2;227;232;234m▄[38;2;226;231;233m▄▄[38;2;227;232;234m▄[38;2;228;233;235m▄[38;2;227;232;234m▄[48;2;226;231;233m[38;2;227;231;234m▄[48;2;226;232;233m[38;2;226;231;233m▄[48;2;227;233;233m[38;2;226;232;231m▄[48;2;226;232;232m[38;2;225;231;231m▄▄▄[48;2;225;231;231m▄▄[48;2;224;231;230m[38;2;224;230;230m▄[48;2;224;230;231m[38;2;225;230;231m▄[48;2;224;230;232m[38;2;225;230;232m▄[0m
[48;2;42;48;24m[38;2;69;78;63m▄[48;2;72;78;47m[38;2;67;71;54m▄[48;2;122;126;99m[38;2;90;92;73m▄[48;2;200;203;187m[38;2;183;183;166m▄[48;2;233;234;230m[38;2;216;218;204m▄[48;2;235;237;237m[38;2;217;221;212m▄[48;2;247;250;249m[38;2;171;177;170m▄[48;2;230;235;232m[38;2;140;147;137m▄[48;2;239;244;242m[38;2;225;231;224m▄[48;2;244;248;248m[38;2;247;251;250m▄[48;2;243;247;249m[38;2;240;244;248m▄[48;2;240;244;246m[38;2;240;243;249m▄[38;2;242;243;249m▄[48;2;240;243;245m[38;2;241;242;245m▄[48;2;240;244;245m[38;2;241;242;243m▄[48;2;240;244;244m[38;2;241;243;242m▄▄[38;2;240;242;241m▄[48;2;240;243;243m▄[48;2;238;242;242m▄[48;2;240;243;243m▄[48;2;239;242;242m[38;2;239;241;240m▄[48;2;237;241;241m▄[48;2;239;242;244m[38;2;240;241;242m▄[48;2;239;242;245m▄▄[48;2;239;242;244m▄[48;2;238;242;244m▄[38;2;240;241;241m▄[48;2;238;241;244m[38;2;239;240;241m▄▄[48;2;237;241;243m▄▄▄[48;2;238;241;244m▄▄▄▄▄▄▄[48;2;237;241;243m[38;2;238;239;240m▄[48;2;237;240;242m▄[48;2;238;241;243m▄▄[48;2;237;240;243m▄[48;2;237;241;242m[38;2;237;240;240m▄[48;2;237;242;244m[38;2;236;241;241m▄[48;2;237;241;243m[38;2;235;240;241m▄▄[48;2;237;242;244m[38;2;236;241;241m▄[48;2;237;241;243m[38;2;237;242;243m▄[48;2;236;240;242m[38;2;234;239;240m▄[48;2;236;241;242m[38;2;235;240;241m▄[48;2;238;242;244m[38;2;238;243;243m▄[48;2;238;241;243m[38;2;238;239;241m▄[48;2;238;241;244m▄[38;2;239;240;242m▄▄[48;2;237;240;242m[38;2;237;238;240m▄▄▄[48;2;236;240;241m[38;2;237;238;238m▄[48;2;235;241;240m[38;2;238;239;237m▄[48;2;235;240;242m[38;2;235;239;240m▄[48;2;235;239;243m[38;2;232;238;240m▄[48;2;234;237;237m[38;2;239;240;239m▄[48;2;243;241;235m[38;2;233;226;218m▄[48;2;172;162;151m[38;2;146;130;117m▄[48;2;99;81;65m[38;2;124;104;87m▄[48;2;181;160;143m[38;2;199;180;163m▄[48;2;203;186;173m[38;2;209;192;176m▄[48;2;204;190;176m[38;2;147;130;116m▄[48;2;105;90;73m[38;2;72;54;41m▄[48;2;79;57;40m[38;2;70;49;37m▄[48;2;91;61;47m[38;2;97;71;60m▄[48;2;124;94;82m[38;2;91;64;53m▄[48;2;63;40;31m[38;2;46;22;16m▄[48;2;35;10;2m[38;2;67;34;23m▄[48;2;87;48;32m[38;2;133;80;54m▄[48;2;137;93;73m[38;2;184;131;105m▄[48;2;179;130;106m[38;2;216;166;138m▄[48;2;203;151;124m[38;2;223;175;147m▄[48;2;215;162;132m[38;2;225;179;151m▄[48;2;227;175;146m[38;2;227;181;153m▄[48;2;226;179;150m[38;2;224;177;149m▄[48;2;221;173;144m[38;2;218;168;139m▄[48;2;215;160;130m[38;2;217;163;133m▄[48;2;209;151;121m[38;2;215;160;130m▄[48;2;208;149;119m[38;2;213;157;128m▄[48;2;202;144;114m[38;2;212;157;127m▄[48;2;191;134;107m[38;2;206;151;121m▄[48;2;171;118;95m[38;2;197;142;112m▄[48;2;142;92;71m[38;2;186;130;100m▄[48;2;91;53;38m[38;2;143;92;67m▄[48;2;45;23;16m[38;2;82;45;34m▄[48;2;44;27;22m[38;2;47;24;20m▄[48;2;64;51;48m[38;2;42;32;32m▄[48;2;56;43;39m[38;2;56;48;47m▄[48;2;61;46;38m[38;2;39;26;20m▄[48;2;88;69;59m[38;2;63;45;37m▄[48;2;86;64;55m[38;2;74;54;48m▄[48;2;168;149;138m[38;2;111;93;84m▄[48;2;175;158;144m[38;2;177;159;144m▄[48;2;158;140;125m[38;2;164;145;128m▄[48;2;162;145;128m[38;2;157;139;120m▄[48;2;130;114;99m[38;2;128;111;93m▄[48;2;127;117;106m[38;2;125;113;99m▄[48;2;219;214;209m[38;2;161;154;146m▄[48;2;242;243;243m[38;2;240;237;235m▄[48;2;231;236;238m[38;2;237;239;240m▄[48;2;232;238;239m[38;2;231;238;239m▄[48;2;232;237;239m[38;2;232;238;239m▄[48;2;231;237;238m[38;2;232;238;238m▄[38;2;232;237;238m▄[48;2;232;236;238m[38;2;233;237;238m▄[48;2;231;236;238m[38;2;231;236;237m▄[48;2;231;236;237m[38;2;230;235;236m▄▄[48;2;231;235;237m[38;2;231;235;236m▄▄[48;2;230;234;236m[38;2;230;234;235m▄▄[48;2;230;234;235m[38;2;229;233;234m▄▄▄▄[48;2;230;234;236m[38;2;228;233;235m▄[38;2;229;233;235m▄[38;2;230;234;236m▄[38;2;229;233;235m▄[48;2;228;233;235m[38;2;227;232;234m▄[48;2;229;233;235m[38;2;228;233;235m▄▄▄[48;2;229;234;236m[38;2;229;233;235m▄[48;2;228;233;235m[38;2;228;232;234m▄▄[48;2;228;232;234m[38;2;227;231;233m▄[48;2;228;233;235m[38;2;228;232;234m▄▄[48;2;227;232;234m▄▄[48;2;227;232;233m[38;2;229;233;234m▄[48;2;227;231;233m[38;2;228;232;233m▄▄[48;2;227;232;233m[38;2;227;231;232m▄[48;2;227;232;234m[38;2;226;230;231m▄[48;2;227;231;233m▄▄[48;2;226;231;232m▄[48;2;225;230;231m[38;2;225;229;230m▄▄[48;2;224;230;230m[38;2;224;228;229m▄▄[48;2;225;230;231m[38;2;225;229;230m▄[48;2;224;230;230m▄▄[48;2;225;229;231m[38;2;225;228;231m▄[48;2;225;229;232m[38;2;225;227;231m▄[0m
[48;2;140;149;134m[38;2;157;165;154m▄[48;2;181;186;172m[38;2;178;185;170m▄[48;2;175;177;163m[38;2;226;232;212m▄[48;2;199;200;184m[38;2;204;210;186m▄[48;2;180;185;164m[38;2;132;141;114m▄[48;2;105;114;88m[38;2;94;106;77m▄[48;2;89;100;74m[38;2;91;102;76m▄[48;2;151;157;144m[38;2;116;123;110m▄[48;2;236;241;234m[38;2;180;186;177m▄[48;2;245;250;248m[38;2;239;244;239m▄[48;2;241;245;247m[38;2;244;247;245m▄[48;2;241;243;247m[38;2;241;243;243m▄[48;2;241;243;246m[38;2;242;244;244m▄[48;2;241;242;243m[38;2;241;243;241m▄▄[48;2;241;243;242m[38;2;241;242;241m▄[48;2;240;243;242m▄[48;2;240;242;241m[38;2;240;241;240m▄[38;2;240;241;239m▄[38;2;241;242;241m▄[38;2;240;241;240m▄[48;2;239;241;240m[38;2;240;241;239m▄[38;2;240;241;240m▄[48;2;240;242;241m[38;2;241;241;241m▄▄▄▄[38;2;240;241;241m▄[48;2;239;241;240m[38;2;240;240;240m▄[38;2;239;240;239m▄[48;2;239;241;239m[38;2;238;239;239m▄[48;2;239;241;240m[38;2;238;240;239m▄▄▄▄[38;2;239;240;239m▄[38;2;238;240;239m▄[38;2;239;241;240m▄▄[38;2;238;240;239m▄[48;2;239;241;239m▄[48;2;238;240;239m▄▄[38;2;237;239;238m▄▄▄[48;2;237;240;239m▄[48;2;237;240;240m[38;2;238;239;238m▄[48;2;236;240;240m[38;2;238;238;238m▄[48;2;236;239;239m[38;2;237;238;238m▄▄[48;2;237;240;240m▄[38;2;240;241;241m▄[48;2;237;241;241m[38;2;240;240;240m▄[48;2;237;241;240m[38;2;237;238;237m▄[48;2;238;239;240m[38;2;238;238;238m▄[38;2;238;239;238m▄[48;2;238;240;240m[38;2;239;239;239m▄▄[48;2;238;239;240m▄▄▄[48;2;238;239;239m[38;2;238;238;238m▄[48;2;237;238;237m[38;2;235;236;235m▄[48;2;235;239;239m[38;2;236;239;238m▄[48;2;235;239;240m[38;2;239;242;241m▄[48;2;245;244;241m[38;2;244;241;235m▄[48;2;208;198;189m[38;2;172;160;149m▄[48;2;111;93;78m[38;2;111;92;76m▄[48;2;144;122;106m[38;2;159;138;121m▄[48;2;203;183;166m[38;2;208;188;172m▄[48;2;191;172;157m[38;2;159;139;123m▄[48;2;80;60;43m[38;2;74;51;34m▄[48;2;64;43;30m[38;2;110;86;72m▄[48;2;96;76;67m[38;2;100;83;76m▄[48;2;66;46;40m[38;2;32;18;16m▄[48;2;57;32;25m[38;2;43;21;16m▄[48;2;58;29;19m[38;2;73;37;24m▄[48;2;104;63;46m[38;2;137;86;62m▄[48;2;166;110;81m[38;2;184;124;91m▄[48;2;211;156;126m[38;2;207;150;116m▄[48;2;228;176;146m[38;2;217;161;128m▄[48;2;225;176;146m[38;2;216;164;132m▄[48;2;224;176;146m[38;2;214;163;131m▄[48;2;219;170;142m[38;2;210;159;130m▄[48;2;217;168;141m[38;2;209;159;131m▄[48;2;213;163;134m[38;2;206;154;126m▄[48;2;210;156;126m[38;2;202;149;118m▄[48;2;212;157;127m[38;2;200;146;116m▄[48;2;207;153;122m[38;2;199;144;114m▄[48;2;204;149;119m[38;2;198;141;112m▄[48;2;205;148;119m[38;2;197;140;111m▄[48;2;201;145;115m[38;2;193;135;106m▄[48;2;195;139;110m[38;2;188;128;100m▄[48;2;171;115;90m[38;2;171;114;87m▄[48;2;123;74;61m[38;2;135;85;66m▄[48;2;65;32;27m[38;2;86;51;39m▄[48;2;33;16;16m[38;2;40;20;16m▄[48;2;50;41;41m[38;2;33;23;23m▄[48;2;69;60;56m[38;2;84;73;72m▄[48;2;38;26;18m[38;2;97;82;77m▄[48;2;40;25;16m[38;2;68;47;39m▄[48;2;60;43;33m[38;2;43;19;9m▄[48;2;157;139;124m[38;2;90;71;56m▄[48;2;164;144;126m[38;2;154;134;117m▄[48;2;168;148;129m[38;2;170;150;131m▄[48;2;123;105;86m[38;2;140;121;101m▄[48;2;137;123;108m[38;2;118;101;84m▄[48;2;127;117;107m[38;2;130;116;103m▄[48;2;210;204;198m[38;2;169;158;148m▄[48;2;243;242;240m[38;2;245;240;235m▄[48;2;230;236;235m[38;2;232;234;233m▄[48;2;232;237;236m[38;2;232;236;234m▄[48;2;231;236;236m[38;2;232;235;234m▄[48;2;232;236;237m[38;2;231;235;236m▄[48;2;231;235;236m[38;2;231;235;234m▄[48;2;231;235;235m[38;2;230;234;233m▄[48;2;230;234;234m[38;2;230;234;232m▄[38;2;230;233;233m▄[48;2;230;234;235m[38;2;230;234;233m▄[38;2;230;233;233m▄[48;2;229;233;234m[38;2;229;232;232m▄▄[48;2;228;233;234m[38;2;228;232;231m▄▄[38;2;228;232;232m▄[38;2;228;231;232m▄[48;2;228;232;234m[38;2;229;230;232m▄[48;2;229;232;234m[38;2;229;231;233m▄[48;2;229;233;235m[38;2;229;232;234m▄[48;2;228;233;234m[38;2;228;232;233m▄[48;2;228;232;233m[38;2;227;231;232m▄[48;2;227;231;233m▄[48;2;227;232;234m[38;2;226;231;232m▄[38;2;227;231;232m▄[48;2;228;232;234m[38;2;228;231;232m▄[48;2;227;232;233m[38;2;227;230;232m▄[48;2;227;231;233m[38;2;227;230;231m▄[38;2;226;229;231m▄[48;2;228;232;233m[38;2;227;230;232m▄▄[48;2;227;232;233m▄[38;2;227;231;231m▄[48;2;228;232;232m[38;2;228;232;230m▄[38;2;228;231;230m▄[48;2;227;232;231m▄[48;2;227;231;231m▄▄▄▄[48;2;226;230;231m[38;2;227;230;230m▄[48;2;225;229;230m[38;2;226;228;230m▄▄[48;2;224;228;229m[38;2;225;227;229m▄▄▄▄▄[48;2;225;227;229m[38;2;224;227;227m▄[38;2;224;227;225m▄[0m
[48;2;134;142;134m[38;2;84;96;83m▄[48;2;71;80;64m[38;2;78;90;78m▄[48;2;86;95;73m[38;2;138;149;138m▄[48;2;88;97;73m[38;2;153;161;151m▄[48;2;106;115;93m[38;2;131;140;129m▄[48;2;148;159;141m[38;2;156;165;155m▄[48;2;145;155;141m[38;2;163;170;161m▄[48;2;130;136;125m[38;2;201;206;199m▄[48;2;166;172;163m[38;2;228;232;226m▄[48;2;243;247;242m[38;2;244;246;242m▄[48;2;243;245;242m[38;2;241;243;240m▄[48;2;241;242;241m[38;2;239;242;239m▄[48;2;241;243;241m[38;2;241;242;239m▄[48;2;241;242;239m[38;2;241;240;239m▄[48;2;240;241;239m[38;2;240;240;238m▄[48;2;240;240;238m[38;2;238;238;236m▄[38;2;239;239;237m▄[48;2;238;238;236m[38;2;240;240;238m▄[48;2;237;237;235m[38;2;239;239;237m▄[48;2;240;240;238m[38;2;238;238;236m▄[48;2;239;239;237m▄[38;2;237;237;235m▄▄[48;2;239;239;238m[38;2;238;238;235m▄[48;2;239;239;239m▄▄▄[48;2;239;239;238m▄[38;2;238;239;235m▄[38;2;239;240;236m▄▄[48;2;238;240;238m[38;2;238;239;236m▄▄▄▄[38;2;239;240;236m▄[38;2;238;240;236m▄[48;2;237;239;237m[38;2;238;239;235m▄▄▄▄[48;2;237;240;238m[38;2;237;238;234m▄[48;2;237;239;237m[38;2;236;238;234m▄[38;2;237;238;234m▄[38;2;237;238;235m▄[38;2;237;239;235m▄[38;2;238;239;235m▄[48;2;238;237;236m[38;2;237;237;235m▄▄▄▄▄[48;2;239;239;238m▄[48;2;239;238;238m▄[48;2;238;237;236m▄[48;2;237;237;236m▄▄[48;2;238;238;237m▄▄▄▄▄[48;2;237;237;236m[38;2;236;236;234m▄[48;2;237;239;236m[38;2;232;235;231m▄[48;2;237;239;238m[38;2;236;238;235m▄[48;2;247;246;244m[38;2;248;245;241m▄[48;2;228;220;212m[38;2;198;188;177m▄[48;2;141;126;111m[38;2;145;125;109m▄[48;2;115;94;77m[38;2;117;93;75m▄[48;2;171;149;132m[38;2;176;153;136m▄[48;2;196;176;160m[38;2;174;154;139m▄[48;2;123;102;86m[38;2;88;68;55m▄[48;2;92;69;52m[38;2;89;68;55m▄[48;2;110;87;74m[38;2;77;56;47m▄[48;2;70;52;48m[38;2;49;32;28m▄[48;2;30;16;16m[38;2;41;22;19m▄[48;2;44;20;16m[38;2;57;26;17m▄[48;2;96;52;35m[38;2;122;71;49m▄[48;2;159;100;70m[38;2;177;114;82m▄[48;2;181;118;82m[38;2;184;121;86m▄[48;2;197;136;100m[38;2;190;129;94m▄[48;2;202;144;109m[38;2;196;138;103m▄[48;2;202;146;112m[38;2;195;139;105m▄[48;2;200;147;114m[38;2;195;139;106m▄[48;2;200;147;117m[38;2;196;140;109m▄[48;2;198;145;116m[38;2;195;139;109m▄[38;2;196;138;109m▄[48;2;195;140;111m[38;2;189;132;102m▄[48;2;193;138;108m[38;2;193;135;105m▄[48;2;191;134;105m[38;2;192;134;104m▄[48;2;189;131;102m[38;2;190;131;102m▄[48;2;189;130;102m[38;2;191;132;103m▄[48;2;185;125;98m[38;2;187;128;99m▄[48;2;178;117;89m[38;2;176;117;88m▄[48;2;159;102;73m[38;2;164;103;75m▄[48;2;135;86;60m[38;2;148;90;63m▄[48;2;110;73;53m[38;2;132;83;61m▄[48;2;54;30;20m[38;2;76;40;26m▄[48;2;32;18;15m[38;2;35;12;6m▄[48;2;44;30;32m[38;2;33;19;19m▄[48;2;88;71;69m[38;2;37;26;23m▄[48;2;116;89;84m[38;2;63;48;41m▄[48;2;111;84;75m[38;2;102;83;75m▄[48;2;73;53;40m[38;2;101;81;72m▄[48;2;122;103;88m[38;2;98;80;68m▄[48;2;154;134;117m[38;2;130;111;96m▄[48;2;135;115;97m[38;2;115;96;79m▄[48;2;102;84;65m[38;2;89;70;52m▄[48;2;138;120;105m[38;2;137;118;102m▄[48;2;128;112;99m[38;2;137;119;103m▄[48;2;220;210;201m[38;2;171;158;147m▄[48;2;241;239;236m[38;2;245;241;236m▄[48;2;230;230;228m[38;2;231;229;226m▄[48;2;232;234;233m[38;2;233;233;232m▄[48;2;231;235;235m[38;2;231;235;233m▄[48;2;230;234;233m[38;2;229;233;233m▄[48;2;231;233;233m[38;2;231;232;231m▄[48;2;230;232;231m[38;2;231;231;229m▄[38;2;232;231;228m▄[38;2;231;231;230m▄▄[48;2;229;232;231m[38;2;230;231;230m▄[38;2;230;231;229m▄[38;2;230;231;230m▄[38;2;230;231;229m▄[48;2;229;232;230m[38;2;230;230;229m▄[48;2;229;230;230m▄[38;2;230;230;230m▄[48;2;230;230;231m▄▄[48;2;229;231;231m▄[48;2;227;230;230m[38;2;229;230;230m▄[48;2;228;232;231m[38;2;229;232;230m▄[38;2;229;232;231m▄▄[48;2;228;230;230m[38;2;228;231;230m▄[48;2;229;231;231m[38;2;228;232;230m▄[48;2;228;231;231m[38;2;229;232;231m▄[38;2;228;232;230m▄[48;2;228;230;230m[38;2;227;231;229m▄▄▄[48;2;228;231;230m[38;2;228;231;230m▄▄[48;2;227;230;229m[38;2;227;230;229m▄[38;2;226;229;228m▄▄▄[38;2;225;228;227m▄▄[48;2;226;229;229m▄[48;2;226;228;228m▄▄[48;2;225;227;227m▄▄[38;2;224;227;226m▄▄▄[48;2;224;227;226m[38;2;224;226;224m▄[48;2;224;227;224m[38;2;225;225;223m▄[0m
[48;2;62;78;64m[38;2;129;147;137m▄[48;2;77;91;82m[38;2;106;123;111m▄[48;2;155;168;163m[38;2;39;54;41m▄[48;2;126;136;131m[38;2;53;65;50m▄[48;2;85;93;87m[38;2;71;79;66m▄[48;2;112;119;109m[38;2;147;153;141m▄[48;2;115;121;110m[38;2;214;218;207m▄[48;2;152;155;151m[38;2;220;222;220m▄[48;2;185;187;184m[38;2;215;217;215m▄[48;2;238;240;237m[38;2;233;236;233m▄[48;2;243;245;242m[38;2;241;242;239m▄[48;2;241;242;240m[38;2;241;241;239m▄[48;2;241;241;239m[38;2;241;240;238m▄[48;2;240;240;238m[38;2;240;240;239m▄[48;2;240;240;239m[38;2;239;239;239m▄[48;2;237;237;236m[38;2;245;245;243m▄[48;2;238;238;236m[38;2;249;249;247m▄[48;2;239;239;237m[38;2;249;249;246m▄[48;2;239;239;238m▄[48;2;237;237;235m[38;2;249;250;247m▄[48;2;236;236;234m[38;2;250;250;248m▄[48;2;237;236;235m[38;2;247;247;245m▄[48;2;237;238;235m[38;2;241;241;238m▄[48;2;237;238;233m[38;2;236;237;232m▄[38;2;237;238;233m▄▄▄[48;2;238;239;234m[38;2;238;239;234m▄▄▄▄▄▄▄▄▄▄▄▄▄[38;2;237;238;233m▄[48;2;237;238;233m▄▄[38;2;236;237;232m▄▄[38;2;237;238;233m▄▄[48;2;237;238;234m▄▄▄▄▄▄▄▄[48;2;237;237;234m[38;2;236;237;232m▄▄▄[48;2;237;238;234m▄▄▄▄[48;2;237;238;235m[38;2;235;237;233m▄[48;2;234;237;234m[38;2;236;237;236m▄[48;2;241;242;239m[38;2;247;246;242m▄[48;2;238;233;227m[38;2;212;205;198m▄[48;2;169;156;143m[38;2;151;136;121m▄[48;2;147;125;107m[38;2;147;125;104m▄[48;2;112;88;68m[38;2;114;89;68m▄[48;2;172;150;133m[38;2;170;147;129m▄[48;2;138;119;105m[38;2;107;88;74m▄[48;2;64;47;37m[38;2;46;32;23m▄[48;2;59;42;35m[38;2;36;24;20m▄[48;2;50;33;28m[38;2;50;36;34m▄[48;2;45;26;21m[38;2;65;45;40m▄[48;2;51;23;16m[38;2;63;29;16m▄[48;2;82;42;26m[38;2;123;75;54m▄[48;2;155;99;73m[38;2;173;115;87m▄[48;2;186;122;91m[38;2;197;135;104m▄[48;2;190;129;95m[38;2;207;149;116m▄[48;2;195;136;102m[38;2;212;155;122m▄[48;2;208;151;116m[38;2;213;157;124m▄[48;2;209;153;119m▄[48;2;204;147;115m[38;2;208;151;118m▄[48;2;200;142;110m[38;2;202;142;110m▄[48;2;196;136;107m[38;2;197;135;103m▄[48;2;192;131;102m[38;2;190;126;96m▄[48;2;194;132;103m[38;2;195;130;102m▄[48;2;199;138;109m[38;2;200;136;108m▄[48;2;202;141;112m[38;2;203;140;112m▄[48;2;204;143;114m[38;2;203;142;113m▄[48;2;205;146;116m[38;2;202;143;114m▄[48;2;198;140;109m[38;2;197;140;110m▄[48;2;189;131;101m[38;2;194;139;108m▄[48;2;181;121;92m[38;2;193;138;108m▄[48;2;173;110;83m[38;2;194;138;110m▄[48;2;146;88;63m[38;2;181;125;97m▄[48;2;109;62;43m[38;2;149;99;75m▄[48;2;60;28;17m[38;2;103;65;51m▄[48;2;32;16;12m[38;2;52;31;26m▄[48;2;33;24;23m[38;2;44;30;31m▄[48;2;30;22;18m[38;2;49;35;36m▄[48;2;34;22;15m[38;2;45;30;27m▄[48;2;51;33;26m[38;2;43;27;21m▄[48;2;72;55;46m[38;2;46;31;23m▄[48;2;127;110;97m[38;2;114;99;88m▄[48;2;117;99;84m[38;2;131;114;100m▄[48;2;95;76;59m[38;2;99;81;64m▄[48;2;128;109;92m[38;2;118;98;81m▄[48;2;146;126;107m[38;2;140;118;99m▄[48;2;135;118;105m[38;2;127;110;95m▄[48;2;209;202;196m[38;2;161;151;144m▄[48;2;243;240;235m[38;2;243;238;233m▄[48;2;229;229;227m[38;2;232;232;229m▄[48;2;229;232;231m[38;2;229;231;231m▄[48;2;229;233;232m[38;2;229;231;232m▄[48;2;230;232;230m[38;2;230;231;230m▄[48;2;231;230;228m[38;2;231;229;228m▄[38;2;232;230;227m▄[48;2;231;231;229m[38;2;230;230;228m▄[48;2;230;230;228m▄▄[38;2;229;229;227m▄[38;2;230;230;228m▄[38;2;229;229;227m▄▄▄[48;2;230;230;229m[38;2;230;229;227m▄▄▄[38;2;229;229;227m▄▄[48;2;229;230;229m▄[48;2;228;231;229m[38;2;230;230;228m▄▄[38;2;229;229;227m▄[38;2;229;230;227m▄[38;2;230;231;228m▄▄[48;2;227;230;228m[38;2;229;230;227m▄▄▄[38;2;229;229;227m▄[48;2;227;230;227m[38;2;228;228;226m▄[48;2;227;229;227m[38;2;227;227;225m▄[48;2;225;228;226m▄[38;2;226;226;224m▄▄[48;2;224;227;225m▄[48;2;225;227;225m[38;2;225;225;223m▄[48;2;225;227;226m[38;2;225;226;224m▄[48;2;225;228;227m[38;2;226;226;226m▄▄▄[38;2;225;226;226m▄[48;2;224;227;226m▄[38;2;226;226;226m▄[38;2;225;225;224m▄[48;2;225;226;225m[38;2;226;226;226m▄[48;2;225;224;224m[38;2;228;228;229m▄[0m
[48;2;209;222;208m[38;2;113;123;107m▄[48;2;182;191;174m[38;2;113;120;101m▄[48;2;106;112;90m[38;2;166;171;147m▄[48;2;166;168;145m[38;2;201;202;176m▄[48;2;176;177;154m[38;2;170;172;143m▄[48;2;143;145;122m[38;2;142;145;114m▄[48;2;199;201;181m[38;2;172;174;147m▄[48;2;243;245;237m[38;2;173;173;162m▄[48;2;252;253;247m[38;2;207;207;197m▄[48;2;241;242;236m[38;2;241;241;233m▄[48;2;238;239;236m[38;2;245;244;242m▄[48;2;240;240;239m[38;2;241;240;243m▄[48;2;241;241;241m[38;2;243;241;245m▄[48;2;241;241;240m[38;2;249;248;245m▄[48;2;244;244;239m[38;2;224;224;214m▄[48;2;225;224;211m[38;2;147;148;125m▄[48;2;181;180;164m[38;2;104;105;79m▄[48;2;167;165;147m[38;2;119;121;94m▄[48;2;162;162;143m[38;2;103;107;80m▄[48;2;178;179;162m[38;2;98;104;80m▄[48;2;174;176;163m[38;2;109;114;96m▄[48;2;205;208;202m[38;2;121;127;115m▄[48;2;243;246;241m[38;2;206;212;204m▄[48;2;243;244;237m[38;2;231;233;226m▄[48;2;238;239;232m[38;2;237;238;231m▄[48;2;236;237;231m[38;2;239;240;234m▄[38;2;238;239;233m▄[38;2;236;237;231m▄[48;2;236;237;232m[38;2;237;238;232m▄[48;2;236;238;233m▄[38;2;237;238;233m▄[48;2;237;239;234m[38;2;238;239;233m▄▄▄▄▄[48;2;236;238;233m[38;2;237;238;232m▄▄[48;2;236;237;232m[38;2;236;237;231m▄[48;2;236;237;230m▄[38;2;236;237;232m▄[38;2;236;237;233m▄▄[48;2;235;236;229m[38;2;235;235;232m▄[48;2;236;237;231m[38;2;236;236;233m▄▄[48;2;236;237;232m[38;2;237;237;234m▄[38;2;236;237;233m▄[38;2;236;237;232m▄▄▄▄▄▄[48;2;236;237;233m▄[48;2;235;237;234m[38;2;236;237;233m▄▄[48;2;236;236;233m[38;2;236;236;232m▄[48;2;236;237;232m[38;2;235;236;231m▄[38;2;234;235;230m▄[48;2;237;236;233m[38;2;235;235;231m▄[48;2;237;238;233m[38;2;235;236;231m▄[48;2;236;238;234m[38;2;233;234;229m▄[48;2;235;236;233m[38;2;244;243;238m▄[48;2;246;242;236m[38;2;221;215;207m▄[48;2;175;165;154m[38;2;159;146;132m▄[48;2;148;130;114m[38;2;148;128;110m▄[48;2;143;120;101m[38;2;123;98;79m▄[48;2;130;106;88m[38;2;134;110;91m▄[48;2;180;157;140m[38;2;190;165;148m▄[48;2;97;80;66m[38;2;93;72;57m▄[48;2;17;8;1m[38;2;39;22;15m▄[48;2;37;25;22m[38;2;98;77;74m▄[48;2;79;65;64m[38;2;73;52;49m▄[48;2;58;39;30m[38;2;45;20;7m▄[48;2;84;46;28m[38;2;105;62;42m▄[48;2;151;94;71m[38;2;177;117;93m▄[48;2;195;136;110m[38;2;171;114;88m▄[48;2;210;159;130m[38;2;140;95;70m▄[48;2;217;169;141m[38;2;128;86;65m▄[48;2;218;170;141m[38;2;126;87;65m▄[48;2;211;163;132m[38;2;131;93;72m▄[48;2;203;152;120m[38;2;140;100;79m▄[48;2;194;139;105m[38;2;151;108;84m▄[48;2;189;128;93m[38;2;164;115;87m▄[48;2;187;122;84m[38;2;171;114;85m▄[48;2;186;119;83m[38;2;173;111;81m▄[48;2;191;126;94m[38;2;182;116;85m▄[48;2;195;128;96m[38;2;177;110;78m▄[48;2;193;126;95m[38;2;167;105;73m▄[48;2;187;126;98m[38;2;152;100;72m▄[48;2;184;129;106m[38;2;117;77;56m▄[48;2;184;133;113m[38;2;86;54;38m▄[48;2;172;123;103m[38;2;60;33;17m▄[48;2;152;105;88m[38;2;58;28;14m▄[48;2;133;87;73m[38;2;77;39;26m▄[48;2;130;82;64m[38;2;93;52;33m▄[48;2;144;98;77m[38;2;95;54;33m▄[48;2;127;88;72m[38;2;98;61;42m▄[48;2;61;33;24m[38;2;74;46;33m▄[48;2;35;16;12m[38;2;41;23;15m▄[48;2;44;28;28m[38;2;24;15;13m▄[48;2;61;45;44m[38;2;34;23;20m▄[48;2;77;58;51m[38;2;70;51;42m▄[48;2;53;34;24m[38;2;88;67;55m▄[48;2;70;52;39m[38;2;88;66;52m▄[48;2;130;113;94m[38;2;152;130;109m▄[48;2;97;78;59m[38;2;117;95;73m▄[48;2;122;101;83m[38;2;115;93;71m▄[48;2;137;114;98m[38;2;144;121;102m▄[48;2;144;123;106m[38;2;136;113;94m▄[48;2;136;119;103m[38;2;128;108;89m▄[48;2;214;203;193m[38;2;158;145;131m▄[48;2;242;239;234m[38;2;241;235;228m▄[48;2;228;230;229m[38;2;232;232;230m▄[48;2;229;231;233m[38;2;228;231;230m▄[48;2;230;230;230m[38;2;229;230;229m▄[48;2;232;228;226m[38;2;230;228;226m▄[48;2;231;228;224m[38;2;231;228;224m▄[48;2;229;230;226m[38;2;229;230;225m▄▄▄▄▄[48;2;229;229;226m▄[48;2;228;229;225m[38;2;228;229;224m▄[48;2;228;228;225m[38;2;228;228;225m▄[48;2;228;228;226m[38;2;228;228;226m▄▄[48;2;229;229;227m[38;2;229;229;227m▄▄[48;2;228;228;226m[38;2;228;228;226m▄▄[38;2;229;229;227m▄[48;2;229;229;227m▄[48;2;228;230;226m[38;2;229;230;225m▄▄▄▄[48;2;227;229;225m[38;2;228;229;224m▄▄[38;2;227;229;223m▄[48;2;227;228;225m[38;2;227;228;224m▄[48;2;227;226;225m[38;2;227;226;225m▄[48;2;226;226;224m[38;2;226;226;224m▄▄[48;2;225;227;224m▄[38;2;225;227;224m▄[38;2;224;227;224m▄[48;2;224;227;224m▄[38;2;225;227;223m▄[48;2;225;227;224m▄[48;2;224;227;225m[38;2;224;227;225m▄[48;2;224;226;226m[38;2;223;227;226m▄[48;2;224;228;226m[38;2;225;229;228m▄[48;2;225;228;225m[38;2;225;228;225m▄[48;2;226;227;224m[38;2;228;230;223m▄[48;2;234;234;229m[38;2;205;205;196m▄[48;2;233;234;227m[38;2;200;203;187m▄[48;2;230;231;224m[38;2;170;174;152m▄[0m
[48;2;50;64;48m[38;2;80;96;85m▄[48;2;67;80;61m[38;2;91;109;93m▄[48;2;94;106;82m[38;2;54;75;54m▄[48;2;113;124;96m[38;2;70;90;66m▄[48;2;102;112;82m[38;2;120;136;110m▄[48;2;101;108;76m[38;2;115;127;100m▄[48;2;154;159;129m[38;2;92;101;72m▄[48;2;176;178;156m[38;2;136;144;108m▄[48;2;159;161;141m[38;2;177;185;150m▄[48;2;207;207;192m[38;2;161;168;141m▄[48;2;220;220;211m[38;2;168;173;154m▄[48;2;250;249;247m[38;2;229;233;220m▄[48;2;243;243;240m[38;2;227;232;216m▄[48;2;236;235;226m[38;2;185;191;168m▄[48;2;173;174;155m[38;2;123;130;100m▄[48;2;131;137;106m[38;2;122;131;97m▄[48;2;140;147;116m[38;2;130;141;111m▄[48;2;136;145;117m[38;2;130;141;117m▄[48;2;136;145;120m[38;2;123;136;118m▄[48;2;114;123;102m[38;2;99;113;98m▄[48;2;111;121;104m[38;2;97;111;99m▄[48;2;114;124;109m[38;2;113;126;114m▄[48;2;145;154;142m[38;2;123;135;123m▄[48;2;123;128;122m[38;2;132;141;136m▄[48;2;199;202;197m[38;2;213;220;216m▄[48;2;239;242;236m[38;2;237;244;238m▄[48;2;236;238;232m[38;2;231;236;231m▄[48;2;238;238;232m[38;2;236;238;233m▄[48;2;237;238;232m[38;2;237;238;232m▄[48;2;238;239;233m[38;2;238;239;233m▄[48;2;239;239;233m[38;2;238;238;233m▄[48;2;238;239;234m[38;2;238;239;235m▄[38;2;238;239;234m▄▄▄[38;2;238;238;234m▄[48;2;237;238;233m[38;2;237;238;234m▄▄[48;2;236;237;232m[38;2;235;237;232m▄[38;2;234;238;230m▄[38;2;235;238;230m▄[38;2;234;238;229m▄[38;2;234;237;228m▄[48;2;236;236;232m[38;2;234;237;227m▄[48;2;236;237;232m▄[48;2;237;237;233m[38;2;235;238;228m▄[38;2;236;239;230m▄[48;2;238;237;233m[38;2;237;237;233m▄▄[48;2;237;236;232m[38;2;236;237;233m▄[38;2;236;237;232m▄[38;2;236;237;233m▄[38;2;236;236;232m▄[38;2;235;236;232m▄[38;2;236;236;231m▄[48;2;237;236;231m▄[48;2;236;237;231m[38;2;235;236;231m▄[48;2;235;236;231m[38;2;233;236;232m▄[38;2;232;236;233m▄[48;2;233;236;231m[38;2;234;239;236m▄[38;2;235;239;236m▄[48;2;234;236;232m[38;2;236;239;236m▄[48;2;236;237;232m[38;2;242;242;238m▄[48;2;248;244;236m[38;2;230;220;211m▄[48;2;187;177;167m[38;2;165;152;138m▄[48;2;158;141;126m[38;2;157;136;118m▄[48;2;154;130;111m[38;2;147;120;99m▄[48;2;127;100;79m[38;2;133;103;81m▄[48;2;156;128;109m[38;2;172;142;121m▄[48;2;180;154;135m[38;2;146;118;99m▄[48;2;124;99;83m[38;2;122;96;81m▄[48;2;128;101;91m[38;2;103;77;69m▄[48;2;95;66;63m[38;2;54;28;24m▄[48;2;49;20;15m[38;2;59;29;23m▄[48;2;56;21;8m[38;2;92;52;38m▄[48;2;139;91;69m[38;2;162;110;87m▄[48;2;169;112;85m[38;2;187;130;105m▄[48;2;150;99;72m[38;2;193;141;118m▄[48;2;157;114;90m[38;2;175;132;113m▄[48;2;133;92;76m[38;2;143;105;93m▄[48;2;93;56;43m[38;2;115;83;74m▄[48;2;59;28;18m[38;2;81;55;48m▄[48;2;54;25;15m[38;2;75;50;44m▄[48;2;66;32;20m[38;2;89;58;47m▄[48;2;105;63;46m[38;2;100;58;41m▄[48;2;150;99;78m[38;2;130;77;53m▄[48;2;169;112;88m[38;2;171;113;85m▄[48;2;179;116;87m[38;2;187;130;101m▄[48;2;170;107;77m[38;2;167;109;81m▄[48;2;150;92;64m[38;2;129;74;48m▄[48;2;106;57;35m[38;2;95;49;30m▄[48;2;62;24;9m[38;2;82;48;37m▄[48;2;57;29;20m[38;2;73;47;43m▄[48;2;73;49;42m[38;2;70;47;47m▄[48;2;107;79;70m[38;2;70;46;42m▄[48;2;142;105;91m[38;2;59;33;24m▄[48;2;157;117;99m[38;2;77;44;34m▄[48;2;151;106;89m[38;2;107;66;55m▄[48;2;128;83;67m[38;2;127;79;67m▄[48;2;104;67;55m[38;2;118;72;59m▄[48;2;71;45;39m[38;2;98;62;54m▄[48;2;33;19;18m[38;2;55;31;27m▄[48;2;31;19;16m[38;2;32;17;13m▄[48;2;49;34;22m[38;2;34;21;13m▄[48;2;93;73;59m[38;2;64;44;34m▄[48;2;147;122;105m[38;2;97;68;55m▄[48;2;175;146;126m[38;2;118;83;68m▄[48;2;151;121;99m[38;2;131;96;78m▄[48;2;115;89;66m[38;2;118;88;68m▄[48;2;138;116;93m[38;2;134;110;89m▄[48;2;137;116;93m[38;2;138;116;94m▄[48;2;132;111;90m[38;2;136;114;92m▄[48;2;120;105;88m[38;2;139;120;100m▄[48;2;197;188;176m[38;2;153;140;124m▄[48;2;242;239;232m[38;2;231;224;212m▄[48;2;228;228;225m[38;2;234;231;224m▄[48;2;229;230;227m[38;2;227;228;223m▄[48;2;228;229;225m[38;2;225;229;224m▄[48;2;229;228;224m[38;2;226;229;226m▄[48;2;230;229;225m[38;2;227;227;225m▄[48;2;230;229;226m[38;2;228;228;226m▄[48;2;230;229;225m[38;2;229;229;227m▄▄[38;2;228;229;227m▄[48;2;230;229;226m▄[48;2;229;228;224m[38;2;227;228;226m▄[38;2;227;228;225m▄[48;2;228;228;225m[38;2;227;229;224m▄[48;2;228;229;224m[38;2;228;229;224m▄[48;2;229;230;226m▄[48;2;229;229;226m[38;2;228;229;225m▄[48;2;228;228;224m▄[48;2;228;229;225m[38;2;229;230;225m▄[48;2;229;230;226m[38;2;228;230;225m▄[38;2;228;229;225m▄[48;2;229;230;225m[38;2;229;229;227m▄▄[48;2;229;230;226m[38;2;228;228;227m▄[48;2;229;230;225m[38;2;227;227;226m▄[48;2;227;228;224m[38;2;227;226;225m▄[38;2;226;226;225m▄[48;2;227;227;223m[38;2;226;226;224m▄[48;2;228;227;224m▄[48;2;228;227;225m[38;2;226;226;225m▄[48;2;227;226;224m[38;2;226;225;224m▄[38;2;225;226;224m▄[48;2;226;226;224m▄▄[38;2;224;226;224m▄[48;2;225;227;224m▄[48;2;225;227;223m[38;2;225;226;224m▄[48;2;226;226;223m[38;2;224;225;223m▄[48;2;225;226;225m[38;2;223;226;227m▄[48;2;223;227;227m[38;2;223;227;229m▄[38;2;225;229;230m▄[48;2;225;228;225m[38;2;220;224;220m▄[48;2;234;236;227m[38;2;215;217;206m▄[48;2;191;192;181m[38;2;209;212;194m▄[48;2;126;131;105m[38;2;152;158;128m▄[48;2;130;137;99m[38;2;123;130;90m▄[0m
[48;2;154;170;163m[38;2;218;227;220m▄[48;2;117;136;126m[38;2;218;228;222m▄[48;2;66;87;74m[38;2;181;192;184m▄[48;2;53;74;57m[38;2;127;139;129m▄[48;2;68;87;67m[38;2;101;112;99m▄[48;2;103;119;98m[38;2;95;106;90m▄[48;2;91;103;80m[38;2;129;138;122m▄[48;2;102;112;80m[38;2;127;133;118m▄[48;2;121;130;99m[38;2;146;152;137m▄[48;2;139;148;123m[38;2;196;202;187m▄[48;2;131;138;122m[38;2;162;166;156m▄[48;2;159;165;153m[38;2;151;155;149m▄[48;2;165;171;157m[38;2;157;161;154m▄[48;2;142;149;128m[38;2;153;159;147m▄[48;2;111;119;92m[38;2;158;162;147m▄[48;2;110;117;90m[38;2;165;166;150m▄[48;2;123;133;110m[38;2;186;189;176m▄[48;2;126;136;120m[38;2;147;155;144m▄[48;2;108;121;111m[38;2;100;113;105m▄[48;2;138;154;147m[38;2;126;142;136m▄[48;2;135;150;143m[38;2;113;130;124m▄[48;2;101;116;109m[38;2;102;118;113m▄[48;2;125;139;131m[38;2;128;143;138m▄[48;2;210;221;217m[38;2;136;151;146m▄[48;2;189;199;196m[38;2;123;136;132m▄[48;2;175;184;181m[38;2;149;162;160m▄[48;2;238;247;242m[38;2;209;221;219m▄[48;2;238;245;242m[38;2;203;214;214m▄[48;2;239;244;241m[38;2;206;216;216m▄[48;2;239;242;240m[38;2;209;217;219m▄[48;2;238;242;240m[38;2;209;218;220m▄[48;2;240;244;243m[38;2;208;216;218m▄[48;2;240;243;243m▄[38;2;207;215;217m▄[48;2;240;244;243m[38;2;208;216;217m▄[48;2;239;242;241m[38;2;209;217;219m▄[48;2;238;241;240m[38;2;205;214;215m▄[48;2;241;244;244m[38;2;204;212;214m▄[48;2;236;240;238m[38;2;208;216;219m▄[48;2;235;240;238m[38;2;207;215;221m▄[48;2;236;242;240m[38;2;209;217;223m▄[48;2;237;242;240m[38;2;210;217;223m▄[48;2;233;238;235m[38;2;210;218;222m▄[48;2;235;241;237m[38;2;212;220;224m▄[48;2;236;242;237m[38;2;215;223;226m▄[48;2;234;240;234m[38;2;213;221;223m▄[48;2;240;245;239m[38;2;211;220;220m▄[48;2;241;244;241m[38;2;210;219;218m▄[48;2;238;242;240m▄[48;2;237;241;238m[38;2;209;219;218m▄[48;2;241;244;242m▄[48;2;240;244;241m[38;2;210;219;218m▄[48;2;238;242;239m[38;2;213;223;222m▄[48;2;239;242;240m[38;2;213;223;221m▄[48;2;240;243;240m[38;2;211;220;219m▄[48;2;238;241;237m[38;2;213;221;220m▄[48;2;238;242;239m[38;2;215;225;225m▄[48;2;237;243;241m[38;2;210;222;223m▄[48;2;236;244;243m[38;2;204;217;219m▄[48;2;236;243;243m[38;2;207;219;220m▄[48;2;238;244;242m[38;2;209;218;217m▄[48;2;239;245;242m[38;2;213;219;217m▄[48;2;241;241;235m[38;2;221;219;212m▄[48;2;201;187;173m[38;2;177;158;141m▄[48;2;159;140;123m[38;2;141;117;97m▄[48;2;154;129;109m[38;2;148;120;98m▄[48;2;143;115;92m[38;2;144;113;90m▄[48;2;136;106;83m[38;2;135;104;84m▄[48;2;156;126;105m[38;2;122;94;76m▄[48;2;113;86;68m[38;2;78;53;39m▄[48;2;80;58;45m[38;2;41;22;12m▄[48;2;50;33;28m[38;2;35;23;18m▄[48;2;42;26;20m[38;2;58;46;39m▄[48;2;67;40;32m[38;2;68;42;30m▄[48;2;101;57;42m[38;2;116;67;49m▄[48;2;178;121;99m[38;2;193;131;106m▄[48;2;189;130;108m[38;2;191;131;104m▄[48;2;153;99;80m[38;2;131;76;56m▄[48;2;87;43;32m[38;2;72;27;16m▄[48;2;40;13;6m[38;2;78;53;48m▄[48;2;33;10;7m[38;2;56;35;31m▄[48;2;37;19;15m[38;2;40;21;17m▄[48;2;37;19;13m[38;2;74;55;50m▄[48;2;76;50;38m[38;2;78;54;44m▄[48;2;106;68;48m[38;2;108;75;58m▄[48;2;117;68;40m[38;2;144;103;79m▄[48;2;179;123;94m[38;2;189;142;119m▄[48;2;221;168;144m[38;2;249;203;183m▄[48;2;186;133;108m[38;2;214;166;144m▄[48;2;116;67;43m[38;2;125;76;54m▄[48;2;78;40;21m[38;2;98;53;34m▄[48;2;68;42;29m[38;2;91;54;39m▄[48;2;57;41;32m[38;2;116;83;72m▄[48;2;31;18;12m[38;2;131;98;87m▄[48;2;18;7;1m[38;2;100;69;61m▄[48;2;31;18;11m[38;2;110;84;75m▄[48;2;27;8;2m[38;2;98;69;62m▄[48;2;48;18;9m[38;2;74;39;29m▄[48;2;86;45;32m[38;2;104;56;39m▄[48;2;109;63;45m[38;2;144;89;67m▄[48;2;106;68;51m[38;2;133;83;62m▄[48;2;72;46;34m[38;2;99;60;46m▄[48;2;36;22;15m[38;2;46;23;18m▄[48;2;35;24;21m[38;2;39;28;28m▄[48;2;38;18;13m[38;2;54;36;33m▄[48;2;70;40;33m[38;2;63;35;30m▄[48;2;95;57;47m[38;2;102;67;57m▄[48;2;121;83;70m[38;2;111;75;62m▄[48;2;124;91;74m[38;2;126;93;77m▄[48;2;130;104;86m[38;2;132;104;87m▄[48;2;132;108;88m[38;2;143;118;98m▄[48;2;142;118;96m[38;2;130;104;83m▄[48;2;148;127;106m[38;2;132;107;86m▄[48;2;126;109;90m[38;2;127;105;86m▄[48;2;179;167;152m[38;2;139;121;105m▄[48;2;244;238;228m[38;2;210;201;190m▄[48;2;229;230;224m[38;2;213;213;208m▄[48;2;228;234;232m[38;2;203;213;213m▄[48;2;227;234;233m[38;2;203;215;217m▄[48;2;228;233;231m[38;2;206;217;218m▄[48;2;230;235;234m[38;2;201;211;213m▄[48;2;229;234;233m[38;2;203;214;215m▄[48;2;231;236;235m[38;2;212;223;224m▄[48;2;230;235;233m[38;2;210;220;221m▄[48;2;230;235;234m[38;2;209;220;221m▄[48;2;229;234;233m[38;2;209;219;220m▄[48;2;230;235;234m[38;2;202;213;214m▄[48;2;230;235;232m[38;2;204;215;216m▄[48;2;229;234;232m[38;2;201;212;213m▄[48;2;231;236;233m[38;2;198;209;210m▄[38;2;201;212;212m▄[48;2;228;233;230m[38;2;204;215;216m▄[48;2;230;234;231m[38;2;208;219;220m▄[48;2;230;235;232m[38;2;209;220;221m▄[48;2;228;232;230m[38;2;211;220;222m▄[48;2;232;234;234m[38;2;212;221;222m▄[48;2;231;234;234m[38;2;211;219;221m▄[48;2;228;231;230m[38;2;213;221;223m▄[48;2;230;233;232m[38;2;214;222;224m▄[48;2;228;232;231m[38;2;214;223;225m▄[48;2;227;230;230m[38;2;214;222;224m▄[48;2;228;232;231m[38;2;209;216;218m▄[48;2;230;233;234m[38;2;207;216;218m▄[48;2;228;230;232m[38;2;208;216;220m▄[48;2;225;227;229m[38;2;207;216;219m▄[48;2;229;232;234m[38;2;209;218;221m▄[48;2;229;233;234m[38;2;212;221;224m▄[48;2;225;230;231m[38;2;208;218;221m▄[38;2;205;215;218m▄[48;2;227;233;233m[38;2;204;215;217m▄[48;2;228;234;233m[38;2;203;216;217m▄[48;2;225;231;231m[38;2;207;219;222m▄[48;2;223;229;233m[38;2;208;220;227m▄[48;2;226;231;236m[38;2;209;220;227m▄[48;2;230;235;238m[38;2;214;223;226m▄[48;2;219;225;220m[38;2;231;240;232m▄[48;2;150;156;139m[38;2;208;216;192m▄[48;2;144;148;121m[38;2;136;143;106m▄[48;2;133;139;109m[38;2;100;106;73m▄[48;2;113;117;87m[38;2;110;114;88m▄[0m
[48;2;213;211;202m[38;2;130;119;106m▄[48;2;222;218;212m[38;2;130;116;106m▄[48;2;226;220;216m[38;2;133;117;109m▄[48;2;220;215;210m[38;2;137;122;114m▄[48;2;187;184;177m[38;2;128;115;105m▄[48;2;140;140;130m[38;2;118;108;95m▄[48;2;153;155;143m[38;2;140;132;120m▄[48;2;163;161;153m[38;2;146;136;127m▄[48;2;166;164;153m[38;2;155;145;133m▄[48;2;165;164;149m[38;2;129;119;103m▄[48;2;148;147;132m[38;2;114;104;87m▄[48;2;152;150;139m[38;2;125;115;100m▄[48;2;157;155;146m[38;2;134;124;109m▄[48;2;152;150;139m[38;2;143;134;118m▄[48;2;158;156;143m[38;2;159;148;133m▄[48;2;169;162;153m[38;2;165;153;142m▄[48;2;181;178;170m[38;2;165;157;148m▄[48;2;146;150;139m[38;2;97;98;87m▄[48;2;89;101;89m[38;2;100;109;96m▄[48;2;108;124;113m[38;2;102;118;103m▄[48;2;123;140;130m[38;2;111;128;112m▄[48;2;101;119;110m[38;2;103;120;105m▄[48;2;80;97;91m[38;2;96;112;98m▄[48;2;86;102;99m[38;2;105;120;110m▄[48;2;153;168;165m[38;2;129;144;137m▄[48;2;187;202;202m[38;2;119;132;128m▄[48;2;183;197;199m[38;2;188;200;197m▄[48;2;186;201;204m[38;2;211;224;220m▄[48;2;187;202;207m[38;2;202;215;213m▄[48;2;187;202;208m[38;2;205;218;223m▄[48;2;188;202;207m[38;2;206;219;226m▄[48;2;187;200;202m[38;2;202;216;221m▄[48;2;186;199;202m[38;2;204;219;221m▄[48;2;186;198;201m[38;2;204;219;219m▄[48;2;188;200;203m[38;2;195;210;210m▄[48;2;188;201;204m[38;2;186;201;202m▄[48;2;186;199;202m[38;2;178;193;194m▄[48;2;188;201;204m[38;2;170;185;187m▄[48;2;186;199;202m[38;2;189;204;202m▄[48;2;183;195;199m[38;2;189;202;193m▄[48;2;188;200;202m[38;2;174;187;176m▄[48;2;196;209;211m[38;2;166;179;166m▄[48;2;201;215;215m[38;2;166;179;164m▄[48;2;194;207;206m[38;2;134;148;131m▄[48;2;182;196;192m[38;2;99;114;96m▄[48;2;185;199;194m[38;2;104;119;103m▄[48;2;192;206;202m[38;2;125;141;128m▄[48;2;190;205;205m[38;2;173;190;184m▄[48;2;187;202;203m[38;2;199;217;212m▄[48;2;186;201;201m[38;2;196;214;210m▄[48;2;184;199;199m[38;2;188;206;204m▄[48;2;184;199;198m[38;2;182;200;199m▄[48;2;183;198;198m[38;2;180;198;198m▄[48;2;182;197;196m[38;2;180;197;198m▄[48;2;180;194;195m[38;2;180;197;199m▄[48;2;178;191;194m[38;2;174;190;196m▄[48;2;176;191;195m[38;2;173;190;197m▄[48;2;176;192;198m[38;2;178;197;205m▄[48;2;178;195;200m[38;2;181;202;208m▄[48;2;179;194;197m[38;2;180;198;200m▄[48;2;177;187;188m[38;2;181;192;191m▄[48;2;184;191;189m[38;2;197;202;197m▄[48;2;190;187;178m[38;2;180;172;162m▄[48;2;170;146;126m[38;2;165;137;118m▄[48;2;159;131;109m[38;2;160;130;109m▄[48;2;141;111;88m[38;2;149;119;95m▄[48;2;131;98;76m[38;2;144;114;90m▄[48;2;146;118;97m[38;2;145;118;96m▄[48;2;123;98;84m[38;2;125;101;83m▄[48;2;60;40;31m[38;2;58;37;25m▄[48;2;38;19;13m[38;2;71;49;40m▄[48;2;57;38;34m[38;2;106;81;74m▄[48;2;75;58;49m[38;2;71;49;40m▄[48;2;67;35;20m[38;2;65;29;13m▄[48;2;143;87;64m[38;2;163;102;75m▄[48;2;207;140;107m[38;2;211;141;105m▄[48;2;212;153;117m[38;2;217;157;121m▄[48;2;183;130;102m[38;2;219;166;134m▄[48;2;163;112;94m[38;2;201;148;122m▄[48;2;161;116;103m[38;2;165;110;88m▄[48;2;148;107;94m[38;2;144;93;70m▄[48;2;128;92;78m[38;2;132;84;62m▄[48;2;119;85;72m[38;2;128;82;62m▄[48;2;112;77;62m[38;2;167;122;103m▄[48;2;158;120;103m[38;2;207;162;142m▄[48;2;190;147;129m[38;2;199;152;130m▄[48;2;198;156;138m[38;2;205;160;140m▄[48;2;243;205;187m[38;2;240;199;183m▄[48;2;218;175;155m[38;2;206;160;140m▄[48;2;147;98;76m[38;2;150;99;76m▄[48;2;142;92;72m[38;2;152;101;76m▄[48;2;152;103;86m[38;2;175;126;103m▄[48;2;143;92;78m[38;2;188;140;118m▄[48;2;150;96;80m[38;2;177;128;105m▄[48;2;153;97;78m[38;2;166;115;90m▄[48;2;141;89;69m[38;2;165;112;85m▄[48;2;121;74;56m[38;2;178;126;102m▄[48;2;134;87;68m[38;2;198;146;119m▄[48;2;179;124;99m[38;2;199;142;109m▄[48;2;192;131;101m[38;2;194;130;98m▄[48;2;166;111;85m[38;2;163;105;79m▄[48;2;122;77;62m[38;2;117;76;59m▄[48;2;60;33;28m[38;2;59;36;30m▄[48;2;24;12;11m[38;2;14;5;4m▄[48;2;67;51;46m[38;2;36;23;18m▄[48;2;68;44;34m[38;2;72;54;41m▄[48;2;97;67;52m[38;2;93;67;50m▄[48;2;113;81;62m[38;2;105;75;56m▄[48;2;123;91;71m[38;2;114;82;61m▄[48;2;131;101;80m[38;2;135;105;83m▄[48;2;135;107;86m[38;2;130;102;82m▄[48;2;118;90;71m[38;2;124;97;78m▄[48;2;120;93;72m[38;2;131;102;81m▄[48;2;132;107;87m[38;2;147;120;97m▄[48;2;149;129;112m[38;2;139;117;96m▄[48;2;160;150;138m[38;2;133;121;107m▄[48;2;192;194;190m[38;2;155;155;150m▄[48;2;173;184;187m[38;2;167;179;182m▄[48;2;177;192;197m[38;2;161;178;184m▄[48;2;173;190;193m[38;2;159;177;181m▄[48;2;162;178;180m[38;2;156;175;180m▄[48;2;161;177;179m[38;2;150;171;175m▄[48;2;164;180;182m[38;2;136;157;161m▄[48;2;169;185;188m[38;2;141;162;164m▄[48;2;167;183;186m[38;2;149;170;173m▄[48;2;177;193;195m[38;2;160;181;186m▄[48;2;159;175;179m[38;2;157;178;185m▄[48;2;166;182;187m[38;2;163;184;191m▄[48;2;163;179;183m[38;2;154;175;181m▄[48;2;164;180;185m[38;2;170;190;197m▄[48;2;167;183;188m[38;2;167;187;194m▄[48;2;154;170;174m[38;2;140;161;167m▄[48;2;166;182;186m[38;2;155;174;181m▄[48;2;170;186;190m[38;2;181;201;207m▄[48;2;170;184;189m[38;2;180;199;205m▄[48;2;177;189;193m[38;2;180;197;202m▄[48;2;176;189;192m[38;2;186;202;207m▄[48;2;174;187;191m[38;2;178;193;198m▄[48;2;167;180;184m[38;2;169;184;189m▄[48;2;166;179;182m[38;2;175;190;195m▄[48;2;160;173;176m[38;2;171;187;190m▄[48;2;159;172;176m[38;2;172;186;190m▄[48;2;163;176;181m[38;2;184;196;201m▄[48;2;158;173;177m[38;2;170;185;189m▄[48;2;169;183;188m[38;2;168;183;188m▄[48;2;175;190;195m[38;2;187;202;207m▄[48;2;175;189;194m[38;2;187;202;206m▄[48;2;177;193;197m[38;2;194;211;215m▄[48;2;179;196;200m[38;2;183;202;205m▄[48;2;174;189;194m[38;2;154;173;176m▄[48;2;174;191;195m[38;2;138;158;161m▄[48;2;184;202;207m[38;2;164;185;190m▄[48;2;188;205;213m[38;2;191;209;220m▄[48;2;195;210;218m[38;2;190;208;219m▄[48;2;201;213;217m[38;2;191;207;207m▄[48;2;191;201;191m[38;2;155;167;149m▄[48;2;161;169;142m[38;2;140;150;115m▄[48;2;148;155;111m[38;2;159;168;119m▄[48;2;121;128;88m[38;2;156;161;119m▄[48;2;138;142;111m[38;2;156;161;123m▄[0m
[48;2;144;127;110m[38;2;170;153;136m▄[48;2;146;129;112m[38;2;160;143;126m▄[48;2;138;121;104m[38;2;141;124;106m▄[48;2;139;122;105m[38;2;142;125;109m▄[48;2;136;120;102m[38;2;156;139;122m▄[48;2;146;129;113m[38;2;158;141;124m▄[48;2;155;138;122m[38;2;154;137;121m▄[48;2;173;158;146m[38;2;160;145;131m▄[48;2;179;164;152m[38;2;150;134;120m▄[48;2;142;128;115m[38;2;157;141;127m▄[48;2;142;126;115m[38;2;160;144;129m▄[48;2;151;135;123m[38;2;184;167;152m▄[48;2;162;145;133m[38;2;188;171;155m▄[48;2;165;149;136m[38;2;163;146;131m▄[48;2;162;145;130m[38;2;148;130;114m▄[48;2;159;141;125m[38;2;176;158;141m▄[48;2;151;139;128m[38;2;141;130;118m▄[48;2;79;77;69m[38;2;61;60;53m▄[48;2;102;110;101m[38;2;95;105;97m▄[48;2;107;122;107m[38;2;106;122;109m▄[48;2;107;123;104m[38;2;118;137;120m▄[48;2;108;123;103m[38;2;99;118;100m▄[48;2;119;132;112m[38;2;81;99;82m▄[48;2;98;114;94m[38;2;80;99;83m▄[48;2;110;123;108m[38;2;102;117;101m▄[48;2;149;157;144m[38;2;139;146;124m▄[48;2;190;194;175m[38;2;159;161;127m▄[48;2;181;185;157m[38;2;155;156;112m▄[48;2;155;160;136m[38;2;139;143;102m▄[48;2;187;192;181m[38;2;127;134;107m▄[48;2;195;201;203m[38;2;162;169;156m▄[48;2;203;212;216m[38;2;209;217;210m▄[48;2;199;210;208m[38;2;182;190;179m▄[48;2;185;197;189m[38;2;127;136;123m▄[48;2;145;159;150m[38;2;132;142;128m▄[48;2;137;151;145m[38;2;147;157;146m▄[48;2;140;154;149m[38;2;158;167;156m▄[48;2;144;158;152m[38;2;178;188;175m▄[48;2;173;186;176m[38;2;181;191;174m▄[48;2;181;188;172m[38;2;142;151;127m▄[48;2;132;139;119m[38;2;117;124;99m▄[48;2;112;120;95m[38;2;118;124;100m▄[48;2;113;120;92m[38;2;114;120;96m▄[48;2;103;111;85m[38;2;113;120;99m▄[48;2;103;113;91m[38;2;115;124;105m▄[48;2;109;120;101m[38;2;113;124;106m▄[48;2;81;94;78m[38;2;98;110;96m▄[48;2;90;104;91m[38;2;81;92;83m▄[48;2;156;171;159m[38;2;92;104;96m▄[48;2;168;184;174m[38;2;161;173;165m▄[48;2;148;164;157m[38;2;165;177;170m▄[48;2;150;166;163m[38;2;161;174;166m▄[48;2;155;170;169m[38;2;157;171;163m▄[48;2;151;167;167m[38;2;155;169;161m▄[48;2;150;165;166m[38;2;164;179;172m▄[48;2;144;159;163m[38;2;167;181;177m▄[48;2;146;161;167m[38;2;166;179;177m▄[48;2;144;163;168m[38;2;159;173;172m▄[48;2;145;166;169m[38;2;173;187;183m▄[48;2;151;170;168m[38;2;180;190;182m▄[48;2;175;183;175m[38;2;202;201;189m▄[48;2;204;200;189m[38;2;193;177;163m▄[48;2;187;169;156m[38;2;175;150;132m▄[48;2;173;143;127m[38;2;174;148;124m▄[48;2;150;121;101m[38;2;160;132;107m▄[48;2;135;106;83m[38;2;145;115;90m▄[48;2;129;102;75m[38;2;142;110;86m▄[48;2;133;105;80m[38;2;139;105;84m▄[48;2;127;97;75m[38;2;138;103;87m▄[48;2;107;75;58m[38;2;117;82;70m▄[48;2;134;103;88m[38;2;95;63;53m▄[48;2;86;63;52m[38;2;42;21;14m▄[48;2;46;25;19m[38;2;52;32;28m▄[48;2;60;24;15m[38;2;58;24;15m▄[48;2;166;106;81m[38;2;149;93;70m▄[48;2;206;137;104m[38;2;208;141;111m▄[48;2;215;153;123m[38;2;209;147;117m▄[48;2;223;166;138m[38;2;223;167;140m▄[48;2;230;179;151m[38;2;239;188;161m▄[48;2;223;178;154m[38;2;237;192;168m▄[48;2;212;169;146m[38;2;236;193;169m▄[48;2;209;167;145m[38;2;230;187;167m▄[48;2;220;176;158m[38;2;225;183;166m▄[48;2;231;188;171m[38;2;225;182;166m▄[48;2;221;176;156m[38;2;219;173;157m▄[48;2;201;155;128m[38;2;212;165;144m▄[48;2;210;163;137m[38;2;217;169;147m▄[48;2;243;193;176m[38;2;241;190;171m▄[48;2;194;142;121m[38;2;199;146;124m▄[48;2;146;90;66m[38;2;148;93;69m▄[48;2;155;99;73m[38;2;150;94;67m▄[48;2;172;116;90m[38;2;176;119;92m▄[48;2;210;157;133m[38;2;214;161;135m▄[48;2;225;176;154m[38;2;231;181;156m▄[48;2;226;182;160m[38;2;233;186;160m▄[48;2;225;183;160m[38;2;235;185;158m▄[48;2;231;178;154m[38;2;230;170;143m▄[48;2;218;158;131m[38;2;217;152;122m▄[48;2;201;134;103m[38;2;199;130;97m▄[48;2;191;118;90m[38;2;186;112;82m▄[48;2;163;95;75m[38;2;160;93;73m▄[48;2;115;68;53m[38;2;107;63;48m▄[48;2;54;32;26m[38;2;48;25;17m▄[48;2;18;9;13m[38;2;31;14;15m▄[48;2;28;17;14m[38;2;37;21;17m▄[48;2;46;29;20m[38;2;45;25;16m▄[48;2;95;70;57m[38;2;77;51;38m▄[48;2;115;84;66m[38;2;117;84;68m▄[48;2;108;75;57m[38;2;110;73;55m▄[48;2;121;90;72m[38;2;124;89;70m▄[48;2;130;102;85m[38;2;153;122;101m▄[48;2;131;102;84m[38;2;160;130;109m▄[48;2;139;109;88m[38;2;142;114;95m▄[48;2;163;135;112m[38;2;127;102;88m▄[48;2;150;127;105m[38;2;119;99;88m▄[48;2;95;81;66m[38;2;148;137;127m▄[48;2;112;111;103m[38;2;198;198;187m▄[48;2;157;167;166m[38;2;197;204;192m▄[48;2;145;158;160m[38;2;199;207;196m▄[48;2;149;162;165m[38;2;198;204;196m▄[48;2;145;161;165m[38;2;195;201;195m▄[48;2;144;162;165m[38;2;194;199;192m▄[48;2;141;162;161m[38;2;191;196;186m▄[48;2;137;159;155m[38;2;187;194;181m▄[48;2;136;158;157m[38;2;184;192;180m▄[48;2;128;149;153m[38;2;179;187;179m▄[48;2;128;148;155m[38;2;178;186;180m▄[48;2;127;148;153m[38;2;182;188;180m▄[48;2;129;150;154m[38;2;183;190;181m▄[48;2;130;151;154m[38;2;180;189;179m▄[48;2;129;149;152m[38;2;178;187;177m▄[48;2;132;152;155m[38;2;180;190;180m▄[48;2;132;150;153m[38;2;173;184;175m▄[48;2;143;161;164m[38;2;174;186;176m▄[48;2;150;170;171m[38;2;178;191;183m▄[48;2;148;166;170m[38;2;167;177;173m▄[48;2;164;176;181m[38;2;146;149;146m▄[48;2;169;178;184m[38;2;143;143;140m▄[48;2;175;186;191m[38;2;143;143;141m▄[48;2;179;191;194m[38;2;150;151;147m▄[48;2;192;203;204m[38;2;146;147;143m▄[48;2;195;203;204m[38;2;146;144;140m▄[48;2;195;201;203m[38;2;148;144;141m▄[48;2;187;194;195m[38;2;155;152;150m▄[48;2;182;189;190m[38;2;161;158;156m▄[48;2;194;202;202m[38;2;157;154;152m▄[48;2;206;216;216m[38;2;165;163;161m▄[48;2;197;208;208m[38;2;163;163;160m▄[48;2;151;166;164m[38;2;157;161;157m▄[48;2;127;144;142m[38;2;154;160;155m▄[48;2;113;132;128m[38;2;133;142;132m▄[48;2;120;137;140m[38;2;122;133;124m▄[48;2;170;186;198m[38;2;151;160;162m▄[48;2;196;212;221m[38;2;195;203;207m▄[48;2;205;220;213m[38;2;205;213;206m▄[48;2;186;200;171m[38;2;195;201;181m▄[48;2;160;171;130m[38;2;189;193;166m▄[48;2;172;180;137m[38;2;171;173;147m▄[48;2;162;163;130m[38;2;164;161;139m▄[48;2;104;108;71m[38;2;129;128;98m▄[0m
[48;2;146;129;112m[38;2;149;131;114m▄[48;2;171;154;137m[38;2;158;140;123m▄[48;2;164;147;131m[38;2;165;147;130m▄[48;2;151;134;118m[38;2;146;128;111m▄[48;2;165;148;131m[38;2;161;143;126m▄[48;2;165;149;132m[38;2;165;147;130m▄[48;2;156;139;123m[38;2;170;151;135m▄[48;2;162;145;129m[38;2;154;136;119m▄[48;2;160;144;127m[38;2;152;134;115m▄[48;2;162;145;128m[38;2;171;154;133m▄[48;2;166;149;130m[38;2;180;162;140m▄[48;2;178;161;141m[38;2;149;131;108m▄[48;2;168;151;131m[38;2;161;142;120m▄[48;2;177;160;140m[38;2;179;159;139m▄[48;2;168;151;131m[38;2;173;154;135m▄[48;2;172;156;139m[38;2;173;156;141m▄[48;2;113;104;92m[38;2;77;67;56m▄[48;2;56;56;50m[38;2;59;60;54m▄[48;2;90;101;94m[38;2;89;100;94m▄[48;2;88;107;95m[38;2;75;94;84m▄[48;2;81;102;87m[38;2;74;96;81m▄[48;2;83;104;88m[38;2;82;104;88m▄[48;2;82;103;87m[38;2;97;116;100m▄[48;2;71;92;77m[38;2;102;120;100m▄[48;2;76;92;74m[38;2;100;117;98m▄[48;2;82;93;67m[38;2;96;114;92m▄[48;2;114;121;82m[38;2;98;116;88m▄[48;2;144;150;100m[38;2;91;108;74m▄[48;2;145;151;104m[38;2;89;101;67m▄[48;2;113;119;84m[38;2;97;103;76m▄[48;2;159;165;141m[38;2;115;119;96m▄[48;2;164;169;150m[38;2;97;102;77m▄[48;2;148;154;133m[38;2;107;111;85m▄[48;2;128;133;112m[38;2;139;142;115m▄[48;2;135;139;122m[38;2;169;171;148m▄[48;2;161;166;149m[38;2;164;166;146m▄[48;2;139;144;127m[38;2;116;119;98m▄[48;2;130;138;115m[38;2;104;110;83m▄[48;2;127;136;109m[38;2;122;131;99m▄[48;2;121;130;100m[38;2;118;130;98m▄[48;2;104;113;85m[38;2;122;132;104m▄[48;2;98;104;81m[38;2;111;119;98m▄[48;2;109;115;95m[38;2;118;126;109m▄[48;2;118;125;109m[38;2;110;117;105m▄[48;2;109;118;104m[38;2;89;99;88m▄[48;2;101;112;98m[38;2;95;107;97m▄[48;2;89;102;90m[38;2;90;103;94m▄[48;2;81;94;89m[38;2;80;98;90m▄[48;2;68;81;74m[38;2;78;96;86m▄[48;2;148;160;151m[38;2;102;117;107m▄[48;2;172;183;174m[38;2;163;177;167m▄[48;2;157;169;159m[38;2;169;181;172m▄[48;2;142;156;145m[38;2;154;166;158m▄[48;2;137;151;141m[38;2;138;151;144m▄[48;2;154;167;158m[38;2;140;152;146m▄[48;2;188;199;190m[38;2;170;177;170m▄[48;2;189;199;192m[38;2;186;192;187m▄[48;2;172;180;176m[38;2;151;157;152m▄[48;2;169;178;171m[38;2;148;157;150m▄[48;2;173;179;169m[38;2;197;207;197m▄[48;2;191;188;174m[38;2;200;206;193m▄[48;2;159;142;127m[38;2;190;186;172m▄[48;2;132;107;88m[38;2;145;131;115m▄[48;2;166;137;113m[38;2;130;104;85m▄[48;2;191;159;136m[38;2;154;125;105m▄[48;2;186;151;127m[38;2;171;137;117m▄[48;2;173;135;114m[38;2;167;131;111m▄[48;2;159;122;103m[38;2;173;135;115m▄[48;2;132;98;82m[38;2;121;86;66m▄[48;2;93;62;49m[38;2;100;69;47m▄[48;2;82;55;43m[38;2;104;75;56m▄[48;2;44;22;15m[38;2;78;49;37m▄[48;2;54;33;27m[38;2;58;30;20m▄[48;2;85;53;41m[38;2;111;79;65m▄[48;2;115;64;41m[38;2;121;74;52m▄[48;2;209;145;114m[38;2;198;137;105m▄[48;2;216;150;120m[38;2;221;152;118m▄[48;2;221;160;133m[38;2;223;155;125m▄[48;2;229;175;149m[38;2;220;158;128m▄[48;2;234;185;157m[38;2;219;160;130m▄[48;2;235;185;162m[38;2;223;165;140m▄[48;2;236;188;168m[38;2;233;176;156m▄[48;2;233;187;168m[38;2;234;180;158m▄[48;2;233;188;169m[38;2;211;158;135m▄[48;2;224;176;158m[38;2;217;163;141m▄[48;2;218;169;151m[38;2;246;192;173m▄[48;2;231;179;160m[38;2;246;187;170m▄[48;2;246;190;170m[38;2;241;180;162m▄[48;2;220;165;143m[38;2;216;154;136m▄[48;2;186;128;105m[38;2;180;118;98m▄[48;2;142;84;58m[38;2;170;108;86m▄[48;2;151;93;66m[38;2;151;90;67m▄[48;2;209;152;125m[38;2;155;92;68m▄[48;2;225;170;144m[38;2;203;140;115m▄[48;2;231;176;148m[38;2;217;153;124m▄[48;2;231;170;138m[38;2;219;149;118m▄[48;2;221;151;122m[38;2;207;130;101m▄[48;2;208;136;103m[38;2;195;118;88m▄[48;2;195;123;89m[38;2;183;106;77m▄[48;2;180;105;77m[38;2;167;89;65m▄[48;2;151;84;65m[38;2;138;71;55m▄[48;2;101;59;45m[38;2;102;58;49m▄[48;2;51;26;19m[38;2;63;38;34m▄[48;2;48;28;26m[38;2;46;26;26m▄[48;2;40;21;17m[38;2;35;18;16m▄[48;2;54;34;26m[38;2;53;34;29m▄[48;2;77;51;40m[38;2;89;64;57m▄[48;2;104;71;58m[38;2;97;67;57m▄[48;2;122;86;69m[38;2;96;67;51m▄[48;2;158;124;103m[38;2;92;66;45m▄[48;2;151;121;98m[38;2;93;72;52m▄[48;2;111;87;65m[38;2;117;102;85m▄[48;2;107;85;69m[38;2;162;151;134m▄[48;2;130;112;101m[38;2;189;185;168m▄[48;2;173;163;154m[38;2;157;159;140m▄[48;2;197;194;182m[38;2;116;123;102m▄[48;2;177;181;163m[38;2;107;118;94m▄[48;2;183;190;167m[38;2;123;134;108m▄[48;2;172;181;156m[38;2;104;117;91m▄[48;2;176;182;162m[38;2;101;113;89m▄[48;2;197;198;182m[38;2;118;123;102m▄[48;2;201;197;181m[38;2;183;183;162m▄[48;2;194;187;167m[38;2;204;199;174m▄[48;2;191;186;162m[38;2;199;194;164m▄[48;2;184;182;158m[38;2;196;193;163m▄[48;2;183;182;162m[38;2;189;191;163m▄[48;2;181;180;160m[38;2;196;197;172m▄[48;2;187;184;162m[38;2;203;201;178m▄[48;2;189;187;166m[38;2;201;200;177m▄[48;2;187;187;167m[38;2;203;205;184m▄[48;2;192;195;176m[38;2;188;194;173m▄[48;2;184;189;171m[38;2;135;144;123m▄[48;2;162;170;152m[38;2;117;128;109m▄[48;2;161;171;152m[38;2;111;124;106m▄[48;2;166;174;159m[38;2;117;126;112m▄[48;2;142;144;133m[38;2;100;99;87m▄[48;2;134;130;121m[38;2;109;101;90m▄[48;2;126;116;108m[38;2;136;120;110m▄[48;2;114;103;94m[38;2;139;123;110m▄[48;2;132;123;112m[38;2;132;118;103m▄[48;2;116;107;97m[38;2;147;133;120m▄[48;2;110;98;89m[38;2;167;151;139m▄[48;2;135;121;114m[38;2;163;146;134m▄[48;2;127;114;107m[38;2;143;127;114m▄[48;2;123;111;103m[38;2;128;110;98m▄[48;2;133;120;113m[38;2;172;154;142m▄[48;2;134;121;114m[38;2;190;173;160m▄[48;2;134;124;116m[38;2;152;136;123m▄[48;2;151;144;134m[38;2;126;113;99m▄[48;2;145;140;130m[38;2;139;128;114m▄[48;2;143;141;127m[38;2;145;136;119m▄[48;2;139;139;123m[38;2;150;140;125m▄[48;2;137;135;129m[38;2;145;134;125m▄[48;2;161;159;157m[38;2;150;139;132m▄[48;2;168;166;159m[38;2;138;126;118m▄[48;2;180;178;164m[38;2;137;126;114m▄[48;2;184;181;164m[38;2;163;152;139m▄[48;2;180;175;162m[38;2;164;154;143m▄[48;2;171;162;150m[38;2;162;150;139m▄[48;2;174;168;144m[38;2;167;155;137m▄[0m
[48;2;190;170;153m[38;2;180;161;144m▄[48;2;173;154;136m[38;2;156;137;120m▄[48;2;169;150;133m[38;2;178;159;142m▄[48;2;154;135;118m[38;2;167;148;131m▄[48;2;163;144;127m[38;2;184;165;148m▄[48;2;154;135;118m[38;2;170;151;134m▄[48;2;145;126;109m[38;2;134;115;98m▄[48;2;144;125;107m[38;2;137;117;100m▄[48;2;149;130;110m[38;2;144;123;104m▄[48;2;160;141;118m[38;2;160;140;117m▄[48;2;167;147;123m[38;2;177;157;131m▄[48;2;164;144;120m[38;2;171;150;124m▄[48;2;171;150;127m[38;2;157;136;112m▄[48;2;147;125;105m[38;2;164;142;121m▄[48;2;169;147;128m[38;2;181;159;141m▄[48;2;173;156;141m[38;2;156;138;124m▄[48;2;62;52;41m[38;2;53;41;33m▄[48;2;61;61;55m[38;2;54;51;45m▄[48;2;87;97;91m[38;2;82;88;82m▄[48;2;102;118;108m[38;2;106;118;106m▄[48;2;100;118;102m[38;2;107;120;103m▄[48;2;96;113;97m[38;2;111;121;104m▄[48;2;122;136;120m[38;2;100;107;89m▄[48;2;139;150;129m[38;2;79;85;66m▄[48;2;118;133;113m[38;2;72;81;64m▄[48;2;86;107;91m[38;2;71;83;70m▄[48;2;75;99;86m[38;2;69;84;76m▄[48;2;61;83;71m[38;2;75;90;87m▄[48;2;64;81;67m[38;2;77;93;88m▄[48;2;81;90;76m[38;2;87;103;94m▄[48;2;94;101;84m[38;2;107;121;108m▄[48;2;104;111;88m[38;2;105;115;100m▄[48;2;102;108;82m[38;2;112;122;101m▄[48;2;121;124;96m[38;2;122;128;103m▄[48;2;150;152;128m[38;2;130;135;112m▄[48;2;134;136;116m[38;2;114;120;100m▄[48;2;117;122;101m[38;2;101;109;92m▄[48;2;128;136;113m[38;2;113;125;108m▄[48;2;122;132;106m[38;2;104;119;103m▄[48;2;105;118;94m[38;2;95;110;97m▄[48;2;111;123;100m[38;2;92;106;92m▄[48;2;106;117;98m[38;2;92;106;91m▄[48;2;97;107;93m[38;2;95;109;94m▄[48;2;113;123;112m[38;2;105;120;108m▄[48;2;97;110;101m[38;2;101;118;109m▄[48;2;85;100;92m[38;2;92;110;103m▄[48;2;83;102;93m[38;2;76;96;90m▄[48;2;70;93;83m[38;2;74;97;88m▄[48;2;71;91;80m[38;2;101;120;108m▄[48;2;93;110;97m[38;2;120;131;116m▄[48;2;146;157;145m[38;2;162;167;150m▄[48;2;157;165;154m[38;2;176;176;158m▄[48;2;144;152;143m[38;2;174;174;155m▄[48;2;132;140;135m[38;2;172;171;155m▄[48;2;139;146;141m[38;2;175;174;158m▄[48;2;151;153;145m[38;2;171;169;151m▄[48;2;167;169;162m[38;2;172;168;150m▄[48;2;149;152;146m[38;2;169;165;149m▄[48;2;125;134;125m[38;2;167;167;150m▄[48;2;154;168;155m[38;2;164;170;150m▄[48;2;156;169;154m[38;2;159;165;143m▄[48;2;149;157;142m[38;2;157;161;138m▄[48;2;166;167;150m[38;2;166;166;143m▄[48;2;149;141;122m[38;2;176;175;152m▄[48;2;111;97;77m[38;2;181;177;154m▄[48;2;95;74;54m[38;2;164;155;131m▄[48;2;102;74;53m[38;2;149;132;107m▄[48;2;141;106;84m[38;2;139;112;88m▄[48;2;129;89;67m[38;2;116;79;56m▄[48;2;132;88;64m[38;2;118;72;50m▄[48;2;134;91;68m[38;2;126;77;55m▄[48;2;113;74;55m[38;2;126;82;58m▄[48;2;76;41;25m[38;2;102;64;44m▄[48;2;84;52;37m[38;2;56;30;17m▄[48;2;123;85;67m[38;2;42;17;9m▄[48;2;183;130;101m[38;2;143;101;82m▄[48;2;211;141;106m[38;2;191;126;94m▄[48;2;212;138;105m[38;2;189;113;82m▄[48;2;208;138;107m[38;2;187;115;86m▄[48;2;207;142;109m[38;2;184;115;86m▄[48;2;211;145;121m[38;2;178;110;89m▄[48;2;209;146;125m[38;2;157;92;75m▄[48;2;190;130;106m[38;2;119;58;37m▄[48;2;165;108;80m[38;2;172;115;87m▄[48;2;212;155;128m[38;2;188;132;104m▄[48;2;219;160;141m[38;2;100;42;27m▄[48;2;182;121;105m[38;2;71;12;5m▄[48;2;173;109;94m[38;2;107;49;35m▄[48;2;149;86;72m[38;2;101;45;33m▄[48;2;111;50;35m[38;2;74;20;10m▄[48;2;121;60;44m[38;2;70;17;6m▄[48;2;143;81;62m[38;2;95;40;25m▄[48;2;134;69;48m[38;2;162;104;84m▄[48;2;162;96;73m[38;2;147;85;63m▄[48;2;182;114;89m[38;2;121;59;37m▄[48;2;192;121;95m[38;2;138;78;57m▄[48;2;188;112;88m[38;2;143;77;60m▄[48;2;171;95;71m[38;2;130;66;46m▄[48;2;157;83;58m[38;2;122;61;39m▄[48;2;146;72;51m[38;2;114;51;34m▄[48;2;128;62;49m[38;2;114;58;47m▄[48;2;99;58;50m[38;2;90;56;49m▄[48;2;44;23;20m[38;2;20;6;4m▄[48;2;25;11;12m[38;2;28;18;18m▄[48;2;40;26;23m[38;2;43;30;24m▄[48;2;52;36;29m[38;2;68;49;37m▄[48;2;87;65;55m[38;2;89;64;47m▄[48;2;83;56;44m[38;2;88;61;42m▄[48;2;89;67;51m[38;2;160;140;120m▄[48;2;127;110;91m[38;2;216;207;185m▄[48;2;187;177;158m[38;2;186;186;162m▄[48;2;188;185;166m[38;2;132;136;111m▄[48;2;169;169;147m[38;2;121;127;97m▄[48;2;119;125;98m[38;2;116;123;92m▄[48;2;108;119;89m[38;2;128;138;106m▄[48;2;109;124;95m[38;2;112;124;97m▄[48;2;89;105;79m[38;2;89;102;80m▄[48;2;96;110;89m[38;2;86;100;84m▄[48;2;95;111;92m[38;2;80;94;82m▄[48;2;87;106;86m[38;2;85;100;89m▄[48;2;78;91;73m[38;2;80;94;83m▄[48;2;118;125;107m[38;2;73;83;69m▄[48;2;185;189;164m[38;2;106;116;94m▄[48;2;178;181;151m[38;2;143;152;124m▄[48;2;157;161;130m[38;2;110;118;88m▄[48;2;132;138;109m[38;2;96;103;75m▄[48;2;160;168;143m[38;2;125;133;111m▄[48;2;170;176;156m[38;2;109;119;101m▄[48;2;190;197;177m[38;2;111;121;104m▄[48;2;190;198;180m[38;2;142;153;138m▄[48;2;136;147;130m[38;2;122;133;119m▄[48;2;119;133;116m[38;2;113;125;112m▄[48;2;97;112;98m[38;2;89;102;90m▄[48;2;103;120;107m[38;2;95;109;98m▄[48;2;109;121;110m[38;2;77;87;79m▄[48;2;48;47;39m[38;2;24;23;19m▄[48;2;95;86;77m[38;2;75;65;60m▄[48;2;154;137;128m[38;2;150;132;123m▄[48;2;150;133;120m[38;2;180;161;148m▄[48;2;141;125;110m[38;2;189;171;156m▄[48;2;137;122;107m[38;2;170;154;136m▄[48;2;170;153;140m[38;2;141;123;107m▄[48;2;172;155;141m[38;2;139;121;104m▄[48;2;166;150;133m[38;2;156;139;121m▄[48;2;150;132;116m[38;2;145;127;109m▄[48;2;137;118;102m[38;2;140;120;103m▄[48;2;155;135;120m[38;2;144;123;106m▄[48;2;181;164;147m[38;2;167;147;130m▄[48;2;172;156;139m[38;2;198;181;163m▄[48;2;182;169;151m[38;2;189;174;155m▄[48;2;162;148;133m[38;2;177;162;147m▄[48;2;173;156;146m[38;2;179;162;150m▄[48;2;196;179;170m[38;2;165;147;131m▄[48;2;192;174;164m[38;2;147;128;110m▄[48;2;172;155;142m[38;2;148;128;109m▄[48;2;173;157;142m[38;2;160;141;123m▄[48;2;182;168;151m[38;2;195;178;158m▄[48;2;180;167;150m[38;2;209;194;173m▄[48;2;165;152;136m[38;2;192;177;156m▄[48;2;171;156;141m[38;2;169;151;136m▄[0m
[48;2;169;150;133m[38;2;179;161;141m▄[48;2;162;143;126m[38;2;182;164;142m▄[48;2;192;173;156m[38;2;178;160;139m▄[48;2;165;145;128m[38;2;136;117;99m▄[48;2;156;137;120m[38;2;138;119;103m▄[48;2;166;147;130m[38;2;163;144;125m▄[48;2;183;163;146m[38;2;180;161;140m▄[48;2;165;144;128m[38;2;159;138;118m▄[48;2;152;131;112m[38;2;140;119;98m▄[48;2;137;116;93m[38;2;161;138;118m▄[48;2;152;131;106m[38;2;183;159;138m▄[48;2;163;142;115m[38;2;168;145;123m▄[48;2;172;150;125m[38;2;157;134;113m▄[48;2;173;150;130m[38;2;172;150;128m▄[48;2;190;166;149m[38;2;172;151;130m▄[48;2;144;124;112m[38;2;172;151;134m▄[48;2;51;37;31m[38;2;72;58;50m▄[48;2;54;49;44m[38;2;47;39;38m▄[48;2;80;83;77m[38;2;88;84;81m▄[48;2;107;114;102m[38;2;175;168;158m▄[48;2;105;112;94m[38;2;177;168;152m▄[48;2;133;138;118m[38;2;177;169;154m▄[48;2;136;139;121m[38;2;174;169;157m▄[48;2;113;117;105m[38;2;164;161;150m▄[48;2;125;127;114m[38;2;161;153;141m▄[48;2;144;143;131m[38;2;166;152;139m▄[48;2;156;155;146m[38;2;183;171;161m▄[48;2;141;144;137m[38;2;118;115;108m▄[48;2;81;92;87m[38;2;83;92;88m▄[48;2;74;94;83m[38;2;76;96;89m▄[48;2;78;101;89m[38;2;70;94;85m▄[48;2;88;102;94m[38;2;73;91;79m▄[48;2;99;112;97m[38;2;90;106;91m▄[48;2;112;122;100m[38;2;110;122;105m▄[48;2;125;134;110m[38;2;118;128;109m▄[48;2;116;126;107m[38;2;117;126;111m▄[48;2;111;123;110m[38;2;114;126;116m▄[48;2;100;114;105m[38;2;96;110;104m▄[48;2;88;105;98m[38;2;91;109;105m▄[48;2;89;105;101m[38;2;85;104;100m▄[48;2;91;106;99m[38;2;96;113;106m▄[48;2;101;117;104m[38;2;98;113;102m▄[48;2;100;117;101m[38;2;90;103;91m▄[48;2;88;107;92m[38;2;99;113;100m▄[48;2;87;106;95m[38;2;97;114;104m▄[48;2;85;105;99m[38;2;89;109;101m▄[48;2;88;109;105m[38;2;113;135;130m▄[48;2;79;98;92m[38;2;89;111;107m▄[48;2;87;101;91m[38;2;69;88;80m▄[48;2;143;149;132m[38;2;123;136;119m▄[48;2;215;214;191m[38;2;217;222;196m▄[48;2;225;218;191m[38;2;220;215;181m▄[48;2;227;218;188m[38;2;217;206;168m▄[48;2;226;215;185m[38;2;222;210;172m▄[48;2;221;212;181m[38;2;221;210;172m▄[48;2;218;212;181m[38;2;219;208;171m▄[48;2;219;210;181m[38;2;215;202;170m▄[48;2;219;208;181m[38;2;216;203;172m▄[48;2;219;211;183m[38;2;216;205;172m▄[48;2;216;211;182m[38;2;213;203;168m▄[48;2;217;211;180m[38;2;209;198;162m▄[48;2;216;205;175m[38;2;210;197;167m▄[48;2;218;205;177m[38;2;215;199;170m▄[48;2;216;203;178m[38;2;213;196;163m▄[48;2;206;196;170m[38;2;207;194;164m▄[48;2;200;191;166m[38;2;205;197;171m▄[48;2;211;201;174m[38;2;194;190;161m▄[48;2;186;169;144m[38;2;168;162;131m▄[48;2;155;129;106m[38;2;194;179;148m▄[48;2;115;82;60m[38;2;162;135;107m▄[48;2;111;71;48m[38;2;127;88;61m▄[48;2;119;71;45m[38;2;123;73;45m▄[48;2;109;71;51m[38;2;115;78;54m▄[48;2;60;39;33m[38;2;56;37;32m▄[48;2;16;4;4m[38;2;22;17;20m▄[48;2;102;71;61m[38;2;70;49;37m▄[48;2;169;109;82m[38;2;176;117;87m▄[48;2;157;84;55m[38;2;141;67;41m▄[48;2;155;84;58m[38;2;125;60;42m▄[48;2;147;79;56m[38;2;118;54;38m▄[48;2;133;66;51m[38;2;88;32;16m▄[48;2;101;38;27m[38;2;105;55;37m▄[48;2;120;61;43m[38;2;152;101;80m▄[48;2;188;134;107m[38;2;200;145;122m▄[48;2;205;152;125m[38;2;219;162;138m▄[48;2;163;109;92m[38;2;220;164;142m▄[48;2;120;66;56m[38;2;192;135;120m▄[48;2;96;45;32m[38;2;163;100;92m▄[48;2;83;34;23m[38;2;144;82;73m▄[48;2;84;38;28m[38;2;134;73;63m▄[48;2;86;41;30m[38;2;133;76;63m▄[48;2;111;63;51m[38;2;139;86;73m▄[48;2;157;106;89m[38;2;150;102;87m▄[48;2;164;108;86m[38;2;140;94;78m▄[48;2;120;68;46m[38;2;107;65;50m▄[48;2;88;42;26m[38;2;87;44;27m▄[48;2;93;42;28m[38;2;96;46;29m▄[48;2;99;47;31m[38;2;109;58;44m▄[48;2;99;48;29m[38;2;97;47;35m▄[48;2;99;47;31m[38;2;104;52;38m▄[48;2;109;64;53m[38;2;114;68;55m▄[48;2;82;58;51m[38;2;76;53;49m▄[48;2;22;14;10m[38;2;22;13;15m▄[48;2;38;30;27m[38;2;46;34;27m▄[48;2;48;34;24m[38;2;74;54;37m▄[48;2;95;72;54m[38;2;118;89;63m▄[48;2;129;99;74m[38;2;160;128;98m▄[48;2;115;86;59m[38;2;117;90;60m▄[48;2;197;178;152m[38;2;180;162;131m▄[48;2;192;186;161m[38;2;174;164;130m▄[48;2;133;138;109m[38;2;148;147;106m▄[48;2;124;132;97m[38;2;162;165;124m▄[48;2;122;128;95m[38;2;120;121;90m▄[48;2;115;119;89m[38;2;111;112;85m▄[48;2;128;132;106m[38;2;125;128;101m▄[48;2;103;108;88m[38;2;97;102;83m▄[48;2;78;87;71m[38;2;75;83;73m▄[48;2;79;91;78m[38;2;84;93;81m▄[48;2;86;97;88m[38;2;94;102;87m▄[48;2;83;92;86m[38;2;114;121;103m▄[48;2;73;81;75m[38;2;117;125;103m▄[48;2;67;76;65m[38;2;93;102;83m▄[48;2;96;105;87m[38;2;102;111;92m▄[48;2;133;142;116m[38;2;120;129;102m▄[48;2;125;131;104m[38;2;125;132;100m▄[48;2;138;140;115m[38;2;138;140;117m▄[48;2;124;128;108m[38;2;111;116;100m▄[48;2;109;119;101m[38;2;93;104;88m▄[48;2;81;91;74m[38;2;85;92;75m▄[48;2;117;126;109m[38;2;131;132;112m▄[48;2;147;155;139m[38;2;204;200;177m▄[48;2;125;132;119m[38;2;203;197;172m▄[48;2;126;131;118m[38;2;211;206;185m▄[48;2;136;143;131m[38;2;167;163;147m▄[48;2;60;64;58m[38;2;38;37;31m▄[48;2;22;20;19m[38;2;35;32;32m▄[48;2;63;51;47m[38;2;79;64;59m▄[48;2;168;147;138m[38;2;118;93;83m▄[48;2;180;159;144m[38;2;159;135;117m▄[48;2;156;136;117m[38;2;131;113;89m▄[48;2;166;148;127m[38;2;136;120;97m▄[48;2;151;132;112m[38;2;157;140;120m▄[48;2;131;111;94m[38;2;157;137;121m▄[48;2;148;128;112m[38;2;149;127;112m▄[48;2;137;116;99m[38;2;155;133;118m▄[48;2;141;119;103m[38;2;149;126;111m▄[48;2;157;134;118m[38;2;170;147;131m▄[48;2;138;115;99m[38;2;159;137;120m▄[48;2;163;142;125m[38;2;166;144;125m▄[48;2;190;171;153m[38;2;192;171;152m▄[48;2;199;182;165m[38;2;170;149;130m▄[48;2;198;182;165m[38;2;166;144;123m▄[48;2;172;154;133m[38;2;176;155;133m▄[48;2;154;135;110m[38;2;167;147;125m▄[48;2;173;152;130m[38;2;181;162;141m▄[48;2;172;152;132m[38;2;205;185;165m▄[48;2;184;166;147m[38;2;179;160;139m▄[48;2;193;176;157m[38;2;154;133;112m▄[48;2;186;173;150m[38;2;157;139;119m▄[48;2;193;175;158m[38;2;170;157;139m▄[0m
[48;2;172;154;134m[38;2;184;167;148m▄[48;2;164;146;124m[38;2;183;165;143m▄[48;2;161;143;121m[38;2;185;167;146m▄[48;2;148;130;112m[38;2;188;169;152m▄[48;2;155;136;120m[38;2;152;133;116m▄[48;2;157;139;119m[38;2;135;116;96m▄[48;2;151;132;109m[38;2;143;125;102m▄[48;2;155;136;116m[38;2;137;119;99m▄[48;2;185;165;146m[38;2;168;149;130m▄[48;2;190;169;149m[38;2;170;149;130m▄[48;2;190;167;148m[38;2;160;139;120m▄[48;2;183;159;141m[38;2;175;154;135m▄[48;2;175;154;134m[38;2;203;183;163m▄[48;2;179;158;137m[38;2;185;166;146m▄[48;2;159;140;118m[38;2;160;142;122m▄[48;2;188;166;148m[38;2;208;187;170m▄[48;2;115;99;91m[38;2;145;126;119m▄[48;2;38;28;28m[38;2;41;29;29m▄[48;2;72;64;62m[38;2;65;54;53m▄[48;2;143;130;120m[38;2;132;118;108m▄[48;2;159;144;129m[38;2;162;146;132m▄[48;2;138;124;111m[38;2;150;136;121m▄[48;2;122;111;102m[38;2;154;139;127m▄[48;2;132;119;107m[38;2;161;140;127m▄[48;2;155;137;125m[38;2;171;147;133m▄[48;2;173;152;140m[38;2;204;180;167m▄[48;2;171;157;147m[38;2;163;147;137m▄[48;2;65;63;57m[38;2;55;53;46m▄[48;2;84;96;92m[38;2;82;95;89m▄[48;2;77;99;93m[38;2;83;106;98m▄[48;2;76;103;94m[38;2;74;101;91m▄[48;2;75;97;85m[38;2;76;99;90m▄[48;2;84;103;89m[38;2;82;102;92m▄[48;2;110;125;111m[38;2;89;106;95m▄[48;2;116;127;113m[38;2;103;116;104m▄[48;2;105;117;105m[38;2;114;126;116m▄[48;2;111;124;116m[38;2;93;105;97m▄[48;2;93;108;103m[38;2;83;96;90m▄[48;2;91;109;105m[38;2;78;95;89m▄[48;2;86;109;103m[38;2;76;98;92m▄[48;2;84;104;97m[38;2;74;93;86m▄[48;2;93;110;101m[38;2;78;94;86m▄[48;2;109;124;112m[38;2;89;103;92m▄[48;2;106;121;111m[38;2;91;104;94m▄[48;2;106;123;115m[38;2;85;99;92m▄[48;2;87;107;100m[38;2;69;86;81m▄[48;2;73;95;91m[38;2;68;84;80m▄[48;2;75;98;94m[38;2;74;89;85m▄[48;2;79;101;94m[38;2;74;90;84m▄[48;2;100;117;105m[38;2;73;86;76m▄[48;2;142;150;128m[38;2;72;78;61m▄[48;2;187;185;153m[38;2;154;152;128m▄[48;2;212;205;170m[38;2;206;201;174m▄[48;2;180;171;138m[38;2;139;132;108m▄[48;2;173;165;132m[38;2;128;122;97m▄[48;2;216;206;172m[38;2;170;165;135m▄[48;2;201;191;160m[38;2;149;145;118m▄[48;2;161;152;122m[38;2;126;125;99m▄[48;2;196;190;159m[38;2;165;166;139m▄[48;2;196;192;156m[38;2;163;166;135m▄[48;2;151;147;113m[38;2;134;138;107m▄[48;2;160;154;125m[38;2;121;122;95m▄[48;2;189;182;153m[38;2;147;148;121m▄[48;2;215;206;170m[38;2;200;199;169m▄[48;2;205;197;166m[38;2;151;150;123m▄[48;2;203;200;173m[38;2;148;144;121m▄[48;2;197;194;165m[38;2;169;161;134m▄[48;2;178;169;137m[38;2;185;166;136m▄[48;2;190;169;136m[38;2;177;145;113m▄[48;2;158;122;92m[38;2;172;125;97m▄[48;2;177;130;104m[38;2;178;126;102m▄[48;2;146;99;74m[38;2;132;93;72m▄[48;2;104;70;49m[38;2;72;46;32m▄[48;2;55;38;33m[38;2;50;35;33m▄[48;2;29;25;28m[38;2;33;28;29m▄[48;2;37;23;17m[38;2;21;12;6m▄[48;2;169;116;89m[38;2;134;97;80m▄[48;2;156;84;59m[38;2;175;110;84m▄[48;2;143;77;56m[38;2;161;89;60m▄[48;2;129;67;46m[38;2;168;104;75m▄[48;2;100;48;28m[38;2;149;94;68m▄[48;2;96;51;33m[38;2;137;88;67m▄[48;2;118;70;55m[38;2;110;62;47m▄[48;2;154;100;86m[38;2;75;25;17m▄[48;2;161;101;85m[38;2;95;34;22m▄[48;2;154;95;73m[38;2;127;62;49m▄[48;2;141;82;61m[38;2;138;79;61m▄[48;2;138;77;63m[38;2;132;87;60m▄[48;2;150;89;75m[38;2;119;71;50m▄[48;2;128;69;53m[38;2;139;89;71m▄[48;2;118;64;48m[38;2;130;81;67m▄[48;2;107;61;45m[38;2;112;65;53m▄[48;2;85;48;35m[38;2;76;33;24m▄[48;2;55;29;20m[38;2;68;31;24m▄[48;2;48;18;9m[38;2;123;83;67m▄[48;2;107;62;40m[38;2;167;120;89m▄[48;2;151;99;75m[38;2;167;116;85m▄[48;2;126;74;56m[38;2;112;62;38m▄[48;2;99;49;36m[38;2;103;57;39m▄[48;2;105;55;39m[38;2;100;58;39m▄[48;2;108;64;48m[38;2;95;61;45m▄[48;2;66;42;38m[38;2;45;29;22m▄[48;2;22;13;15m[38;2;22;14;12m▄[48;2;57;42;34m[38;2;55;39;30m▄[48;2;99;75;55m[38;2;112;88;70m▄[48;2;144;113;85m[38;2;154;123;98m▄[48;2;148;117;88m[38;2;132;102;75m▄[48;2;137;113;83m[38;2;174;149;124m▄[48;2;199;182;151m[38;2;201;184;156m▄[48;2;200;189;152m[38;2;185;173;137m▄[48;2;194;191;147m[38;2;172;168;129m▄[48;2;150;154;113m[38;2;132;137;104m▄[48;2;116;118;89m[38;2;107;111;87m▄[48;2;119;124;96m[38;2;116;122;98m▄[48;2;124;131;102m[38;2;122;130;106m▄[48;2;96;104;84m[38;2;107;116;98m▄[48;2;76;83;73m[38;2;87;96;84m▄[48;2;99;110;95m[38;2;87;99;85m▄[48;2;108;118;97m[38;2;111;121;100m▄[48;2;127;132;108m[38;2;118;122;97m▄[48;2;115;121;93m[38;2;133;134;109m▄[48;2;106;110;88m[38;2;146;141;123m▄[48;2;110;114;96m[38;2;146;138;124m▄[48;2;128;131;106m[38;2;156;147;127m▄[48;2;130;134;102m[38;2;148;142;117m▄[48;2;121;121;99m[38;2;136;130;110m▄[48;2;104;107;93m[38;2;122;119;105m▄[48;2;89;97;82m▄[48;2;104;105;90m[38;2;138;131;117m▄[48;2;153;149;129m[38;2;173;163;146m▄[48;2;186;177;151m[38;2;167;155;133m▄[48;2;181;171;144m[38;2;159;148;125m▄[48;2;190;182;160m[38;2;150;143;126m▄[48;2;104;97;84m[38;2;58;52;43m▄[48;2;26;23;17m[38;2;37;31;27m▄[48;2;55;48;47m[38;2;61;49;44m▄[48;2;69;51;45m[38;2;57;36;28m▄[48;2;99;73;61m[38;2;111;85;70m▄[48;2;161;136;116m[38;2;181;155;135m▄[48;2;129;110;87m[38;2;175;153;131m▄[48;2;122;106;85m[38;2;151;133;114m▄[48;2;166;151;133m[38;2;161;145;130m▄[48;2;174;154;140m[38;2;180;163;148m▄[48;2;148;126;111m[38;2;187;167;151m▄[48;2;143;122;107m[38;2;175;156;140m▄[48;2;140;119;103m[38;2;150;131;115m▄[48;2;147;126;109m[38;2;134;114;97m▄[48;2;172;151;133m[38;2;158;139;122m▄[48;2;172;152;133m[38;2;164;144;126m▄[48;2;174;154;135m[38;2;139;120;102m▄[48;2;158;136;115m[38;2;167;146;128m▄[48;2;157;135;113m[38;2;178;158;138m▄[48;2;188;167;147m[38;2;153;134;115m▄[48;2;196;177;159m[38;2;140;122;104m▄[48;2;191;172;154m[38;2;142;125;107m▄[48;2;188;168;150m[38;2;135;116;99m▄[48;2;147;126;106m[38;2;140;121;103m▄[48;2;149;127;105m[38;2;172;152;132m▄[48;2;186;167;147m[38;2;202;185;167m▄[48;2;144;131;114m[38;2;139;125;110m▄[0m
[48;2;155;139;121m[38;2;145;129;112m▄[48;2;152;133;112m[38;2;157;139;118m▄[48;2;160;141;120m[38;2;165;144;123m▄[48;2;153;132;115m[38;2;159;137;118m▄[48;2;141;121;103m[38;2;162;140;123m▄[48;2;166;145;126m[38;2;149;128;109m▄[48;2;151;132;111m[38;2;158;140;119m▄[48;2;132;115;96m[38;2;139;122;103m▄[48;2;134;117;99m[38;2;120;103;85m▄[48;2;127;108;89m[38;2;110;91;72m▄[48;2;157;136;117m[38;2;145;124;103m▄[48;2;174;153;134m[38;2;173;152;133m▄[48;2;171;152;134m[38;2;166;146;128m▄[48;2;176;159;141m[38;2;157;139;123m▄[48;2;137;119;102m[38;2;91;73;59m▄[48;2;181;161;145m[38;2;83;65;50m▄[48;2;161;143;134m[38;2;130;111;101m▄[48;2;48;32;30m[38;2;100;82;77m▄[48;2;54;40;37m[38;2;81;66;61m▄[48;2;115;101;91m[38;2;114;101;92m▄[48;2;168;152;138m[38;2;173;158;145m▄[48;2;160;143;127m[38;2;177;158;142m▄[48;2;153;134;120m[38;2;169;148;131m▄[48;2;173;152;135m[38;2;169;153;133m▄[48;2;180;157;141m[38;2;188;171;152m▄[48;2;191;169;154m[38;2;194;176;160m▄[48;2;124;109;99m[38;2;99;86;74m▄[48;2;55;52;45m[38;2;57;50;45m▄[48;2;79;86;81m[38;2;85;83;79m▄[48;2;93;108;100m[38;2;130;129;121m▄[48;2;71;88;79m[38;2;119;118;107m▄[48;2;69;85;76m[38;2;111;115;103m▄[48;2;81;95;85m[38;2;119;123;110m▄[48;2;78;90;79m[38;2;128;128;113m▄[48;2;91;99;88m[38;2;123;120;105m▄[48;2;112;118;106m[38;2;124;120;104m▄[48;2;103;108;97m[38;2;160;155;139m▄[48;2;111;116;107m[38;2;180;175;160m▄[48;2;112;119;111m[38;2;178;171;157m▄[48;2;114;124;115m[38;2;173;165;154m▄[48;2;115;124;114m[38;2;183;175;163m▄[48;2;117;123;113m[38;2;184;173;160m▄[48;2;134;137;126m[38;2;183;171;158m▄[48;2;138;139;129m[38;2;183;170;157m▄[48;2;125;126;118m[38;2;191;178;167m▄[48;2;119;122;115m[38;2;191;177;168m▄[48;2;126;129;123m[38;2;186;174;164m▄[48;2;125;128;121m[38;2;181;171;157m▄[48;2;112;117;109m[38;2;174;167;153m▄[48;2;119;125;114m[38;2;177;171;158m▄[48;2;120;120;105m[38;2;180;171;156m▄[48;2;154;149;129m[38;2;175;164;145m▄[48;2;175;166;146m[38;2;178;163;144m▄[48;2;144;136;117m[38;2;179;167;150m▄[48;2;147;141;122m[38;2;180;169;154m▄[48;2;157;150;127m[38;2;184;173;157m▄[48;2;149;144;124m[38;2;179;169;157m▄[48;2;128;127;109m[38;2;98;91;79m▄[48;2;131;133;111m[38;2;105;102;86m▄[48;2;140;144;118m[38;2;147;144;124m▄[48;2;156;160;134m[38;2;154;151;130m▄[48;2;127;130;107m[38;2;162;159;142m▄[48;2;136;137;116m[38;2;186;180;164m▄[48;2;149;148;125m[38;2;183;172;157m▄[48;2;124;122;101m[38;2;179;169;154m▄[48;2;133;126;105m[38;2;177;164;147m▄[48;2;153;137;113m[38;2;141;118;96m▄[48;2;150;121;93m[38;2;155;122;94m▄[48;2;158;118;88m[38;2;140;101;71m▄[48;2;154;105;77m[38;2;142;101;71m▄[48;2;147;100;76m[38;2;110;75;51m▄[48;2;99;71;54m[38;2;79;59;47m▄[48;2;64;46;39m[38;2;52;37;36m▄[48;2;40;29;28m[38;2;34;26;26m▄[48;2;34;27;27m[38;2;47;41;41m▄[48;2;13;9;9m[38;2;20;18;21m▄[48;2;79;57;51m[38;2;21;13;13m▄[48;2;173;118;95m[38;2;137;100;82m▄[48;2;167;92;60m[38;2;172;106;74m▄[48;2;165;95;67m[38;2;163;94;60m▄[48;2;176;116;84m[38;2;174;109;72m▄[48;2;197;144;109m[38;2;202;143;102m▄[48;2;211;160;127m[38;2;218;162;122m▄[48;2;184;128;101m[38;2;210;152;119m▄[48;2;183;120;103m[38;2;189;124;101m▄[48;2;211;139;132m[38;2;190;117;104m▄[48;2;223;154;144m[38;2;208;128;120m▄[48;2;220;162;140m[38;2;212;129;120m▄[48;2;207;148;131m[38;2;194;114;106m▄[48;2;204;143;131m[38;2;168;91;84m▄[48;2;180;118;109m[38;2;134;63;54m▄[48;2;145;83;76m[38;2;114;49;37m▄[48;2;123;64;54m[38;2;124;65;47m▄[48;2;137;80;68m[38;2;134;81;57m▄[48;2;156;102;83m[38;2;152;101;74m▄[48;2;172;122;90m[38;2;135;84;57m▄[48;2;127;76;47m[38;2;102;54;30m▄[48;2;105;56;31m[38;2;110;63;42m▄[48;2;104;61;42m[38;2;95;56;40m▄[48;2;90;55;40m[38;2;88;60;52m▄[48;2;87;63;52m[38;2;60;44;41m▄[48;2;28;18;13m[38;2;20;11;10m▄[48;2;28;19;15m[38;2;40;28;23m▄[48;2;57;36;28m[38;2;69;46;35m▄[48;2;117;91;74m[38;2;86;59;41m▄[48;2;124;94;69m[38;2;142;112;87m▄[48;2;169;140;115m[38;2;181;153;130m▄[48;2;183;159;136m[38;2;168;147;124m▄[48;2;170;154;127m[38;2;152;136;109m▄[48;2;143;130;94m[38;2;165;151;114m▄[48;2;123;115;79m[38;2;172;160;121m▄[48;2;110;109;83m[38;2;173;164;129m▄[48;2;97;97;74m[38;2;168;160;123m▄[48;2;106;106;84m[38;2;172;165;128m▄[48;2;111;113;90m[38;2;172;165;131m▄[48;2;95;99;80m[38;2;171;166;132m▄[48;2;73;78;62m[38;2;166;162;128m▄[48;2;68;74;59m[38;2;161;159;126m▄[48;2;105;110;88m[38;2;170;170;137m▄[48;2;104;106;78m[38;2;145;143;115m▄[48;2;137;133;112m[38;2;107;98;79m▄[48;2;167;156;141m[38;2;179;162;149m▄[48;2;169;151;139m[38;2;173;152;138m▄[48;2;165;148;130m[38;2;144;122;105m▄[48;2;150;135;115m[38;2;145;125;109m▄[48;2;152;140;122m[38;2;178;160;144m▄[48;2;131;120;105m[38;2;157;141;124m▄[48;2;124;112;99m[38;2;153;135;121m▄[48;2;124;109;96m[38;2;167;148;135m▄[48;2;136;119;105m[38;2;149;130;115m▄[48;2;149;133;115m[38;2;138;120;104m▄[48;2;138;125;107m[38;2;147;132;116m▄[48;2;107;97;84m[38;2;95;85;73m▄[48;2;39;33;28m[38;2;40;32;29m▄[48;2;46;36;32m[38;2;58;44;40m▄[48;2;91;74;64m[38;2;131;110;97m▄[48;2;78;56;43m[38;2;83;61;45m▄[48;2;134;106;90m[38;2;145;119;100m▄[48;2;154;126;106m[38;2;126;99;78m▄[48;2;159;134;114m[38;2;133;107;88m▄[48;2;145;125;107m[38;2;166;144;127m▄[48;2;131;115;101m[38;2;156;140;124m▄[48;2;131;114;99m[38;2;147;131;116m▄[48;2;142;123;107m[38;2;178;160;143m▄[48;2;124;105;89m[38;2;191;174;157m▄[48;2;128;109;93m[38;2;166;148;132m▄[48;2;144;126;110m[38;2;130;112;96m▄[48;2;141;122;106m[38;2;133;115;99m▄[48;2;139;120;103m[38;2;134;117;101m▄[48;2;148;129;112m[38;2;123;105;89m▄[48;2;173;154;137m[38;2;127;110;94m▄[48;2;179;161;143m[38;2;136;118;101m▄[48;2;134;117;99m[38;2;132;114;98m▄[48;2;125;108;91m[38;2;157;139;122m▄[48;2;150;133;116m[38;2;185;165;148m▄[48;2;146;129;112m[38;2;195;176;159m▄[48;2;165;148;130m[38;2;208;190;174m▄[48;2;186;168;150m[38;2;212;194;178m▄[48;2;172;155;140m[38;2;133;118;105m▄[48;2;87;73;60m[38;2;41;26;17m▄[0m
[48;2;170;156;140m[38;2;162;148;135m▄[48;2;168;151;131m[38;2;181;164;145m▄[48;2;179;158;137m[38;2;186;164;144m▄[48;2;175;152;133m[38;2;184;161;142m▄[48;2;125;102;85m[38;2;170;148;131m▄[48;2;133;112;92m[38;2;177;156;137m▄[48;2;179;161;140m[38;2;151;132;111m▄[48;2;185;168;149m[38;2;145;126;105m▄[48;2;164;145;125m[38;2;145;124;103m▄[48;2;122;102;80m[38;2;146;125;101m▄[48;2;152;131;108m[38;2;168;145;121m▄[48;2;156;136;114m[38;2;158;136;114m▄[48;2;165;144;126m[38;2;159;137;118m▄[48;2;174;155;140m[38;2;189;166;151m▄[48;2;94;75;62m[38;2;107;88;75m▄[48;2;66;51;37m[38;2;75;62;49m▄[48;2;117;99;89m[38;2;171;155;143m▄[48;2;89;71;64m[38;2;94;77;67m▄[48;2;67;51;44m[38;2;50;35;27m▄[48;2;104;91;83m[38;2;88;78;69m▄[48;2;179;167;153m[38;2;166;156;141m▄[48;2;187;170;151m[38;2;182;165;144m▄[48;2;187;165;145m[38;2;181;158;135m▄[48;2;180;166;144m[38;2;185;166;146m▄[48;2;190;174;155m[38;2;191;173;154m▄[48;2;190;174;158m[38;2;153;137;122m▄[48;2;109;97;85m[38;2;76;64;54m▄[48;2;51;42;36m[38;2;53;44;37m▄[48;2;103;95;89m[38;2;90;80;72m▄[48;2;186;173;163m[38;2;181;165;150m▄[48;2;188;173;160m[38;2;198;179;160m▄[48;2;197;188;173m[38;2;199;183;166m▄[48;2;195;186;170m[38;2;196;180;163m▄[48;2;180;169;153m[38;2;174;157;141m▄[48;2;164;152;136m[38;2;166;148;133m▄[48;2;164;151;134m[38;2;167;148;133m▄[48;2;165;151;133m[38;2;170;150;135m▄[48;2;163;147;131m[38;2;169;150;133m▄[48;2;161;144;128m[38;2;161;142;126m▄[48;2;154;134;120m[38;2;175;153;139m▄[48;2;164;143;130m[38;2;174;152;138m▄[48;2;168;147;132m[38;2;178;158;144m▄[48;2;169;148;134m[38;2;187;168;153m▄[48;2;139;118;103m[38;2;110;91;77m▄[48;2;155;134;119m[38;2;136;119;103m▄[48;2;197;178;164m[38;2;202;186;171m▄[48;2;185;165;151m[38;2;191;174;157m▄[48;2;198;179;162m[38;2;191;170;153m▄[48;2;189;174;158m[38;2;181;164;149m▄[48;2;169;157;143m[38;2;175;161;148m▄[48;2;182;168;152m[38;2;178;164;150m▄[48;2;185;168;151m[38;2;188;171;156m▄[48;2;197;179;162m[38;2;193;174;159m▄[48;2;192;174;159m[38;2;189;172;161m▄[48;2;179;164;152m[38;2;186;171;161m▄[48;2;199;186;172m[38;2;197;183;170m▄[48;2;149;136;126m[38;2;115;101;91m▄[48;2;103;90;82m[38;2;144;131;123m▄[48;2;158;148;136m[38;2;204;192;180m▄[48;2;164;154;137m[38;2;190;177;160m▄[48;2;149;140;122m[38;2;187;173;156m▄[48;2;151;140;126m[38;2;192;175;162m▄[48;2;172;157;145m[38;2;193;174;163m▄[48;2;174;155;143m[38;2;195;175;163m▄[48;2;170;153;140m[38;2;139;122;108m▄[48;2;153;135;118m[38;2;145;126;109m▄[48;2;123;96;75m[38;2;129;97;77m▄[48;2;134;97;71m[38;2;117;76;53m▄[48;2;146;108;80m[38;2;167;128;105m▄[48;2;148;115;87m[38;2;165;137;114m▄[48;2;76;54;31m[38;2;60;45;26m▄[48;2;56;42;33m[38;2;33;23;17m▄[48;2;38;26;27m[38;2;54;41;42m▄[48;2;56;48;49m[38;2;46;39;41m▄[48;2;51;45;46m[38;2;28;22;24m▄[48;2;29;27;31m[38;2;19;14;18m▄[48;2;8;7;9m[38;2;15;17;18m▄[48;2;64;45;37m[38;2;19;14;13m▄[48;2;158;112;86m[38;2;88;61;48m▄[48;2;170;110;71m[38;2;166;117;85m▄[48;2;173;110;71m[38;2;178;121;90m▄[48;2;196;133;96m[38;2;187;126;92m▄[48;2;212;151;116m[38;2;205;146;109m▄[48;2;215;156;124m[38;2;219;166;128m▄[48;2;199;138;110m[38;2;209;158;123m▄[48;2;171;106;79m[38;2;190;135;104m▄[48;2;143;71;52m[38;2;164;107;81m▄[48;2;127;53;43m[38;2;144;87;66m▄[48;2;118;46;35m[38;2;140;84;61m▄[48;2;111;43;28m[38;2;146;91;64m▄[48;2;112;48;30m[38;2;146;91;62m▄[48;2;120;61;39m[38;2;149;94;64m▄[48;2;132;77;50m[38;2;175;120;91m▄[48;2;160;109;78m[38;2;175;119;91m▄[48;2;147;97;68m[38;2;138;85;60m▄[48;2;114;66;45m[38;2;109;65;46m▄[48;2;104;60;42m[38;2;99;61;47m▄[48;2;98;55;40m[38;2;91;53;39m▄[48;2;90;53;41m[38;2;84;50;37m▄[48;2;61;38;34m[38;2;34;15;10m▄[48;2;19;8;11m[38;2;16;9;11m▄[48;2;23;13;13m[38;2;25;14;11m▄[48;2;46;29;22m[38;2;73;51;39m▄[48;2;91;66;51m[38;2;100;73;56m▄[48;2;97;69;48m[38;2;129;100;77m▄[48;2;139;109;85m[38;2;105;76;50m▄[48;2;175;149;125m[38;2;157;132;107m▄[48;2;170;151;128m[38;2;168;150;125m▄[48;2;152;137;108m[38;2;150;135;104m▄[48;2;195;181;142m[38;2;190;176;134m▄[48;2;223;209;163m[38;2;217;200;151m▄[48;2;220;204;153m[38;2;214;194;141m▄[48;2;221;207;149m[38;2;213;195;133m▄[48;2;222;208;153m[38;2;215;198;139m▄[48;2;218;205;153m[38;2;213;195;143m▄[48;2;219;207;153m[38;2;213;196;141m▄[48;2;221;210;154m[38;2;214;199;139m▄[48;2;215;204;152m[38;2;211;195;141m▄[48;2;222;214;171m[38;2;219;203;161m▄[48;2;172;165;136m[38;2;154;142;111m▄[48;2;100;86;70m[38;2;88;72;57m▄[48;2;178;160;147m[38;2;167;151;137m▄[48;2;185;165;148m[38;2;167;152;132m▄[48;2;191;171;153m[38;2;176;159;141m▄[48;2;185;163;150m[38;2;181;162;150m▄[48;2;182;163;147m[38;2;165;145;129m▄[48;2;171;153;135m[38;2;169;152;132m▄[48;2;155;138;120m[38;2;171;155;137m▄[48;2;157;138;124m[38;2;168;151;136m▄[48;2;170;151;137m[38;2;181;164;149m▄[48;2;173;155;139m[38;2;195;178;160m▄[48;2;155;140;123m[38;2;170;153;135m▄[48;2;80;67;54m[38;2;72;57;44m▄[48;2;35;24;19m[38;2;33;18;12m▄[48;2;68;52;46m[38;2;89;70;63m▄[48;2;147;125;110m[38;2;154;133;117m▄[48;2;74;54;35m[38;2;71;54;34m▄[48;2;149;127;106m[38;2;146;128;105m▄[48;2;133;108;86m[38;2;140;117;94m▄[48;2;150;123;104m[38;2;153;125;105m▄[48;2;190;166;148m[38;2;181;155;136m▄[48;2;159;142;125m[38;2;176;159;140m▄[48;2;139;125;107m[38;2;165;151;132m▄[48;2;167;150;133m[38;2;165;149;131m▄[48;2;180;163;146m[38;2;128;112;95m▄[48;2;166;150;133m[38;2;137;121;105m▄[48;2;124;108;91m[38;2;173;157;141m▄[48;2;126;109;94m[38;2;179;163;149m▄[48;2;173;155;141m[38;2;165;150;134m▄[48;2;161;144;130m[38;2;154;138;124m▄[48;2;116;99;83m[38;2;168;151;137m▄[48;2;120;101;85m[38;2;143;123;107m▄[48;2;147;128;111m[38;2;128;107;89m▄[48;2;126;106;88m[38;2;164;142;123m▄[48;2;106;85;68m[38;2;143;119;101m▄[48;2;126;105;87m[38;2;142;120;101m▄[48;2;153;133;117m[38;2;149;129;110m▄[48;2;166;147;131m[38;2;147;127;110m▄[48;2;98;84;72m[38;2;56;42;33m▄[48;2;31;17;11m[38;2;41;29;25m▄[0m
[48;2;131;116;103m[38;2;132;115;104m▄[48;2;163;143;124m[38;2;148;126;107m▄[48;2;171;148;126m[38;2;162;138;115m▄[48;2;140;115;94m[38;2;137;114;91m▄[48;2;165;142;124m[38;2;134;113;93m▄[48;2;180;159;140m[38;2;141;120;99m▄[48;2;140;120;100m[38;2;149;127;107m▄[48;2;142;123;102m[38;2;147;130;108m▄[48;2;157;137;116m[38;2;155;135;116m▄[48;2;156;135;111m[38;2;165;144;123m▄[48;2;146;124;99m[38;2;163;142;121m▄[48;2;175;152;129m[38;2;188;167;147m▄[48;2;164;142;123m[38;2;144;123;104m▄[48;2;190;169;152m[38;2;151;132;115m▄[48;2;111;93;78m[38;2;115;98;82m▄[48;2;80;66;52m[38;2;87;71;55m▄[48;2;179;163;149m[38;2;178;162;145m▄[48;2;117;99;88m[38;2;136;121;107m▄[48;2;51;37;28m[38;2;46;32;22m▄[48;2;71;61;52m[38;2;62;51;45m▄[48;2;148;139;125m[38;2;121;110;101m▄[48;2;187;169;151m[38;2;174;156;142m▄[48;2;179;155;134m[38;2;186;165;146m▄[48;2;180;157;140m[38;2;178;156;140m▄[48;2;192;170;156m[38;2;193;171;159m▄[48;2;129;110;98m[38;2;116;95;83m▄[48;2;67;53;42m[38;2;127;109;95m▄[48;2;49;39;31m[38;2;78;65;55m▄[48;2;86;75;68m[38;2;66;55;51m▄[48;2;171;157;142m[38;2;169;155;147m▄[48;2;194;176;157m[38;2;186;169;154m▄[48;2;194;175;159m[38;2;183;165;152m▄[48;2;188;170;154m[38;2;192;175;161m▄[48;2;189;170;155m[38;2;187;170;153m▄[48;2;184;165;150m[38;2;185;169;150m▄[48;2;180;161;146m[38;2;175;159;139m▄[48;2;197;178;163m[38;2;179;162;144m▄[48;2;175;157;140m[38;2;166;149;131m▄[48;2;165;145;130m[38;2;168;150;134m▄[48;2;181;160;146m[38;2;187;168;150m▄[48;2;184;164;149m[38;2;173;152;133m▄[48;2;180;162;147m[38;2;182;161;146m▄[48;2;184;168;156m[38;2;178;160;149m▄[48;2;90;77;65m[38;2;63;51;42m▄[48;2;122;110;96m[38;2;108;97;88m▄[48;2;208;196;181m[38;2;183;168;156m▄[48;2;194;180;164m[38;2;168;152;137m▄[48;2;194;176;161m[38;2;169;154;143m▄[48;2;199;183;170m[38;2;169;156;145m▄[48;2;192;180;168m[38;2;164;149;139m▄[48;2;191;178;166m[38;2;168;154;143m▄[48;2;196;181;168m[38;2;166;152;141m▄[48;2;194;177;165m[38;2;170;156;145m▄[48;2;194;178;169m[38;2;168;155;143m▄[48;2;207;192;184m[38;2;178;165;154m▄[48;2;186;173;161m[38;2;142;132;121m▄[48;2;92;80;69m[38;2;89;76;66m▄[48;2;171;157;147m[38;2;180;165;152m▄[48;2;197;184;171m[38;2;198;182;169m▄[48;2;180;166;150m[38;2;191;175;160m▄[48;2;187;172;156m[38;2;190;175;161m▄[48;2;195;179;165m[38;2;190;176;163m▄[48;2;200;182;170m[38;2;203;190;176m▄[48;2;183;165;150m[38;2;138;124;107m▄[48;2;122;106;89m[38;2;129;110;92m▄[48;2;156;135;116m[38;2;169;142;123m▄[48;2;116;83;62m[38;2;134;101;78m▄[48;2;128;88;65m[38;2;128;92;67m▄[48;2;153;112;91m[38;2;132;93;67m▄[48;2;190;159;137m[38;2;193;154;127m▄[48;2;104;86;67m[38;2;164;131;106m▄[48;2;42;32;22m[38;2;75;53;36m▄[48;2;42;28;26m[38;2;41;22;14m▄[48;2;21;15;15m[38;2;40;27;26m▄[48;2;24;21;23m[38;2;33;27;29m▄[48;2;19;17;20m[38;2;25;26;26m▄[48;2;21;25;26m[38;2;32;35;35m▄[48;2;26;28;30m[38;2;22;23;27m▄[48;2;25;10;10m[38;2;19;13;17m▄[48;2;101;67;50m[38;2;57;38;30m▄[48;2;164;117;91m[38;2;127;87;64m▄[48;2;186;131;96m[38;2;151;98;66m▄[48;2;199;144;105m[38;2;183;130;97m▄[48;2;212;162;122m[38;2;206;154;122m▄[48;2;222;173;137m[38;2;219;165;133m▄[48;2;225;176;146m[38;2;233;182;151m▄[48;2;225;173;148m[38;2;234;186;159m▄[48;2;219;165;140m[38;2;230;179;154m▄[48;2;215;160;134m[38;2;221;167;141m▄[48;2;208;155;125m[38;2;215;159;133m▄[48;2;199;146;113m[38;2;206;150;124m▄[48;2;192;139;107m[38;2;183;129;103m▄[48;2;183;130;102m[38;2;154;103;77m▄[48;2;154;101;75m[38;2;116;70;45m▄[48;2;120;70;48m[38;2;103;58;38m▄[48;2;97;55;37m[38;2;97;54;40m▄[48;2;90;54;40m[38;2;79;42;30m▄[48;2;80;46;33m[38;2;62;31;22m▄[48;2;70;42;28m[38;2;70;45;34m▄[48;2;42;24;16m[38;2;54;33;21m▄[48;2;15;5;0m[38;2;87;67;49m▄[48;2;68;53;40m[38;2;156;136;112m▄[48;2;152;128;108m[38;2;180;159;130m▄[48;2;129;103;80m[38;2;172;149;117m▄[48;2;113;85;59m[38;2;107;81;54m▄[48;2;145;117;91m[38;2;137;109;87m▄[48;2;125;99;76m[38;2;133;105;87m▄[48;2;168;148;125m[38;2;138;115;97m▄[48;2;133;118;90m[38;2;137;123;100m▄[48;2;167;155;117m[38;2;123;118;91m▄[48;2;209;194;150m[38;2;166;161;123m▄[48;2;218;199;150m[38;2;205;193;144m▄[48;2;223;205;150m[38;2;210;195;148m▄[48;2;222;203;151m[38;2;214;196;147m▄[48;2;218;197;150m[38;2;213;194;140m▄[48;2;218;199;147m[38;2;215;197;140m▄[48;2;218;202;146m[38;2;214;198;142m▄[48;2;219;202;153m[38;2;220;207;155m▄[48;2;227;212;172m[38;2;221;212;169m▄[48;2;137;124;96m[38;2;116;106;85m▄[48;2;93;77;65m[38;2;90;76;69m▄[48;2;184;169;156m[38;2;175;162;149m▄[48;2;159;146;126m[38;2;165;151;134m▄[48;2;152;137;121m[38;2;166;150;137m▄[48;2;169;152;140m[38;2;156;142;126m▄[48;2;174;156;139m[38;2;152;139;120m▄[48;2;174;158;137m[38;2;158;144;126m▄[48;2;154;139;120m[38;2;175;158;140m▄[48;2;155;139;122m[38;2;172;154;136m▄[48;2;170;153;136m[38;2;165;147;130m▄[48;2;170;152;135m[38;2;167;148;132m▄[48;2;172;154;136m[38;2;180;161;143m▄[48;2;102;84;68m[38;2;156;138;118m▄[48;2;48;31;20m[38;2;98;79;58m▄[48;2;131;113;100m[38;2;170;155;132m▄[48;2;165;147;129m[38;2;180;165;143m▄[48;2;70;53;32m[38;2;73;55;34m▄[48;2;141;122;100m[38;2;145;120;103m▄[48;2;147;123;101m[38;2;147;120;102m▄[48;2;189;162;141m[38;2;223;198;179m▄[48;2;158;134;114m[38;2;172;150;130m▄[48;2;161;145;122m[38;2;160;144;120m▄[48;2;134;121;100m[38;2;165;150;128m▄[48;2;142;128;108m[38;2;162;146;128m▄[48;2;162;146;128m[38;2;179;163;147m▄[48;2;169;153;136m[38;2;175;159;143m▄[48;2;176;160;144m[38;2;150;134;118m▄[48;2;172;156;141m[38;2;137;121;105m▄[48;2;158;142;127m[38;2;151;135;120m▄[48;2;121;105;91m[38;2;147;131;117m▄[48;2;149;132;117m[38;2;143;127;109m▄[48;2;180;161;143m[38;2;169;152;131m▄[48;2;174;153;134m[38;2;175;155;135m▄[48;2;206;183;163m[38;2;178;157;136m▄[48;2;210;186;166m[38;2;154;134;114m▄[48;2;184;161;143m[38;2;139;120;105m▄[48;2;184;165;149m[38;2;167;153;142m▄[48;2;121;103;89m[38;2;71;61;55m▄[48;2;21;6;0m[38;2;27;13;9m▄[48;2;75;60;57m[38;2;97;82;76m▄[0m
[48;2;124;110;102m[38;2;114;101;93m▄[48;2;156;136;120m[38;2;162;143;128m▄[48;2;143;122;100m[38;2;142;122;101m▄[48;2;120;101;80m[38;2;116;96;77m▄[48;2;133;113;94m[38;2;122;102;83m▄[48;2;153;133;114m[38;2;143;122;102m▄[48;2;130;108;87m[38;2;137;113;92m▄[48;2;154;134;112m[38;2;145;123;102m▄[48;2;168;147;126m[38;2;168;146;123m▄[48;2;150;128;107m[38;2;180;158;135m▄[48;2;155;133;111m[38;2;183;161;138m▄[48;2;190;168;148m[38;2;162;140;120m▄[48;2;177;157;137m[38;2;181;160;141m▄[48;2;145;126;108m[38;2;195;176;159m▄[48;2;98;81;65m[38;2;99;82;65m▄[48;2;94;78;61m[38;2;80;63;46m▄[48;2;173;156;140m[38;2;154;137;121m▄[48;2;168;153;139m[38;2;194;176;163m▄[48;2;49;35;25m[38;2;58;44;35m▄[48;2;57;46;40m[38;2;55;44;37m▄[48;2;119;108;99m[38;2;108;97;89m▄[48;2;182;166;152m[38;2;182;165;153m▄[48;2;176;156;137m[38;2;192;171;154m▄[48;2;187;167;149m[38;2;175;157;138m▄[48;2;200;177;164m[38;2;177;156;142m▄[48;2;121;99;87m[38;2;139;118;103m▄[48;2;165;148;132m[38;2;157;140;121m▄[48;2;128;117;104m[38;2;158;146;131m▄[48;2;53;42;36m[38;2;49;37;30m▄[48;2;147;133;124m[38;2;128;113;104m▄[48;2;188;171;155m[38;2;202;186;168m▄[48;2;178;160;146m[38;2;177;159;145m▄[48;2;178;160;147m[38;2;167;149;134m▄[48;2;176;159;142m[38;2;167;150;133m▄[48;2;176;159;141m[38;2;180;163;146m▄[48;2;178;161;142m[38;2;189;172;154m▄[48;2;165;148;129m[38;2;175;158;140m▄[48;2;165;148;131m[38;2;172;155;137m▄[48;2;172;155;138m[38;2;181;164;146m▄[48;2;170;151;133m[38;2;165;146;129m▄[48;2;169;148;130m[38;2;174;154;137m▄[48;2;176;156;140m[38;2;194;175;159m▄[48;2;149;132;121m[38;2;149;133;121m▄[48;2;45;33;25m[38;2;39;27;19m▄[48;2;77;66;56m[38;2;89;79;70m▄[48;2;117;104;91m[38;2;177;165;152m▄[48;2;110;94;79m[38;2;160;144;130m▄[48;2;101;87;75m[38;2;160;146;132m▄[48;2;107;94;82m[38;2;180;166;152m▄[48;2;98;84;72m[38;2;169;156;142m▄[48;2;87;73;60m[38;2;141;128;113m▄[48;2;93;79;67m[38;2;157;144;130m▄[48;2;105;91;79m[38;2;165;152;138m▄[48;2;116;102;90m[38;2;178;164;150m▄[48;2;113;100;89m[38;2;167;155;142m▄[48;2;77;66;56m[38;2;72;62;52m▄[48;2;112;101;90m[38;2;113;102;91m▄[48;2;183;169;158m[38;2;190;178;165m▄[48;2;186;171;157m[38;2;194;179;166m▄[48;2;181;165;150m[38;2;191;175;160m▄[48;2;189;174;159m[38;2;197;180;166m▄[48;2;198;184;171m[38;2;195;180;167m▄[48;2;170;156;143m[38;2;124;108;95m▄[48;2;98;83;67m[38;2;106;89;73m▄[48;2;141;121;103m[38;2;154;132;114m▄[48;2;164;136;116m[38;2;156;127;105m▄[48;2;147;112;88m[38;2;171;134;109m▄[48;2;137;97;71m[38;2;187;143;114m▄[48;2;121;79;51m[38;2;142;95;63m▄[48;2;176;133;102m[38;2;178;130;95m▄[48;2;201;159;131m[38;2;177;127;96m▄[48;2;145;106;88m[38;2;117;69;49m▄[48;2;99;66;56m[38;2;106;66;54m▄[48;2;84;60;57m[38;2;89;61;56m▄[48;2;52;40;39m[38;2;44;28;27m▄[48;2;29;26;24m[38;2;23;15;13m▄[48;2;18;20;18m[38;2;22;19;16m▄[48;2;15;17;17m[38;2;23;23;21m▄[48;2;18;15;17m[38;2;17;13;12m▄[48;2;53;34;28m[38;2;50;30;23m▄[48;2;142;103;79m[38;2;152;112;87m▄[48;2;128;75;43m[38;2;153;101;67m▄[48;2;126;75;43m[38;2;135;84;52m▄[48;2;162;111;80m[38;2;112;63;31m▄[48;2;194;140;108m[38;2;131;79;47m▄[48;2;208;157;127m[38;2;147;96;67m▄[48;2;210;159;132m[38;2;153;102;77m▄[48;2;202;144;119m[38;2;150;93;68m▄[48;2;199;140;114m[38;2;142;84;61m▄[48;2;194;135;110m[38;2;132;76;55m▄[48;2;176;119;96m[38;2;124;70;51m▄[48;2;149;96;76m[38;2;103;54;38m▄[48;2;109;62;44m[38;2;91;49;36m▄[48;2;95;53;37m[38;2;85;48;37m▄[48;2;92;52;38m[38;2;73;38;28m▄[48;2;77;38;27m[38;2;66;33;21m▄[48;2;66;30;19m[38;2;69;34;21m▄[48;2;65;32;20m[38;2;71;35;21m▄[48;2;71;42;29m[38;2;79;45;28m▄[48;2;107;83;65m[38;2;125;96;76m▄[48;2;176;155;134m[38;2;160;139;118m▄[48;2;169;151;128m[38;2;161;144;122m▄[48;2;178;161;134m[38;2;165;151;129m▄[48;2;178;160;130m[38;2;175;160;136m▄[48;2;154;131;105m[38;2;165;143;120m▄[48;2;111;82;61m[38;2;132;103;80m▄[48;2;128;98;79m[38;2;96;63;43m▄[48;2;128;102;84m[38;2;147;119;100m▄[48;2;147;132;111m[38;2;154;136;118m▄[48;2;114;109;86m[38;2;110;104;87m▄[48;2;123;121;92m[38;2;97;98;80m▄[48;2;144;137;102m[38;2;102;104;85m▄[48;2;141;131;96m[38;2;103;101;78m▄[48;2;168;153;114m[38;2;141;134;104m▄[48;2;199;182;135m[38;2;198;187;145m▄[48;2;201;184;131m[38;2;191;177;127m▄[48;2;205;188;135m[38;2;176;160;110m▄[48;2;207;191;143m[38;2;186;169;123m▄[48;2;204;192;153m[38;2;190;178;141m▄[48;2;102;93;73m[38;2;90;82;64m▄[48;2;95;83;76m[38;2;100;87;82m▄[48;2;162;149;135m[38;2;176;162;149m▄[48;2;154;140;121m[38;2;173;158;139m▄[48;2;139;123;108m[38;2;150;134;119m▄[48;2;137;122;106m[38;2;152;136;120m▄[48;2;162;149;130m[38;2;173;159;141m▄[48;2;152;138;120m[38;2;148;134;118m▄[48;2;155;140;122m[38;2;153;138;121m▄[48;2;167;150;133m[38;2;165;150;135m▄[48;2;171;153;138m[38;2;185;169;155m▄[48;2;157;138;123m[38;2;145;128;113m▄[48;2;186;167;150m[38;2;142;125;108m▄[48;2;195;176;158m[38;2;206;189;170m▄[48;2;178;159;138m[38;2;207;188;167m▄[48;2;213;195;174m[38;2;220;200;181m▄[48;2;201;184;164m[38;2;179;159;143m▄[48;2;84;66;46m[38;2;85;67;48m▄[48;2;126;104;85m[38;2;80;61;41m▄[48;2;140;116;98m[38;2;130;110;89m▄[48;2;237;213;193m[38;2;239;216;196m▄[48;2;184;161;141m[38;2;207;182;162m▄[48;2;117;95;73m[38;2;109;82;63m▄[48;2;183;164;143m[38;2;171;148;129m▄[48;2;171;154;136m[38;2;186;168;151m▄[48;2;158;142;125m[38;2;146;129;112m▄[48;2;122;106;89m[38;2;114;98;81m▄[48;2;106;90;74m[38;2;115;100;82m▄[48;2;133;117;102m[38;2;161;145;130m▄[48;2;147;131;116m[38;2;150;134;119m▄[38;2;140;125;110m▄[48;2;169;153;137m[38;2;168;152;138m▄[48;2;190;172;155m[38;2;173;155;140m▄[48;2;161;141;124m[38;2;155;135;120m▄[48;2;124;103;86m[38;2;146;125;110m▄[48;2;123;102;87m[38;2;160;139;126m▄[48;2;138;119;108m[38;2;152;134;125m▄[48;2;134;119;112m[38;2;101;87;81m▄[48;2;35;23;20m[38;2;24;14;10m▄[48;2;45;32;29m[38;2;56;46;41m▄[48;2;66;54;49m[38;2;42;33;26m▄[0m
[48;2;94;79;68m[38;2;97;82;71m▄[48;2;153;134;118m[38;2;188;170;153m▄[48;2;140;120;99m[38;2;191;172;153m▄[48;2;139;118;97m[38;2;179;160;141m▄[48;2;124;103;83m[38;2;146;128;108m▄[48;2;141;118;96m[38;2;168;147;127m▄[48;2;165;140;117m[38;2;184;162;141m▄[48;2;147;124;104m[38;2;195;176;159m▄[48;2;159;138;117m[38;2;196;177;160m▄[48;2;169;147;126m[38;2;190;169;150m▄[48;2;185;164;142m[38;2;161;141;121m▄[48;2;179;158;138m[38;2;174;153;134m▄[48;2;174;155;135m[38;2;180;161;141m▄[48;2;207;190;172m[38;2;204;187;169m▄[48;2;146;129;113m[38;2;177;160;142m▄[48;2;141;124;106m[38;2;211;193;174m▄[48;2;149;132;115m[38;2;178;158;141m▄[48;2;174;156;143m[38;2;158;141;127m▄[48;2;69;56;46m[38;2;75;61;51m▄[48;2;52;41;34m[38;2;56;47;39m▄[48;2;93;81;75m[38;2;83;73;65m▄[48;2;193;177;165m[38;2;167;152;141m▄[48;2;213;194;176m[38;2;192;175;158m▄[48;2;180;163;143m[38;2;162;148;129m▄[48;2;179;159;145m[38;2;208;189;175m▄[48;2;154;133;117m[38;2;170;149;133m▄[48;2;148;131;111m[38;2;152;134;114m▄[48;2;175;162;146m[38;2;185;171;155m▄[48;2;58;45;37m[38;2;65;51;44m▄[48;2;110;96;87m[38;2;95;80;72m▄[48;2;179;163;146m[38;2;168;153;137m▄[48;2;184;167;150m[38;2;178;161;141m▄[48;2;180;163;146m[38;2;162;145;127m▄[48;2;188;171;154m[38;2;174;157;140m▄[48;2;177;160;144m[38;2;146;129;113m▄[48;2;184;167;150m[38;2;158;140;126m▄[48;2;179;162;145m[38;2;174;156;140m▄[48;2;164;147;130m[38;2;171;155;138m▄[48;2;180;163;146m[38;2;186;170;153m▄[48;2;167;150;133m[38;2;182;164;148m▄[48;2;179;160;143m[38;2;177;158;141m▄[48;2;197;178;163m[38;2;166;147;132m▄[48;2;165;150;139m[38;2;128;113;103m▄[48;2;49;39;31m[38;2;65;55;48m▄[48;2;82;72;65m[38;2;77;67;59m▄[48;2;178;166;154m[38;2;184;171;159m▄[48;2;165;150;135m[38;2;186;171;156m▄[48;2;166;153;137m[38;2;189;175;159m▄[48;2;192;180;163m[38;2;188;173;158m▄[48;2;179;166;150m[38;2;172;157;141m▄[38;2;190;175;160m▄[48;2;185;172;156m[38;2;191;176;160m▄[48;2;179;166;150m[38;2;199;185;170m▄[48;2;186;173;157m[38;2;193;178;163m▄[48;2;150;138;124m[38;2;121;108;95m▄[48;2;58;49;40m[38;2;56;47;40m▄[48;2;93;83;73m[38;2;81;72;63m▄[48;2;181;169;156m[38;2;175;163;151m▄[48;2;193;178;165m[38;2;183;169;156m▄[48;2;186;171;156m[38;2;186;170;155m▄[48;2;188;172;157m[38;2;157;139;125m▄[48;2;157;141;127m[38;2;114;97;82m▄[48;2;100;83;68m[38;2;103;84;68m▄[48;2;113;93;76m[38;2;114;88;69m▄[48;2;150;126;107m[38;2;172;143;122m▄[48;2;172;141;117m[38;2;185;151;126m▄[48;2;192;154;126m[38;2;167;128;99m▄[48;2;187;143;112m[38;2;178;134;102m▄[48;2;164;114;80m[38;2;176;128;96m▄[48;2;161;109;73m[38;2;145;93;60m▄[48;2;117;65;33m[38;2;133;85;55m▄[48;2;114;69;50m[38;2;106;72;54m▄[48;2;87;54;42m[38;2;62;39;28m▄[48;2;50;28;24m[38;2;36;23;20m▄[48;2;34;20;20m[38;2;26;16;16m▄[48;2;31;19;19m[38;2;40;23;25m▄[48;2;45;34;34m[38;2;80;57;58m▄[48;2;43;34;33m[38;2;73;51;50m▄[48;2;20;9;8m[38;2;43;22;19m▄[48;2;53;30;25m[38;2;62;34;25m▄[48;2;158;115;89m[38;2;163;118;90m▄[48;2;163;110;75m[38;2;167;112;76m▄[48;2;158;108;74m[38;2;167;116;80m▄[48;2;138;89;56m[38;2;155;104;71m▄[48;2;120;68;36m[38;2;144;90;58m▄[48;2;111;59;30m[38;2;132;79;49m▄[48;2;101;52;28m[38;2;111;63;38m▄[48;2;95;47;24m[38;2;93;52;32m▄[48;2;91;43;22m[38;2;87;46;26m▄[48;2;91;43;24m[38;2;85;44;25m▄[48;2;84;39;22m[38;2;76;37;19m▄[48;2;79;38;22m[38;2;72;35;18m▄[48;2;80;41;27m[38;2;78;42;25m▄[48;2;76;41;27m[38;2;77;42;24m▄[48;2;68;36;24m[38;2;70;37;20m▄[48;2;66;35;24m[38;2;68;36;24m▄[48;2;73;37;25m[38;2;78;41;28m▄[48;2;80;42;26m[38;2;88;46;30m▄[48;2;81;43;24m[38;2;86;44;26m▄[48;2;130;96;75m[38;2;108;71;50m▄[48;2;168;143;121m[38;2;192;164;142m▄[48;2;154;138;116m[38;2;179;161;138m▄[48;2;151;139;117m[38;2;158;142;121m▄[48;2;149;134;113m[38;2;160;141;121m▄[48;2;170;148;126m[38;2;163;140;117m▄[48;2;126;96;73m[38;2;107;79;56m▄[48;2;95;62;41m[38;2;119;89;68m▄[48;2;163;136;117m[38;2;180;156;137m▄[48;2;150;134;118m[38;2;149;135;119m▄[48;2;120;114;100m[38;2;99;92;80m▄[48;2;117;120;109m[38;2;117;121;109m▄[48;2;98;107;95m[38;2;100;112;99m▄[48;2;89;95;78m[38;2;95;104;90m▄[48;2;130;130;104m[38;2;106;111;92m▄[48;2;193;189;152m[38;2;138;140;111m▄[48;2;192;183;137m[38;2;161;160;121m▄[48;2;165;153;105m[38;2;178;174;132m▄[48;2;184;169;125m[38;2;173;165;126m▄[48;2;186;175;141m[38;2;133;128;97m▄[48;2;79;73;58m[38;2;62;58;45m▄[48;2;99;87;82m[38;2;101;91;88m▄[48;2;174;160;146m[38;2;165;151;136m▄[48;2;166;150;130m[38;2;166;149;127m▄[48;2;170;152;137m[38;2;180;161;144m▄[48;2;172;155;139m[38;2;169;151;136m▄[48;2;177;163;146m[38;2;157;142;128m▄[48;2;185;171;156m[38;2;170;156;143m▄[48;2;185;170;155m[38;2;181;167;154m▄[48;2;171;158;144m[38;2;174;162;150m▄[48;2;187;173;162m[38;2;170;159;149m▄[48;2;119;104;93m[38;2;84;72;63m▄[48;2;94;78;64m[38;2;72;58;46m▄[48;2;195;176;159m[38;2;172;154;137m▄[48;2;209;188;167m[38;2;211;189;168m▄[48;2;200;178;160m[38;2;189;167;147m▄[48;2;127;106;90m[38;2;117;94;78m▄[48;2;83;63;44m[38;2;142;119;101m▄[48;2;100;80;60m[38;2;185;163;142m▄[48;2;135;115;93m[38;2;146;123;102m▄[48;2;233;210;190m[38;2;203;180;160m▄[48;2;214;188;169m[38;2;155;129;112m▄[48;2;117;88;71m[38;2;106;78;65m▄[48;2;135;109;93m[38;2;102;76;62m▄[48;2;178;159;142m[38;2;141;120;104m▄[48;2;161;142;126m[38;2;152;132;116m▄[48;2;167;149;133m[38;2;165;146;130m▄[48;2;180;163;146m[38;2;152;134;117m▄[48;2;185;169;154m[38;2;132;117;101m▄[48;2;147;131;116m[38;2;137;122;107m▄[48;2;126;112;97m[38;2;153;140;124m▄[48;2;161;146;130m[38;2;151;136;118m▄[48;2;165;147;129m[38;2;170;154;132m▄[48;2;167;149;132m[38;2;185;169;148m▄[48;2;145;127;110m[38;2;155;140;119m▄[48;2;133;115;100m[38;2;127;113;94m▄[48;2;138;124;110m[38;2;169;158;141m▄[48;2;77;65;55m[38;2;141;132;117m▄[48;2;38;29;20m[38;2;118;110;96m▄[48;2;61;51;41m[38;2;121;111;97m▄[48;2;47;36;24m[38;2;125;113;98m▄[0m
[48;2;77;65;58m[38;2;64;57;54m▄[48;2;132;119;106m[38;2;49;41;35m▄[48;2;140;127;113m[38;2;31;24;17m▄[48;2;134;122;109m[38;2;34;31;24m▄[48;2;134;124;111m[38;2;31;29;23m▄[48;2;146;132;119m[38;2;35;31;24m▄[48;2;161;144;129m[38;2;37;30;21m▄[48;2;161;147;135m[38;2;36;26;18m▄[48;2;163;147;134m[38;2;46;34;25m▄[48;2;166;149;133m[38;2;96;83;70m▄[48;2;158;140;123m[38;2;145;129;114m▄[48;2;191;171;154m[38;2;169;151;133m▄[48;2;192;173;153m[38;2;187;170;150m▄[48;2;193;176;156m[38;2;194;177;156m▄[48;2;196;179;160m[38;2;193;176;157m▄[48;2;217;199;179m[38;2;220;202;182m▄[48;2;188;169;151m[38;2;185;167;148m▄[48;2;212;194;179m[38;2;215;196;181m▄[48;2;110;96;86m[38;2;139;125;114m▄[48;2;49;39;33m[38;2;44;34;27m▄[48;2;69;59;52m[38;2;61;52;44m▄[48;2;153;139;127m[38;2;146;132;120m▄[48;2;169;152;136m[38;2;208;192;177m▄[48;2;109;96;79m[38;2;167;154;139m▄[48;2;140;122;109m[38;2;103;85;74m▄[48;2;155;134;119m[38;2;88;66;53m▄[48;2;164;144;124m[38;2;124;104;86m▄[48;2;198;182;167m[38;2;197;180;167m▄[48;2;75;60;55m[38;2;86;71;67m▄[48;2;84;69;63m[38;2;72;56;52m▄[48;2;171;154;140m[38;2;153;137;124m▄[48;2;173;156;137m[38;2;157;140;120m▄[48;2;164;147;128m[38;2;167;150;131m▄[48;2;181;163;148m[38;2;175;157;141m▄[48;2;117;99;85m[38;2;95;77;64m▄[48;2;155;137;123m[38;2;116;98;84m▄[48;2;187;168;154m[38;2;134;115;101m▄[48;2;187;169;153m[38;2;138;120;104m▄[48;2;181;165;147m[38;2;138;121;104m▄[48;2;180;162;146m[38;2;143;126;110m▄[48;2;192;173;156m[38;2;156;138;122m▄[48;2;158;140;124m[38;2;159;142;128m▄[48;2;77;62;52m[38;2;102;88;78m▄[48;2;78;68;61m[38;2;84;74;67m▄[48;2;71;61;54m[38;2;65;56;48m▄[48;2;164;153;141m[38;2;153;142;131m▄[48;2;181;167;151m[38;2;179;165;151m▄[48;2;193;177;162m[38;2;182;166;153m▄[48;2;185;169;154m[38;2;194;178;165m▄[48;2;184;168;153m[38;2;196;181;168m▄[48;2;183;167;152m[38;2;180;164;151m▄[48;2;185;169;154m[38;2;180;164;150m▄[48;2;192;176;161m[38;2;162;147;134m▄[48;2;185;169;153m[38;2;159;143;129m▄[48;2;107;93;80m[38;2;96;83;71m▄[48;2;65;58;50m[38;2;75;67;60m▄[48;2;84;75;66m[38;2;76;67;58m▄[48;2;168;156;146m[38;2;94;82;71m▄[48;2;191;177;164m[38;2;124;110;96m▄[48;2;178;162;147m[38;2;119;102;87m▄[48;2;123;106;90m[38;2;98;81;64m▄[48;2;94;78;62m[38;2;89;72;56m▄[48;2;104;83;65m[38;2;115;94;74m▄[48;2;146;114;91m[38;2;154;117;92m▄[48;2;168;135;110m[38;2;144;107;79m▄[48;2;155;119;92m[38;2;162;125;97m▄[48;2;162;123;94m[38;2;173;136;106m▄[48;2;187;145;113m[38;2;186;146;118m▄[48;2;179;134;105m[38;2;143;100;74m▄[48;2;159;111;83m[38;2;144;100;74m▄[48;2;163;119;94m[38;2;132;90;68m▄[48;2;112;81;66m[38;2;99;66;52m▄[48;2;80;63;53m[38;2;52;34;25m▄[48;2;37;30;25m[38;2;26;17;12m▄[48;2;32;21;21m[38;2;40;26;23m▄[48;2;42;20;19m[38;2;58;30;25m▄[48;2;93;62;58m[38;2;72;36;25m▄[48;2;104;72;63m[38;2;107;70;52m▄[48;2;61;33;22m[38;2;78;46;29m▄[48;2;61;29;18m[38;2;74;40;24m▄[48;2;169;121;91m[38;2;175;124;93m▄[48;2;172;115;76m[38;2;183;124;84m▄[48;2;176;123;85m[38;2;182;126;87m▄[48;2;168;115;80m[38;2;183;129;92m▄[48;2;155;99;65m[38;2;168;111;75m▄[48;2;147;90;60m[38;2;163;106;74m▄[48;2;135;83;56m[38;2;157;100;70m▄[48;2;118;71;46m[38;2;141;83;52m▄[48;2;101;56;33m[38;2;126;70;44m▄[48;2;92;49;29m[38;2;113;60;38m▄[48;2;86;43;25m[38;2;99;52;34m▄[48;2;78;39;23m[38;2;88;46;31m▄[48;2;75;38;22m[38;2;77;39;26m▄[48;2;72;37;20m[38;2;72;38;24m▄[48;2;72;37;21m[38;2;76;40;26m▄[48;2;78;42;28m[38;2;86;45;31m▄[48;2;84;45;30m[38;2;91;47;34m▄[48;2;90;47;32m[38;2;93;48;35m▄[48;2;96;51;35m[38;2;99;54;40m▄[48;2;87;47;28m[38;2;90;49;32m▄[48;2;165;133;113m[38;2;126;91;71m▄[48;2;193;168;145m[38;2;201;172;148m▄[48;2;181;159;136m[38;2;156;129;103m▄[48;2;149;124;102m[38;2;131;101;77m▄[48;2;129;105;81m[38;2;155;127;103m▄[48;2;123;97;74m[38;2;151;127;104m▄[48;2;148;125;103m[38;2;155;136;115m▄[48;2;175;156;137m[38;2;148;134;115m▄[48;2;137;125;108m[38;2;131;123;106m▄[48;2;96;90;77m[38;2;121;116;102m▄[48;2;115;118;103m[38;2;128;130;112m▄[48;2;110;121;104m[38;2;125;133;114m▄[48;2;92;100;88m[38;2;95;102;91m▄[48;2;90;97;85m[38;2;76;83;78m▄[48;2;94;99;82m[38;2;83;89;84m▄[48;2;113;118;94m[38;2;97;105;94m▄[48;2;130;133;105m[38;2;94;102;86m▄[48;2;138;140;111m[38;2;102;109;91m▄[48;2;114;114;90m[38;2;105;110;91m▄[48;2;58;54;44m[38;2;59;55;47m▄[48;2;105;94;92m[38;2;111;101;100m▄[48;2;181;167;152m[38;2;198;183;169m▄[48;2;186;169;145m[38;2;198;179;156m▄[48;2;152;132;114m[38;2;175;155;137m▄[48;2;114;95;79m[38;2;145;127;110m▄[48;2;120;106;92m[38;2;132;118;104m▄[48;2;120;106;95m[38;2;111;97;87m▄[48;2;145;134;121m[38;2;97;86;74m▄[48;2;167;156;146m[38;2;105;95;85m▄[48;2;138;128;119m[38;2;102;93;86m▄[48;2;53;43;35m[38;2;52;42;35m▄[48;2;73;59;49m[38;2;70;56;46m▄[48;2;169;151;135m[38;2;167;149;133m▄[48;2;208;187;166m[38;2;208;186;166m▄[48;2;139;117;96m[38;2;124;101;79m▄[48;2;116;92;73m[38;2;116;92;71m▄[48;2;218;192;173m[38;2;220;192;171m▄[48;2;213;186;165m[38;2;197;166;146m▄[48;2;134;107;88m[38;2;134;103;84m▄[48;2;127;100;83m[38;2;110;81;65m▄[48;2;112;86;72m[38;2;77;51;39m▄[48;2;87;64;54m[38;2;49;28;21m▄[48;2;66;44;32m[38;2;46;25;14m▄[48;2;129;106;90m[38;2;95;71;56m▄[48;2;177;155;140m[38;2;157;135;120m▄[48;2;180;160;144m[38;2;169;148;133m▄[48;2;169;150;135m[38;2;142;124;108m▄[48;2;156;139;124m[38;2;135;118;103m▄[48;2;166;151;136m[38;2;143;128;113m▄[48;2;169;156;140m[38;2;137;124;108m▄[48;2;143;128;110m[38;2;124;108;92m▄[48;2;159;142;122m[38;2;111;94;77m▄[48;2;198;182;162m[38;2;153;136;121m▄[48;2;203;189;170m[38;2;173;159;146m▄[48;2;173;161;144m[38;2;169;157;145m▄[48;2;122;111;96m[38;2;142;131;120m▄[48;2;88;80;64m[38;2;134;124;112m▄[48;2;76;68;55m[38;2;148;140;129m▄[48;2;111;102;88m[38;2;166;160;148m▄[48;2;135;125;109m[38;2;177;171;156m▄[0m
[48;2;70;64;62m[38;2;63;51;46m▄[48;2;72;65;62m[38;2;58;46;39m▄[48;2;38;32;28m[38;2;56;47;41m▄[48;2;46;45;42m[38;2;78;73;70m▄[48;2;43;44;42m[38;2;79;76;72m▄[48;2;46;44;40m[38;2;70;64;57m▄[48;2;57;53;46m[38;2;73;64;55m▄[48;2;43;37;29m[38;2;58;50;40m▄[48;2;71;63;53m[38;2;103;93;82m▄[48;2;93;81;70m[38;2;132;118;105m▄[48;2;88;73;58m[38;2;97;80;66m▄[48;2;114;96;80m[38;2;89;69;53m▄[48;2;147;128;109m[38;2;98;76;60m▄[48;2;184;164;146m[38;2;124;102;86m▄[48;2;175;155;137m[38;2;133;112;95m▄[48;2;214;197;175m[38;2;193;174;152m▄[48;2;180;162;140m[38;2;182;160;138m▄[48;2;214;195;175m[38;2;216;193;173m▄[48;2;160;144;128m[38;2;180;160;144m▄[48;2;50;38;27m[38;2;62;46;35m▄[48;2;62;52;42m[38;2;58;44;35m▄[48;2;127;115;101m[38;2;121;107;95m▄[48;2;199;183;167m[38;2;216;198;184m▄[48;2;186;168;151m[38;2;186;165;148m▄[48;2;198;178;162m[38;2;200;179;161m▄[48;2;142;121;104m[38;2;192;170;153m▄[48;2;122;102;84m[38;2;203;182;165m▄[48;2;112;94;79m[38;2;132;113;97m▄[48;2;76;60;50m[38;2;83;68;53m▄[48;2;66;52;43m[38;2;57;43;32m▄[48;2;142;128;116m[38;2;114;101;89m▄[48;2;192;176;157m[38;2;166;150;132m▄[48;2;187;170;152m[38;2;171;154;138m▄[48;2;168;152;137m[38;2;143;127;113m▄[48;2;77;62;50m[38;2;70;56;45m▄[48;2;137;122;109m[38;2;157;143;132m▄[48;2;168;152;137m[38;2;191;176;161m▄[48;2;162;145;128m[38;2;191;174;157m▄[48;2;167;150;133m[38;2;186;170;153m▄[48;2;178;164;149m[38;2;189;177;162m▄[48;2;128;113;98m[38;2;140;125;110m▄[48;2;100;84;69m[38;2;100;84;67m▄[48;2;139;125;112m[38;2;129;115;100m▄[48;2;101;91;81m[38;2;106;94;84m▄[48;2;65;55;45m[38;2;65;54;45m▄[48;2;151;139;127m[38;2;138;125;114m▄[48;2;187;171;157m[38;2;188;172;159m▄[48;2;183;166;153m[38;2;187;171;157m▄[48;2;193;177;164m[38;2;174;158;145m▄[48;2;191;176;164m[38;2;138;124;111m▄[48;2;189;176;166m[38;2;123;111;100m▄[48;2;124;112;102m[38;2;110;100;90m▄[48;2;69;58;49m[38;2;62;54;46m▄[48;2;126;116;108m[38;2;108;101;94m▄[48;2;95;87;80m[38;2;103;97;91m▄[48;2;70;64;56m[38;2;68;62;54m▄[48;2;90;83;75m[38;2;94;87;79m▄[48;2;80;72;62m[38;2;103;95;86m▄[48;2;114;101;90m[38;2;126;115;104m▄[48;2;107;91;77m[38;2;124;109;96m▄[48;2;97;78;61m[38;2;137;117;100m▄[48;2;110;88;69m[38;2;163;140;119m▄[48;2;128;100;78m[38;2;139;109;86m▄[48;2;148;111;83m[38;2;157;122;95m▄[48;2;155;121;93m[38;2;161;130;102m▄[48;2;163;128;101m[38;2;158;125;98m▄[48;2;186;147;121m[38;2;183;143;117m▄[48;2;175;130;107m[38;2;137;91;68m▄[48;2;105;63;43m[38;2;89;45;27m▄[48;2;99;62;46m[38;2;81;45;33m▄[48;2;78;50;40m[38;2;43;20;15m▄[48;2;38;22;19m[38;2;33;22;22m▄[48;2;23;9;3m[38;2;28;16;11m▄[48;2;58;36;27m[38;2;79;53;42m▄[48;2;87;53;42m[38;2;113;70;55m▄[48;2;90;50;36m[38;2;123;76;58m▄[48;2;86;48;33m[38;2;106;65;47m▄[48;2;88;50;37m[38;2;97;57;45m▄[48;2;85;46;34m[38;2;79;36;24m▄[48;2;103;60;40m[38;2;115;68;46m▄[48;2;169;117;87m[38;2;165;113;84m▄[48;2;183;126;88m[38;2;181;124;88m▄[48;2;189;132;93m[38;2;188;130;92m▄[48;2;192;137;99m[38;2;192;137;98m▄[48;2;181;126;89m[38;2;186;133;95m▄[48;2;174;119;82m[38;2;178;124;85m▄[48;2;170;113;78m[38;2;175;118;81m▄[48;2;153;94;62m[38;2;160;101;68m▄[48;2;138;80;51m[38;2;142;85;54m▄[48;2;123;69;43m[38;2;127;73;45m▄[48;2;108;59;37m[38;2;113;63;38m▄[48;2;98;53;35m[38;2;100;53;32m▄[48;2;83;42;26m[38;2;86;41;24m▄[48;2;80;43;29m[38;2;88;46;30m▄[48;2;84;46;31m[38;2;94;54;39m▄[48;2;87;46;29m[38;2;94;54;36m▄[48;2;92;49;33m[38;2;97;55;37m▄[48;2;99;53;38m[38;2;104;58;41m▄[48;2;101;54;39m[38;2;104;57;39m▄[48;2;102;56;40m[38;2;106;59;41m▄[48;2;114;73;53m[38;2;113;67;48m▄[48;2;168;128;107m[38;2;139;93;75m▄[48;2;129;96;74m[38;2;164;125;105m▄[48;2;162;137;116m[38;2;167;140;119m▄[48;2;170;146;125m[38;2;166;145;122m▄[48;2;168;147;125m[38;2;154;138;114m▄[48;2;144;128;108m[38;2;151;139;116m▄[48;2;120;112;93m[38;2;136;127;108m▄[48;2;117;114;98m[38;2;116;113;98m▄[48;2;110;107;96m[38;2;89;90;79m▄[48;2;131;132;119m[38;2;104;108;96m▄[48;2;121;129;111m[38;2;127;136;118m▄[48;2;84;93;81m[38;2;91;100;85m▄[48;2;72;81;75m[38;2;83;92;81m▄[48;2;69;78;75m[38;2;71;81;71m▄[48;2;92;102;96m[38;2;81;89;79m▄[48;2;93;103;91m[38;2;84;92;77m▄[48;2;107;116;99m[38;2;102;109;89m▄[48;2;96;103;89m[38;2;88;93;79m▄[48;2;53;51;45m[38;2;53;51;46m▄[48;2;107;100;92m[38;2;111;104;92m▄[48;2;192;178;163m[38;2;185;171;155m▄[48;2;184;163;144m[38;2;194;173;155m▄[48;2;148;126;108m[38;2;170;148;131m▄[48;2;155;136;120m[38;2;168;148;134m▄[48;2;142;126;114m[38;2;153;136;126m▄[48;2;122;108;99m[38;2;93;79;70m▄[48;2;93;80;70m[38;2;71;58;50m▄[48;2;113;100;93m[38;2;148;135;127m▄[48;2;140;128;121m[38;2;121;107;99m▄[48;2;64;52;43m[38;2;58;43;33m▄[48;2;78;64;52m[38;2;123;107;93m▄[48;2;167;149;134m[38;2;188;167;151m▄[48;2;212;190;172m[38;2;216;193;174m▄[48;2;139;114;95m[38;2;144;119;100m▄[48;2;108;82;63m[38;2;121;94;78m▄[48;2;174;147;130m[38;2;124;99;85m▄[48;2;143;116;101m[38;2;95;72;60m▄[48;2;111;85;70m[38;2;106;82;72m▄[48;2;79;53;39m[38;2;104;80;68m▄[48;2;84;59;46m[38;2;165;141;125m▄[48;2;132;108;95m[38;2;223;197;178m▄[48;2;106;83;70m[38;2;153;127;110m▄[48;2;92;66;54m[38;2;102;76;61m▄[48;2;141;113;99m[38;2;139;109;91m▄[48;2;171;146;130m[38;2;126;97;76m▄[48;2;162;141;124m[38;2;144;120;101m▄[48;2;157;141;126m[38;2;124;107;91m▄[48;2;166;153;139m[38;2;121;106;92m▄[48;2;154;141;124m[38;2;116;100;84m▄[48;2;151;135;119m[38;2;125;109;93m▄[48;2;144;128;113m[38;2;135;120;104m▄[48;2;162;147;134m[38;2;148;134;119m▄[48;2;159;146;135m[38;2;143;130;118m▄[48;2;126;115;106m[38;2;111;97;87m▄[48;2;121;111;103m[38;2;119;106;98m▄[48;2;124;114;108m[38;2;153;141;134m▄[48;2;123;114;109m[38;2;164;153;146m▄[48;2;117;112;103m[38;2;150;141;130m▄[48;2;117;113;102m[38;2;124;115;103m▄[0m
[48;2;94;76;63m[38;2;114;94;78m▄[48;2;79;62;50m[38;2;114;96;81m▄[48;2;95;82;71m[38;2;81;68;57m▄[48;2;110;102;93m[38;2;85;76;69m▄[48;2;106;98;90m[38;2;72;63;56m▄[48;2;79;67;57m[38;2;64;52;40m▄[48;2;108;93;80m[38;2;155;138;124m▄[48;2;82;69;58m[38;2;106;88;76m▄[48;2;119;104;93m[38;2;120;99;87m▄[48;2;144;127;113m[38;2;154;133;118m▄[48;2;167;147;130m[38;2;182;160;142m▄[48;2;161;140;122m[38;2;165;142;122m▄[48;2;148;125;107m[38;2;204;182;162m▄[48;2;99;78;59m[38;2;151;130;110m▄[48;2;87;65;47m[38;2;100;79;58m▄[48;2;121;98;79m[38;2;98;75;58m▄[48;2;157;130;111m[38;2;100;74;57m▄[48;2;198;172;155m[38;2;140;114;98m▄[48;2;196;171;159m[38;2;173;150;137m▄[48;2;78;59;51m[38;2;97;81;73m▄[48;2;58;43;36m[38;2;51;38;32m▄[48;2;95;79;72m[38;2;79;64;59m▄[48;2;173;156;144m[38;2;105;89;79m▄[48;2;181;161;145m[38;2;126;107;92m▄[48;2;200;179;162m[38;2;158;138;122m▄[48;2;185;164;148m[38;2;182;163;146m▄[48;2;195;175;158m[38;2;200;181;164m▄[48;2;194;175;161m[38;2;197;178;163m▄[48;2;147;131;117m[38;2;166;150;136m▄[48;2;68;54;43m[38;2;73;59;47m▄[48;2;125;111;100m[38;2;147;133;121m▄[48;2;175;159;141m[38;2;195;179;161m▄[48;2;181;165;149m[38;2;184;169;153m▄[48;2;122;106;93m[38;2;116;101;88m▄[48;2;70;56;44m[38;2;70;56;45m▄[48;2;162;148;136m[38;2;141;127;115m▄[48;2;184;168;154m[38;2;170;155;142m▄[48;2;184;168;151m[38;2;173;157;140m▄[48;2;191;175;158m[38;2;183;167;150m▄[48;2;163;148;134m[38;2;136;120;106m▄[48;2;158;140;124m[38;2;159;139;123m▄[48;2;167;149;132m[38;2;169;147;131m▄[48;2;193;176;162m[38;2;200;182;169m▄[48;2;139;127;117m[38;2;155;142;133m▄[48;2;55;45;38m[38;2;54;43;36m▄[48;2;124;112;104m[38;2;108;97;90m▄[48;2;179;164;154m[38;2;184;171;163m▄[48;2;176;160;146m[38;2;178;162;150m▄[48;2;187;171;158m[38;2;197;182;169m▄[48;2;164;151;138m[38;2;183;169;156m▄[48;2;125;113;101m[38;2;148;134;123m▄[48;2;156;145;135m[38;2;181;169;158m▄[48;2;80;70;61m[38;2;103;90;80m▄[48;2;94;85;77m[38;2;83;72;62m▄[48;2;110;102;94m[38;2;115;105;94m▄[48;2;72;65;55m[38;2;95;85;74m▄[48;2;83;75;65m[38;2;84;74;63m▄[48;2;99;90;79m[38;2;89;78;67m▄[48;2;121;110;98m[38;2;107;95;82m▄[48;2;103;89;74m[38;2;98;83;69m▄[48;2;135;116;100m[38;2;141;123;106m▄[48;2;169;146;127m[38;2;179;158;140m▄[48;2;160;133;112m[38;2;160;135;114m▄[48;2;159;127;102m[38;2;158;130;107m▄[48;2;178;148;122m[38;2;183;156;131m▄[48;2;158;127;100m[38;2;176;146;119m▄[48;2;163;123;95m[38;2;188;148;119m▄[48;2;114;67;40m[38;2;135;87;58m▄[48;2;81;35;13m[38;2;152;103;78m▄[48;2;105;67;50m[38;2;156;118;97m▄[48;2;73;45;33m[38;2;89;59;44m▄[48;2;54;34;29m[38;2;69;44;37m▄[48;2;32;18;13m[38;2;43;28;24m▄[48;2;78;57;49m[38;2;47;29;26m▄[48;2;119;81;69m[38;2;98;64;57m▄[48;2;127;80;62m[38;2;115;71;56m▄[48;2;103;58;37m[38;2;92;48;28m▄[48;2;105;60;45m[38;2;91;47;31m▄[48;2;83;36;24m[38;2;92;46;33m▄[48;2;112;66;45m[38;2;102;54;35m▄[48;2;162;111;81m[38;2;155;103;75m▄[48;2;177;120;84m[38;2;178;122;87m▄[48;2;187;130;91m[38;2;182;126;88m▄[48;2;190;136;96m[38;2;185;131;93m▄[48;2;190;135;98m[38;2;189;135;99m▄[48;2;183;129;90m[38;2;185;129;92m▄[48;2;181;124;86m[38;2;184;125;89m▄[48;2;169;107;74m[38;2;176;113;81m▄[48;2;152;92;61m[38;2;159;98;67m▄[48;2;137;80;52m[38;2;146;85;57m▄[48;2;123;69;44m[38;2;132;75;49m▄[48;2;110;59;38m[38;2;124;70;46m▄[48;2;98;50;31m[38;2;115;63;42m▄[48;2;101;55;37m[38;2;113;63;42m▄[48;2;104;60;43m[38;2;108;61;41m▄[48;2;97;57;36m[38;2;100;58;37m▄[48;2;100;58;38m[38;2;105;62;41m▄[48;2;106;60;41m[38;2;113;67;47m▄[48;2;107;60;42m[38;2;115;68;47m▄[48;2;111;64;44m[38;2;118;69;48m▄[48;2;120;72;53m[38;2;126;76;55m▄[48;2;129;81;62m[38;2;132;82;61m▄[48;2;158;113;92m[38;2;140;91;69m▄[48;2;184;147;122m[38;2;138;97;69m▄[48;2;199;174;148m[38;2;208;177;150m▄[48;2;174;161;134m[38;2;206;189;163m▄[48;2;173;165;141m[38;2;166;158;135m▄[48;2;153;144;125m[38;2;168;166;146m▄[48;2;125;120;106m[38;2;150;149;132m▄[48;2;90;93;80m[38;2;146;146;132m▄[48;2;83;89;76m[38;2;117;119;108m▄[48;2;114;119;103m[38;2;81;85;75m▄[48;2;127;134;117m[38;2;96;102;88m▄[48;2;117;125;108m[38;2;129;137;119m▄[48;2;99;108;90m[38;2;140;150;128m▄[48;2;98;106;87m[38;2;143;152;130m▄[48;2;123;129;110m[38;2;125;132;112m▄[48;2;118;123;102m[38;2;98;102;85m▄[48;2;84;87;74m[38;2;73;75;65m▄[48;2;55;53;48m[38;2;58;57;52m▄[48;2;123;116;105m[38;2;128;120;111m▄[48;2;197;182;167m[38;2;200;186;172m▄[48;2;189;168;152m[38;2;205;186;170m▄[48;2;191;170;153m[38;2;199;179;164m▄[48;2;171;153;140m[38;2;127;110;98m▄[48;2;101;85;76m[38;2;54;41;33m▄[48;2;53;41;33m[38;2;93;83;76m▄[48;2;129;118;110m[38;2;131;121;113m▄[48;2;180;168;159m[38;2;78;67;58m▄[48;2;76;62;53m[38;2;73;58;48m▄[48;2;91;75;63m[38;2;153;135;122m▄[48;2;178;158;144m[38;2;201;179;163m▄[48;2;200;176;159m[38;2;184;158;140m▄[48;2;211;184;164m[38;2;160;131;111m▄[48;2;135;108;89m[38;2;98;70;55m▄[48;2;101;76;63m[38;2;82;57;48m▄[48;2;104;78;67m[38;2;115;91;82m▄[48;2;101;78;68m[38;2;85;62;54m▄[48;2;94;72;61m[38;2;76;54;44m▄[48;2;92;69;55m[38;2;91;69;53m▄[48;2;182;158;140m[38;2;181;159;139m▄[48;2;233;208;187m[38;2;234;211;187m▄[48;2;161;136;114m[38;2;161;138;113m▄[48;2;111;84;63m[38;2;106;83;57m▄[48;2;186;156;132m[38;2;209;182;155m▄[48;2;149;119;94m[38;2;166;139;113m▄[48;2;209;184;163m[38;2;178;155;134m▄[48;2;203;184;168m[38;2;143;126;111m▄[48;2;170;154;139m[38;2;130;117;107m▄[48;2;160;144;129m[38;2;144;134;123m▄[48;2;156;141;125m[38;2;151;141;131m▄[48;2;171;158;140m[38;2;161;150;139m▄[48;2;174;161;143m[38;2;167;157;144m▄[48;2;160;147;129m[38;2;168;159;144m▄[48;2;131;118;101m[38;2;166;157;141m▄[48;2;122;109;92m[38;2;170;159;144m▄[48;2;143;130;113m[38;2;175;164;150m▄[48;2;153;140;124m▄[48;2;141;128;112m[38;2;153;141;126m▄[48;2;112;100;85m[38;2;150;139;121m▄[0m
[48;2;164;147;131m[38;2;133;121;107m▄[48;2;129;116;103m[38;2;106;98;89m▄[48;2;50;43;35m[38;2;54;52;49m▄[48;2;55;51;48m[38;2;69;71;70m▄[48;2;40;35;31m[38;2;58;55;54m▄[48;2;63;51;42m[38;2;71;60;51m▄[48;2;170;152;139m[38;2;174;156;142m▄[48;2;111;91;77m[38;2;107;88;74m▄[48;2;122;100;86m[38;2;122;103;88m▄[48;2;134;111;95m[38;2;131;110;93m▄[48;2;146;123;104m[38;2;129;105;86m▄[48;2;148;123;103m[38;2;137;113;93m▄[48;2;188;165;145m[38;2;189;166;147m▄[48;2;168;147;125m[38;2;173;151;131m▄[48;2;159;139;119m[38;2;108;87;70m▄[48;2;161;143;128m[38;2;90;74;63m▄[48;2;119;98;82m[38;2;164;146;132m▄[48;2;99;77;61m[38;2;129;111;94m▄[48;2;86;68;54m[38;2;90;75;58m▄[48;2;72;59;50m[38;2;90;79;66m▄[48;2;50;40;32m[38;2;63;54;42m▄[48;2;70;59;50m[38;2;68;57;46m▄[48;2;92;78;68m[38;2;107;94;82m▄[48;2;90;73;59m[38;2;159;143;130m▄[48;2;75;57;41m[38;2;95;78;64m▄[48;2;103;84;69m[38;2;83;66;50m▄[48;2;144;125;109m[38;2;99;81;65m▄[48;2;198;180;164m[38;2;120;103;87m▄[48;2;179;163;149m[38;2;149;134;119m▄[48;2;65;51;39m[38;2;90;76;63m▄[48;2;123;110;97m[38;2;128;114;101m▄[48;2;183;168;151m[38;2;196;180;164m▄[48;2;173;158;142m[38;2;155;140;126m▄[48;2;117;103;90m[38;2;105;91;80m▄[48;2;73;59;48m[38;2;126;113;104m▄[48;2;135;121;110m[38;2;180;167;156m▄[48;2;191;176;163m[38;2;192;178;165m▄[48;2;196;180;164m[38;2;185;169;154m▄[48;2;191;175;158m[38;2;186;170;155m▄[48;2;138;122;108m[38;2;165;150;135m▄[48;2;157;136;120m[38;2;164;145;127m▄[48;2;169;147;129m[38;2;175;153;133m▄[48;2;158;137;122m[38;2;158;136;118m▄[48;2;119;103;93m[38;2;139;122;109m▄[48;2;57;45;37m[38;2;129;115;105m▄[48;2;75;63;57m[38;2;127;114;105m▄[48;2;152;139;131m[38;2;103;89;80m▄[48;2;161;147;135m[38;2;109;95;84m▄[48;2;167;153;140m[38;2;120;106;94m▄[48;2;150;136;123m[38;2;131;116;103m▄[48;2;143;129;116m[38;2;125;110;97m▄[48;2;192;178;166m[38;2;135;119;106m▄[48;2;134;120;109m[38;2;164;148;134m▄[48;2;111;96;85m[38;2;176;161;146m▄[48;2;166;152;140m[38;2;206;190;176m▄[48;2;130;118;105m[38;2;131;118;102m▄[48;2;90;79;66m[38;2;107;95;80m▄[48;2;125;113;100m[38;2;170;157;144m▄[48;2;110;97;85m[38;2;143;129;116m▄[48;2;100;85;71m[38;2;135;120;106m▄[48;2;136;119;102m[38;2;170;152;136m▄[48;2;182;160;143m[38;2;170;150;133m▄[48;2;149;125;106m[38;2;170;148;131m▄[48;2;180;155;135m[38;2;177;151;135m▄[48;2;191;166;143m[38;2;187;162;142m▄[48;2;180;149;123m[38;2;202;171;146m▄[48;2;199;158;128m[38;2;214;172;143m▄[48;2;203;153;123m[38;2;172;121;91m▄[48;2;169;120;93m[38;2;135;86;59m▄[48;2;128;89;66m[38;2;112;73;50m▄[48;2;89;57;43m[38;2;74;44;31m▄[48;2;74;49;44m[38;2;55;31;27m▄[48;2;48;33;28m[38;2;46;24;17m▄[48;2;32;14;11m[38;2;49;22;13m▄[48;2;64;33;28m[38;2;69;33;26m▄[48;2;95;57;46m[38;2;78;42;34m▄[48;2;87;48;33m[38;2;83;51;39m▄[48;2;74;34;21m[38;2;74;37;26m▄[48;2;94;49;37m[38;2;102;56;43m▄[48;2;101;53;33m[38;2;103;53;34m▄[48;2;147;94;68m[38;2;137;84;58m▄[48;2;178;123;88m[38;2;170;116;81m▄[48;2;182;127;89m[38;2;187;133;95m▄[48;2;179;126;89m[38;2;179;127;89m▄[48;2;186;133;97m[38;2;187;134;98m▄[48;2;188;131;95m[38;2;185;128;93m▄[48;2;182;122;86m[38;2;178;118;82m▄[48;2;171;108;74m[38;2;172;111;75m▄[48;2;157;95;62m[38;2;161;99;65m▄[48;2;149;88;58m[38;2;153;93;60m▄[48;2;135;77;48m[38;2;145;86;54m▄[48;2;127;70;43m[38;2;140;82;53m▄[48;2;127;71;47m[38;2;144;87;59m▄[48;2;127;73;50m[38;2;147;91;64m▄[48;2;113;62;40m[38;2;124;70;46m▄[48;2;106;61;38m[38;2;112;62;39m▄[48;2;111;66;43m[38;2;124;75;52m▄[48;2;118;72;49m[38;2;130;83;58m▄[48;2;119;72;48m[38;2;128;81;55m▄[48;2;127;78;54m[38;2;135;87;61m▄[48;2;127;77;54m[38;2;140;90;64m▄[48;2;137;85;63m[38;2;149;99;74m▄[48;2;140;91;65m[38;2;147;99;72m▄[48;2;135;92;62m[38;2;142;100;70m▄[48;2;183;145;118m[38;2;176;134;111m▄[48;2;212;185;163m[38;2;183;154;135m▄[48;2;128;120;99m[38;2;91;85;66m▄[48;2;105;112;91m[38;2;73;84;63m▄[48;2;145;153;134m[38;2;101;109;90m▄[48;2;172;167;153m[38;2;131;117;104m▄[48;2;193;183;176m[38;2;148;126;121m▄[48;2;173;173;169m[38;2;165;154;153m▄[48;2;139;140;131m[38;2;215;208;203m▄[48;2;111;116;103m[38;2;203;200;192m▄[48;2;93;100;82m[38;2;177;178;168m▄[48;2;102;111;92m[38;2;143;147;136m▄[48;2;96;103;89m[38;2;122;127;119m▄[48;2;85;91;80m[38;2;94;98;93m▄[48;2;73;76;70m[38;2;66;69;65m▄[48;2;57;56;51m[38;2;61;59;55m▄[48;2;134;127;118m[38;2;129;122;113m▄[48;2;191;177;163m[38;2;170;157;144m▄[48;2;161;144;127m[38;2;151;134;119m▄[48;2;147;128;114m[38;2;166;149;136m▄[48;2;120;105;95m[38;2;154;140;130m▄[48;2;111;100;93m[38;2;121;112;107m▄[48;2;119;110;105m[38;2;71;63;58m▄[48;2;68;59;52m[38;2;55;46;39m▄[48;2;58;46;38m[38;2;131;119;111m▄[48;2;134;118;108m[38;2;182;166;156m▄[48;2;191;171;158m[38;2;151;132;120m▄[48;2;173;151;135m[38;2;128;106;92m▄[48;2;128;102;85m[38;2;125;100;86m▄[48;2;130;101;82m[38;2;108;83;68m▄[48;2;91;65;52m[38;2;63;40;29m▄[48;2;73;50;44m[38;2;82;61;55m▄[48;2;68;46;39m[38;2;77;58;51m▄[48;2;78;58;50m[38;2;84;65;58m▄[48;2;99;79;69m[38;2;92;73;63m▄[48;2;84;64;48m[38;2;76;56;41m▄[48;2;176;155;134m[38;2;174;153;132m▄[48;2;236;213;187m[38;2;236;213;187m▄[48;2;157;137;110m[38;2;164;144;118m▄[48;2;98;81;55m[38;2;104;87;63m▄[48;2;213;191;164m[38;2;209;187;161m▄[48;2;180;156;133m[38;2;156;131;110m▄[48;2;91;71;54m[38;2;91;70;55m▄[48;2;38;26;16m[38;2;63;50;42m▄[48;2;32;25;18m[38;2;38;33;28m▄[48;2;35;30;25m[38;2;31;28;25m▄[48;2;36;32;26m[38;2;48;47;33m▄[48;2;39;36;29m[38;2;75;77;51m▄[48;2;42;39;30m[38;2;65;67;39m▄[48;2;45;41;31m[38;2;73;75;47m▄[48;2;48;44;33m[38;2;68;70;43m▄[48;2;49;45;34m[38;2;41;43;18m▄[48;2;57;52;44m[38;2;99;101;79m▄[48;2;60;55;49m[38;2;70;71;53m▄[48;2;66;62;42m[38;2;65;68;34m▄[48;2;92;90;57m[38;2;115;121;76m▄[0m
[48;2;68;58;46m[38;2;99;90;77m▄[48;2;43;37;29m[38;2;58;52;45m▄[48;2;47;47;45m[38;2;44;42;41m▄[48;2;69;73;72m[38;2;62;61;60m▄[48;2;59;57;54m[38;2;52;47;41m▄[48;2;82;68;57m[38;2;86;73;60m▄[48;2;182;162;146m[38;2;186;168;151m▄[48;2;106;90;74m[38;2;104;89;74m▄[48;2;132;115;99m[38;2;137;121;106m▄[48;2;183;162;145m[38;2;197;178;162m▄[48;2;172;150;131m[38;2;172;152;134m▄[48;2;162;140;120m[38;2;166;143;126m▄[48;2;191;168;150m[38;2;194;171;154m▄[48;2;175;152;134m[38;2;176;153;136m▄[48;2;114;92;78m[38;2;120;99;85m▄[48;2;55;38;30m[38;2;68;51;42m▄[48;2;136;117;106m[38;2;140;122;111m▄[48;2;142;122;106m[38;2;140;120;106m▄[48;2;168;152;134m[38;2;191;172;155m▄[48;2;169;155;140m[38;2;201;183;167m▄[48;2;106;93;80m[38;2;113;96;80m▄[48;2;140;125;111m[38;2;136;116;100m▄[48;2;170;153;138m[38;2;207;188;171m▄[48;2;163;148;134m[38;2;187;172;158m▄[48;2;126;110;98m[38;2;122;106;93m▄[48;2;99;80;66m[38;2;94;77;63m▄[48;2;169;151;136m[38;2;186;169;155m▄[48;2;120;102;87m[38;2;215;199;185m▄[48;2;86;70;56m[38;2;146;132;118m▄[48;2;104;90;77m[38;2;56;41;29m▄[48;2;142;128;115m[38;2;81;67;54m▄[48;2;209;194;178m[38;2;163;148;133m▄[48;2;160;146;131m[38;2;150;137;124m▄[48;2;114;100;88m[38;2;104;92;83m▄[48;2;171;158;148m[38;2;126;115;107m▄[48;2;194;181;171m[38;2;130;118;109m▄[48;2;188;174;162m[38;2;119;106;94m▄[48;2;183;169;153m[38;2;125;111;97m▄[48;2;177;163;147m[38;2;154;139;124m▄[48;2;174;161;146m[38;2;173;160;144m▄[48;2;168;151;132m[38;2;168;151;133m▄[48;2;179;157;136m[38;2;181;160;139m▄[48;2;183;160;141m[38;2;178;155;135m▄[48;2;165;146;129m[38;2;158;138;119m▄[48;2;157;141;128m[38;2;154;136;120m▄[48;2;188;174;162m[38;2;186;170;155m▄[48;2;143;128;115m[38;2;154;138;123m▄[48;2;149;135;124m[38;2;164;150;138m▄[48;2;170;156;145m[38;2;185;171;158m▄[48;2;206;192;179m[38;2;209;194;181m▄[48;2;161;146;133m[38;2;190;172;159m▄[48;2;119;102;88m[38;2;188;170;156m▄[48;2;147;128;114m[38;2;201;183;168m▄[48;2;164;146;130m[38;2;145;127;112m▄[48;2;203;186;169m[38;2;138;120;105m▄[48;2;132;118;101m[38;2;120;105;90m▄[48;2;112;99;83m[38;2;113;97;83m▄[48;2;185;171;157m[38;2;187;175;161m▄[48;2;152;138;125m[38;2;154;142;128m▄[48;2;145;129;114m[38;2;141;123;111m▄[48;2;183;164;149m[38;2;173;155;143m▄[48;2;169;149;133m[38;2;209;191;178m▄[48;2;188;167;151m[38;2;230;207;194m▄[48;2;200;174;161m[38;2;231;204;190m▄[48;2;215;190;171m[38;2;211;182;165m▄[48;2;227;195;171m[38;2;202;167;145m▄[48;2;204;160;133m[38;2;185;141;115m▄[48;2;132;81;52m[38;2;128;78;50m▄[48;2;120;70;45m[38;2;161;114;89m▄[48;2;107;69;48m[38;2;122;85;66m▄[48;2;59;30;18m[38;2;60;29;20m▄[48;2;55;28;24m[38;2;78;46;40m▄[48;2;84;53;39m[38;2;127;87;69m▄[48;2;106;65;46m[38;2;144;91;66m▄[48;2;103;57;43m[38;2;129;74;54m▄[48;2;83;46;37m[38;2;103;60;49m▄[48;2;72;42;33m[38;2;67;36;26m▄[48;2;82;43;31m[38;2;94;58;44m▄[48;2;105;57;42m[38;2;94;46;31m▄[48;2;113;63;45m[38;2;120;70;52m▄[48;2;142;89;64m[38;2;150;97;72m▄[48;2;169;115;80m[38;2;175;120;88m▄[48;2;189;135;97m[38;2;200;146;110m▄[48;2;191;140;101m[38;2;206;153;117m▄[48;2;193;139;104m[38;2;202;147;113m▄[48;2;194;136;101m[38;2;206;147;113m▄[48;2;180;120;84m[38;2;181;121;86m▄[48;2;173;113;77m[38;2;173;114;77m▄[48;2;163;104;68m[38;2;174;114;79m▄[48;2;157;97;63m[38;2;171;112;78m▄[48;2;154;95;62m[38;2;172;114;82m▄[48;2;158;100;68m[38;2;177;121;89m▄[48;2;173;116;85m[38;2;200;146;114m▄[48;2;168;111;81m[38;2;186;128;99m▄[48;2;127;70;43m[38;2;134;76;49m▄[48;2;125;71;48m[38;2;145;87;63m▄[48;2;142;90;66m[38;2;159;103;77m▄[48;2;138;88;62m[38;2;153;100;72m▄[48;2;137;89;62m[38;2;146;97;67m▄[48;2;141;94;66m[38;2;157;109;80m▄[48;2;151;103;75m[38;2;164;116;87m▄[48;2;161;111;84m[38;2;166;116;89m▄[48;2;152;106;77m[38;2;155;105;78m▄[48;2;159;115;88m[38;2;191;149;123m▄[48;2;181;142;121m[38;2;178;148;126m▄[48;2;136;113;96m[38;2;83;71;53m▄[48;2;58;55;37m[38;2;60;61;45m▄[48;2;77;85;66m[38;2;85;86;73m▄[48;2;93;93;76m[38;2;99;89;76m▄[48;2;133;113;100m[38;2;132;107;97m▄[48;2;148;118;112m[38;2;130;97;89m▄[48;2;169;146;143m[38;2;153;123;116m▄[48;2;167;148;145m[38;2;155;127;122m▄[48;2;174;161;158m[38;2;167;144;140m▄[48;2;199;190;186m[38;2;181;162;158m▄[48;2;211;207;203m[38;2;190;176;173m▄[48;2;212;210;207m[38;2;190;180;176m▄[48;2;199;199;195m[38;2;196;188;183m▄[48;2;158;158;154m[38;2;210;205;201m▄[48;2;110;110;105m[38;2;210;207;203m▄[48;2;152;147;139m[38;2;209;202;193m▄[48;2;198;186;173m[38;2;212;199;188m▄[48;2;205;187;172m[38;2;164;150;136m▄[48;2;189;172;159m[38;2;83;70;58m▄[48;2;115;103;94m[38;2;67;58;50m▄[48;2;77;69;64m[38;2;60;55;50m▄[48;2;57;50;46m[38;2;77;69;65m▄[48;2;82;74;66m[38;2;108;97;89m▄[48;2;161;149;140m[38;2;116;103;94m▄[48;2;153;137;128m[38;2;99;83;73m▄[48;2;114;96;84m[38;2;78;60;48m▄[48;2;103;81;69m[38;2;64;44;33m▄[48;2;78;56;45m[38;2;57;36;25m▄[48;2;100;79;68m[38;2;110;89;78m▄[48;2;81;60;51m[38;2;87;68;58m▄[48;2;90;71;64m[38;2;86;67;59m▄[48;2;80;61;54m[38;2;82;63;55m▄[48;2;81;62;55m[38;2;82;64;57m▄[48;2;91;72;63m[38;2;94;76;66m▄[48;2;78;58;45m[38;2;86;68;54m▄[48;2;178;157;137m[38;2;185;165;146m▄[48;2;240;217;193m[38;2;244;223;199m▄[48;2;180;159;133m[38;2;190;168;142m▄[48;2;129;108;81m[38;2;130;108;80m▄[48;2;206;180;153m[38;2;193;166;139m▄[48;2;135;107;84m[38;2;151;122;98m▄[48;2;122;98;82m[38;2;158;131;112m▄[48;2;84;68;59m[38;2;94;73;59m▄[48;2;52;44;37m[38;2;68;53;44m▄[48;2;33;28;24m[38;2;47;37;30m▄[48;2;69;68;46m[38;2;84;76;56m▄[48;2;106;108;68m[38;2;100;94;60m▄[48;2;104;106;66m[38;2;100;96;62m▄[48;2;117;119;78m[38;2;98;95;63m▄[48;2;102;106;66m[38;2;86;86;56m▄[48;2;89;93;58m[38;2;77;77;53m▄[48;2;116;119;91m[38;2;53;55;35m▄[48;2;63;66;43m[38;2;46;49;35m▄[48;2;69;74;41m[38;2;53;58;38m▄[48;2;122;129;89m[38;2;56;62;38m▄[0m
[48;2;90;82;69m[38;2;57;46;36m▄[48;2;77;70;66m[38;2;84;75;70m▄[48;2;61;54;54m[38;2;69;60;55m▄[48;2;89;79;77m[38;2;95;81;72m▄[48;2;83;72;65m[38;2;96;80;67m▄[48;2;83;73;61m[38;2;92;77;62m▄[48;2;120;110;96m[38;2;87;73;57m▄[48;2;83;69;56m[38;2;65;51;39m▄[48;2;141;125;112m[38;2;142;127;113m▄[48;2;199;181;167m[38;2;201;183;168m▄[48;2;147;128;112m[38;2;111;91;75m▄[48;2;160;139;122m[38;2;125;104;87m▄[48;2;197;175;159m[38;2;192;170;154m▄[48;2;176;155;138m[38;2;176;155;139m▄[48;2;124;105;89m[38;2;128;109;94m▄[48;2;71;52;42m[38;2;76;59;49m▄[48;2;141;123;112m[38;2;140;123;113m▄[48;2;136;117;105m[38;2;137;119;105m▄[48;2;194;175;160m[38;2;195;178;162m▄[48;2;211;192;175m[38;2;216;197;180m▄[48;2;156;136;119m[38;2;156;137;120m▄[48;2;176;155;138m[38;2;164;144;127m▄[48;2;227;207;191m[38;2;216;196;179m▄[48;2;182;164;150m[38;2;169;150;135m▄[48;2;112;96;81m[38;2;111;92;78m▄[48;2;108;93;78m[38;2;124;106;92m▄[48;2;205;190;177m[38;2;218;202;187m▄[48;2;215;200;187m[38;2;216;200;185m▄[48;2;161;149;134m[38;2;155;141;125m▄[48;2;75;63;49m[38;2;115;101;85m▄[48;2;105;92;77m[38;2;185;170;154m▄[48;2;151;137;123m[38;2;186;171;156m▄[48;2;170;160;150m[38;2;189;178;168m▄[48;2;83;78;73m[38;2;75;69;62m▄[48;2;59;53;48m[38;2;37;30;23m▄[48;2;81;71;63m[38;2;91;79;70m▄[48;2;100;86;74m[38;2;131;116;105m▄[48;2;118;102;89m[38;2;164;148;135m▄[48;2;98;82;69m[38;2;141;125;112m▄[48;2;102;86;70m[38;2;132;116;101m▄[48;2;119;102;85m[38;2;105;88;72m▄[48;2;150;133;115m[38;2;104;87;70m▄[48;2;179;159;142m[38;2;108;89;73m▄[48;2;162;143;126m[38;2;117;100;84m▄[48;2;155;138;120m[38;2;143;128;113m▄[48;2;198;181;164m[38;2;149;135;122m▄[48;2;168;153;137m[38;2;142;129;115m▄[48;2;173;159;143m[38;2;179;164;149m▄[48;2;190;175;160m[38;2;199;183;169m▄[48;2;208;190;176m[38;2;212;194;180m▄[48;2;191;172;158m[38;2;202;184;170m▄[48;2;186;167;153m[38;2;186;168;154m▄[48;2;220;202;188m[38;2;215;198;183m▄[48;2;177;162;147m[38;2;193;178;162m▄[48;2;120;107;92m[38;2;179;169;152m▄[48;2;95;83;71m[38;2;124;118;99m▄[48;2;99;82;71m[38;2;113;101;84m▄[48;2;165;153;139m[38;2;187;175;157m▄[48;2;202;189;174m[38;2;225;207;189m▄[48;2;209;187;176m[38;2;193;163;149m▄[48;2;224;204;195m[38;2;204;176;163m▄[48;2;218;200;193m[38;2;198;174;163m▄[48;2;212;185;178m[38;2;186;155;145m▄[48;2;194;160;145m[38;2;186;146;131m▄[48;2;184;147;130m[38;2;187;147;129m▄[48;2;203;162;142m[38;2;191;148;125m▄[48;2;167;122;96m[38;2;180;132;105m▄[48;2;138;91;63m[38;2;147;97;69m▄[48;2;155;111;88m[38;2;101;55;31m▄[48;2;91;56;39m[38;2;85;46;31m▄[48;2;66;35;25m[38;2;90;59;48m▄[48;2;62;27;17m[38;2;52;25;13m▄[48;2;136;97;78m[38;2;91;58;39m▄[48;2;157;105;81m[38;2;144;97;74m▄[48;2;137;76;57m[38;2;132;75;57m▄[48;2;112;62;49m[38;2;102;54;40m▄[48;2;75;41;29m[38;2;62;26;13m▄[48;2;72;39;25m[38;2;70;33;19m▄[48;2;84;38;23m[38;2;103;56;37m▄[48;2;133;80;60m[38;2;145;89;63m▄[48;2;173;117;90m[38;2;178;119;88m▄[48;2;190;133;102m[38;2;197;139;103m▄[48;2;212;157;124m[38;2;209;156;120m▄[48;2;221;169;136m[38;2;219;169;134m▄[48;2;218;166;133m[38;2;221;174;138m▄[48;2;219;164;130m[38;2;219;169;131m▄[48;2;190;134;97m[38;2;203;151;110m▄[48;2;178;123;85m[38;2;186;132;92m▄[48;2;188;129;94m[38;2;192;135;99m▄[48;2;183;124;92m[38;2;199;142;109m▄[48;2;188;134;102m[38;2;207;156;124m▄[48;2;197;149;117m[38;2;217;171;138m▄[48;2;224;174;143m[38;2;238;190;157m▄[48;2;196;139;111m[38;2;215;159;127m▄[48;2;149;89;62m[38;2;181;123;93m▄[48;2;163;103;77m[38;2;177;123;95m▄[48;2;170;113;85m[38;2;182;125;97m▄[48;2;172;117;86m[38;2;186;127;98m▄[48;2;167;115;82m[38;2;194;134;105m▄[48;2;173;123;90m[38;2;207;152;121m▄[48;2;180;130;99m[38;2;190;140;109m▄[48;2;161;108;79m[38;2;192;146;114m▄[48;2;189;142;116m[38;2;192;160;133m▄[48;2;198;170;144m[38;2;97;86;68m▄[48;2;104;90;67m[38;2;44;38;21m▄[48;2;51;51;32m[38;2;72;70;55m▄[48;2;78;80;66m[38;2;80;73;61m▄[48;2;83;76;66m[38;2;87;69;59m▄[48;2;107;86;78m[38;2;122;93;83m▄[48;2;119;86;77m[38;2;101;67;53m▄[48;2;116;82;72m[38;2;123;85;72m▄[48;2;145;114;104m[38;2;145;106;95m▄[48;2;148;117;107m[38;2;146;107;97m▄[48;2;167;135;128m[38;2;155;115;106m▄[48;2;178;149;141m[38;2;150;112;104m▄[48;2;169;144;137m[38;2;137;102;94m▄[48;2;156;136;128m[38;2;148;117;108m▄[48;2;158;139;131m[38;2;171;143;134m▄[48;2;177;162;156m[38;2;180;153;144m▄[48;2;172;159;155m[38;2;161;135;126m▄[48;2;183;171;161m[38;2;168;148;136m▄[48;2;158;147;133m[38;2;100;89;73m▄[48;2;185;178;164m[38;2;143;139;123m▄[48;2;139;137;125m[38;2;179;179;163m▄[48;2;70;69;60m[38;2;179;178;164m▄[48;2;50;49;42m[38;2;142;140;127m▄[48;2;103;94;87m[38;2;140;132;119m▄[48;2;121;104;96m[38;2;139;123;111m▄[48;2;79;63;54m[38;2;112;97;84m▄[48;2;82;67;55m[38;2;150;135;121m▄[48;2;78;61;48m[38;2;123;107;92m▄[48;2;119;100;86m[38;2;178;160;145m▄[48;2;147;127;111m[38;2;231;210;194m▄[48;2;117;93;77m[38;2;156;133;117m▄[48;2;81;58;46m[38;2;85;63;49m▄[48;2;89;70;61m[38;2;86;69;58m▄[48;2;85;68;59m[38;2;89;71;62m▄[48;2;88;71;63m[38;2;88;71;63m▄[48;2;93;76;66m[38;2;90;73;63m▄[48;2;87;70;56m[38;2;82;64;49m▄[48;2;186;168;149m[38;2;178;158;140m▄[48;2;243;224;201m[38;2;242;221;198m▄[48;2;199;177;154m[38;2;208;184;161m▄[48;2;124;103;79m[38;2;121;97;72m▄[48;2;170;149;125m[38;2;147;124;99m▄[48;2;175;151;129m[38;2;211;185;162m▄[48;2;173;144;126m[38;2;178;148;130m▄[48;2;111;82;68m[38;2;119;88;73m▄[48;2;93;71;58m[38;2;108;84;71m▄[48;2;69;56;45m[38;2;84;70;58m▄[48;2;109;98;75m[38;2;122;111;86m▄[48;2;121;108;74m[38;2;134;125;87m▄[48;2;94;87;55m[38;2;108;102;65m▄[48;2;78;74;46m[38;2;103;99;64m▄[48;2;80;77;53m[38;2;120;115;84m▄[48;2;62;58;38m[38;2;98;91;66m▄[48;2;60;61;42m[38;2;87;82;61m▄[48;2;57;63;44m[38;2;85;85;65m▄[48;2;48;53;37m[38;2;81;78;62m▄[48;2;53;59;43m[38;2;86;83;67m▄[0m
[48;2;59;47;41m[38;2;74;61;57m▄[48;2;74;64;56m[38;2;75;64;55m▄[48;2;101;89;77m[38;2;97;83;67m▄[48;2;171;155;137m[38;2;187;167;145m▄[48;2;179;158;136m[38;2;200;175;149m▄[48;2;184;161;140m[38;2;203;174;151m▄[48;2;170;149;131m[38;2;188;163;142m▄[48;2;75;59;45m[38;2;81;62;48m▄[48;2;141;125;110m[38;2;142;123;108m▄[48;2;199;181;164m[38;2;198;178;160m▄[48;2;132;111;93m[38;2;188;167;147m▄[48;2;115;94;74m[38;2;178;157;136m▄[48;2;171;150;132m[38;2;188;167;147m▄[48;2;177;157;140m[38;2;187;167;150m▄[48;2;126;107;92m[38;2;124;105;91m▄[48;2;75;61;50m[38;2;80;66;54m▄[48;2;143;127;116m[38;2;158;144;132m▄[48;2;136;121;107m[38;2;146;132;117m▄[48;2;182;167;150m[38;2;178;162;145m▄[48;2;177;160;142m[38;2;135;119;101m▄[48;2;104;86;69m[38;2;106;90;72m▄[48;2;112;93;76m[38;2;110;93;76m▄[48;2;140;120;104m[38;2;120;100;84m▄[48;2;142;120;105m[38;2;133;110;94m▄[48;2;134;114;98m[38;2;174;152;136m▄[48;2;145;125;109m[38;2;162;140;124m▄[48;2;225;206;190m[38;2;176;156;138m▄[48;2;213;196;178m[38;2;201;183;164m▄[48;2;158;142;124m[38;2;161;144;124m▄[48;2;146;130;112m[38;2;168;150;129m▄[48;2;161;145;128m[38;2;215;198;178m▄[48;2;125;110;95m[38;2;118;103;88m▄[48;2;156;145;134m[38;2;125;113;101m▄[48;2;74;67;58m[38;2;93;82;71m▄[48;2;48;38;29m[38;2;104;92;79m▄[48;2;131;117;106m[38;2;150;133;118m▄[48;2;175;157;144m[38;2;180;160;144m▄[48;2;162;144;131m[38;2;128;111;96m▄[48;2;161;146;133m[38;2;123;108;96m▄[48;2;151;136;123m[38;2;106;93;82m▄[48;2;133;117;103m[38;2;115;100;88m▄[48;2;144;127;111m[38;2;159;143;130m▄[48;2;109;92;77m[38;2;176;159;144m▄[48;2;71;55;41m[38;2;150;133;119m▄[48;2;88;74;63m[38;2;113;99;88m▄[48;2;123;112;102m[38;2;89;79;72m▄[48;2;141;130;120m[38;2;112;102;94m▄[48;2;173;158;145m[38;2;169;154;142m▄[48;2;198;182;168m[38;2;195;179;166m▄[48;2;188;171;157m[38;2;181;165;150m▄[48;2;177;160;146m[38;2;187;172;157m▄[48;2;159;143;127m[38;2;162;149;131m▄[48;2;201;188;172m[38;2;182;173;153m▄[48;2;188;177;159m[38;2;180;172;152m▄[48;2;192;187;165m[38;2;166;164;139m▄[48;2;178;178;152m[38;2;142;145;114m▄[48;2;172;165;139m[38;2;121;118;87m▄[48;2;142;131;105m[38;2;94;86;56m▄[48;2;180;157;135m[38;2;151;126;99m▄[48;2;177;136;119m[38;2;167;119;99m▄[48;2;188;148;131m[38;2;170;120;101m▄[48;2;189;155;139m[38;2;176;133;113m▄[48;2;180;142;126m[38;2;179;135;116m▄[48;2;181;137;120m[38;2;178;130;111m▄[48;2;186;141;121m[38;2;172;124;103m▄[48;2;187;140;116m[38;2;182;132;107m▄[48;2;180;129;101m[38;2;156;102;73m▄[48;2;138;85;56m[38;2;150;96;67m▄[48;2;117;68;44m[38;2;158;108;84m▄[48;2;107;67;51m[38;2;79;39;25m▄[48;2;66;33;22m[38;2;74;36;26m▄[48;2;84;50;38m[38;2;151;102;86m▄[48;2;93;52;34m[38;2;153;98;78m▄[48;2;118;69;47m[38;2;130;74;52m▄[48;2;113;63;44m[38;2;96;51;33m▄[48;2;90;51;37m[38;2;76;48;35m▄[48;2;59;31;17m[38;2;41;26;14m▄[48;2;104;79;63m[38;2;55;47;32m▄[48;2;170;134;113m[38;2;109;95;77m▄[48;2;202;149;123m[38;2;183;152;133m▄[48;2;207;150;120m[38;2;221;185;161m▄[48;2;213;156;122m[38;2;236;196;169m▄[48;2;217;164;130m[38;2;236;194;165m▄[48;2;226;175;142m[38;2;233;187;159m▄[48;2;223;172;138m[38;2;229;177;148m▄[48;2;210;154;118m[38;2;211;151;118m▄[48;2;195;137;97m[38;2;191;128;91m▄[48;2;190;133;92m[38;2;191;131;92m▄[48;2;197;140;103m[38;2;200;141;105m▄[48;2;212;157;123m[38;2;215;159;125m▄[48;2;221;170;138m[38;2;224;169;138m▄[48;2;225;177;145m[38;2;218;165;134m▄[48;2;230;180;146m[38;2;217;165;133m▄[48;2;220;165;131m[38;2;220;169;136m▄[48;2;200;143;108m[38;2;213;162;127m▄[48;2;194;136;102m[38;2;215;162;126m▄[48;2;194;136;104m[38;2;213;164;131m▄[48;2;201;144;114m[38;2;207;167;138m▄[48;2;215;161;135m[38;2;179;151;127m▄[48;2;213;169;145m[38;2;115;99;79m▄[48;2;172;141;117m[38;2;70;63;47m▄[48;2;139;118;95m[38;2;33;33;22m▄[48;2;71;59;41m[38;2;36;35;25m▄[48;2;34;31;20m[38;2;61;51;43m▄[48;2;59;57;45m[38;2;73;67;54m▄[48;2;71;68;53m[38;2;71;66;48m▄[48;2;72;60;45m[38;2;97;85;67m▄[48;2;102;76;63m[38;2;109;85;69m▄[48;2;112;77;64m[38;2;92;56;44m▄[48;2;95;57;43m[38;2;105;62;54m▄[48;2;123;82;69m[38;2;117;71;60m▄[48;2;126;80;68m[38;2;123;74;59m▄[48;2;134;88;75m[38;2;129;80;65m▄[48;2;139;93;82m[38;2;139;91;77m▄[48;2;141;95;85m[38;2;141;94;79m▄[48;2;139;96;86m[38;2;147;102;86m▄[48;2;162;122;111m[38;2;174;130;115m▄[48;2;184;146;136m[38;2;176;134;120m▄[48;2;162;122;109m[38;2;138;90;73m▄[48;2;153;113;98m[38;2;161;112;92m▄[48;2;156;128;113m[38;2;138;107;91m▄[48;2;79;66;50m[38;2;72;60;45m▄[48;2;103;101;83m[38;2;89;89;70m▄[48;2;102;104;84m[38;2;82;84;63m▄[48;2;118;119;99m[38;2;85;87;63m▄[48;2;166;165;144m[38;2;112;112;87m▄[48;2;177;171;150m[38;2;127;123;100m▄[48;2;155;143;125m[38;2;151;143;122m▄[48;2;157;145;127m[38;2;186;176;155m▄[48;2;207;193;176m[38;2;215;203;184m▄[48;2;156;141;124m[38;2;174;159;141m▄[48;2;176;159;142m[38;2;181;163;145m▄[48;2;225;205;188m[38;2;225;205;188m▄[48;2;185;163;147m[38;2;145;123;107m▄[48;2;107;86;72m[38;2;92;70;56m▄[48;2;86;67;56m[38;2;97;77;67m▄[48;2;90;72;62m[38;2;92;74;64m▄[48;2;91;71;63m[38;2;97;79;69m▄[48;2;94;75;66m[38;2;104;84;74m▄[48;2;81;62;48m[38;2;93;71;58m▄[48;2;171;151;132m[38;2;173;150;132m▄[48;2;240;219;196m[38;2;240;216;195m▄[48;2;210;184;159m[38;2;210;181;157m▄[48;2;108;79;53m[38;2;122;89;64m▄[48;2;123;96;71m[38;2;151;120;96m▄[48;2;218;189;166m[38;2;224;192;169m▄[48;2;174;141;122m[38;2;170;135;116m▄[48;2;121;89;72m[38;2;124;92;74m▄[48;2;111;87;71m[38;2;119;94;79m▄[48;2;87;71;58m[38;2;94;78;64m▄[48;2;105;95;70m[38;2;90;81;58m▄[48;2;125;118;79m[38;2;99;95;59m▄[48;2;115;110;70m[38;2;119;115;78m▄[48;2;126;122;82m[38;2;130;125;89m▄[48;2;143;135;100m[38;2;115;103;72m▄[48;2;121;109;81m[38;2;90;72;48m▄[48;2;106;93;72m[38;2;92;70;54m▄[48;2;91;81;64m[38;2;90;70;60m▄[48;2;82;70;57m[38;2;83;65;56m▄[48;2;81;68;54m[38;2;78;59;50m▄[0m
[48;2;74;61;57m[38;2;71;59;54m▄[48;2;79;68;60m[38;2;81;71;65m▄[48;2;77;64;49m[38;2;75;61;50m▄[48;2;178;158;136m[38;2;139;120;102m▄[48;2;202;175;150m[38;2;187;162;141m▄[48;2;207;178;155m[38;2;194;167;146m▄[48;2;192;165;144m[38;2;190;165;146m▄[48;2;87;67;52m[38;2;93;73;58m▄[48;2;144;124;108m[38;2;143;123;105m▄[48;2;202;181;160m[38;2;201;180;158m▄[48;2;191;169;146m[38;2;172;151;126m▄[48;2;183;162;138m[38;2;176;154;130m▄[48;2;192;171;151m[38;2;187;166;145m▄[48;2;188;168;151m[38;2;168;149;132m▄[48;2;119;101;87m[38;2;106;87;73m▄[48;2;79;65;52m[38;2;85;70;57m▄[48;2;157;142;128m[38;2;150;135;120m▄[48;2;153;138;122m[38;2;140;124;107m▄[48;2;195;179;163m[38;2;183;167;150m▄[48;2;161;144;126m[38;2;146;128;111m▄[48;2;143;125;108m[38;2;137;117;102m▄[48;2;153;135;119m[38;2;150;129;116m▄[48;2;172;152;137m[38;2;167;145;132m▄[48;2;144;122;106m[38;2;156;133;119m▄[48;2;176;153;137m[38;2;168;146;131m▄[48;2;164;141;125m[38;2;161;139;124m▄[48;2;122;102;83m[38;2;158;137;120m▄[48;2;139;120;101m[38;2;153;135;115m▄[48;2;131;113;92m[38;2;133;116;95m▄[48;2;164;146;124m[38;2;164;147;125m▄[48;2;216;200;179m[38;2;220;205;183m▄[48;2;139;125;110m[38;2;141;128;111m▄[48;2;143;130;116m[38;2;140;126;112m▄[48;2;105;92;79m[38;2;113;98;81m▄[48;2;167;151;136m[38;2;190;171;152m▄[48;2;118;97;78m[38;2;148;125;104m▄[48;2;143;121;103m[38;2;208;184;164m▄[48;2;99;81;65m[38;2;166;148;131m▄[48;2;71;58;46m[38;2;98;85;73m▄[48;2;86;76;67m[38;2;51;41;35m▄[48;2;106;92;82m[38;2;80;67;58m▄[48;2;160;143;131m[38;2;161;145;132m▄[48;2;186;167;153m[38;2;169;150;134m▄[48;2;197;179;165m[38;2;159;139;123m▄[48;2;162;147;135m[38;2;154;136;123m▄[48;2;108;97;90m[38;2;119;106;96m▄[48;2;80;70;62m[38;2;93;81;71m▄[48;2;118;103;90m[38;2;161;146;133m▄[48;2;146;129;116m[38;2;160;145;132m▄[48;2;189;173;158m[38;2;148;134;119m▄[48;2;226;212;196m[38;2;203;190;173m▄[48;2;201;190;171m[38;2;194;185;165m▄[48;2;164;157;135m[38;2;131;127;104m▄[48;2;126;122;99m[38;2;105;105;79m▄[48;2;112;110;85m[38;2;107;108;81m▄[48;2;100;102;73m[38;2;107;104;81m▄[48;2;111;110;80m[38;2;107;107;81m▄[48;2;93;90;58m[38;2;83;88;56m▄[48;2;132;111;82m[38;2;103;89;61m▄[48;2;164;117;94m[38;2;159;115;95m▄[48;2;165;113;92m[38;2;158;107;87m▄[48;2;177;131;109m[38;2;183;136;116m▄[48;2;173;125;104m[38;2;169;120;99m▄[48;2;166;118;97m[38;2;165;118;96m▄[48;2;166;117;94m[38;2;166;118;95m▄[48;2;179;129;103m[38;2;180;132;105m▄[48;2;180;127;98m[38;2;188;137;108m▄[48;2;186;133;104m[38;2;151;102;73m▄[48;2;135;87;64m[38;2;156;113;89m▄[48;2;92;54;41m[38;2;94;59;47m▄[48;2;89;52;40m[38;2;52;22;11m▄[48;2;150;100;79m[38;2;97;58;37m▄[48;2;154;98;74m[38;2;125;74;52m▄[48;2;141;88;65m[38;2;128;80;60m▄[48;2;96;57;39m[38;2;87;54;36m▄[48;2;61;38;27m[38;2;67;44;33m▄[48;2;59;45;37m[38;2;84;63;55m▄[48;2;58;49;36m[38;2;95;76;61m▄[48;2;51;49;32m[38;2;101;93;73m▄[48;2;53;54;37m[38;2;75;81;62m▄[48;2;91;86;65m[38;2;72;76;53m▄[48;2;138;126;103m[38;2;62;63;42m▄[48;2;171;155;130m▄[48;2;193;170;145m[38;2;75;72;52m▄[48;2;212;178;151m[38;2;77;66;45m▄[48;2;203;159;129m[38;2;78;60;35m▄[48;2;201;148;115m[38;2;143;111;83m▄[48;2;206;147;112m[38;2;218;169;138m▄[48;2;212;154;120m[38;2;219;168;133m▄[48;2;217;160;125m[38;2;224;171;134m▄[48;2;224;167;134m[38;2;223;168;133m▄[48;2;225;170;140m[38;2;226;173;144m▄[48;2;221;171;143m[38;2;202;162;137m▄[48;2;186;146;118m[38;2;78;57;34m▄[48;2;157;122;96m[38;2;44;32;14m▄[48;2;143;110;88m[38;2;36;26;15m▄[48;2;116;91;69m[38;2;42;37;25m▄[48;2;81;67;46m[38;2;37;36;24m▄[48;2;49;44;25m[38;2;41;41;28m▄[48;2;31;32;16m[38;2;47;44;30m▄[48;2;37;37;24m[38;2;59;50;37m▄[48;2;45;44;34m[38;2;70;55;42m▄[48;2;68;58;48m[38;2;94;76;62m▄[48;2;80;61;49m[38;2;92;75;59m▄[48;2;93;81;65m[38;2;101;87;70m▄[48;2;87;78;59m[38;2;95;80;63m▄[48;2;96;82;63m[38;2;96;74;58m▄[48;2;96;71;55m[38;2;87;53;41m▄[48;2;81;44;33m[38;2;101;57;46m▄[48;2;109;63;58m[38;2;117;69;59m▄[48;2;118;69;60m[38;2;125;76;62m▄[48;2;132;82;65m[38;2;135;85;67m▄[48;2;133;86;68m[38;2;133;84;65m▄[48;2;142;96;78m[38;2;141;94;74m▄[48;2;148;102;85m[38;2;152;107;87m▄[48;2;161;115;97m[38;2;164;116;97m▄[48;2;177;131;113m[38;2;161;112;93m▄[48;2;154;109;91m[38;2;133;83;65m▄[48;2;134;81;63m[38;2;130;77;59m▄[48;2;168;116;96m[38;2;161;113;96m▄[48;2;113;82;67m[38;2;93;66;54m▄[48;2;70;62;46m[38;2;53;47;34m▄[48;2;73;74;56m[38;2;60;62;45m▄[48;2;65;68;45m[38;2;70;71;48m▄[48;2;86;87;62m[38;2;72;72;49m▄[48;2;92;93;70m[38;2;63;65;49m▄[48;2;93;93;71m[38;2;62;67;50m▄[48;2;87;84;63m[38;2;50;54;33m▄[48;2;158;152;130m[38;2;93;92;72m▄[48;2;219;209;189m[38;2;207;200;181m▄[48;2;184;169;151m[38;2;179;164;146m▄[48;2;191;172;155m[38;2;147;127;110m▄[48;2;211;190;174m[38;2;158;134;118m▄[48;2;143;120;103m[38;2;141;115;98m▄[48;2;101;78;64m[38;2;106;83;68m▄[48;2;98;79;68m[38;2;102;82;70m▄[48;2;93;75;64m[38;2;98;78;67m▄[48;2;99;79;70m[38;2;104;84;76m▄[48;2;107;87;77m[38;2;107;86;75m▄[48;2;98;76;62m[38;2;87;63;49m▄[48;2;171;146;129m[38;2;164;137;120m▄[48;2;232;205;183m[38;2;228;200;178m▄[48;2;205;174;152m[38;2;198;165;143m▄[48;2;129;94;71m[38;2;139;103;82m▄[48;2;171;139;115m[38;2;156;123;101m▄[48;2;210;176;154m[38;2;142;109;87m▄[48;2;154;119;100m[38;2;120;85;68m▄[48;2;125;92;76m[38;2;134;102;88m▄[48;2;112;88;73m[38;2;114;91;78m▄[48;2;93;78;64m[38;2;64;52;39m▄[48;2;95;88;63m[38;2;77;72;46m▄[48;2;111;108;74m[38;2;114;113;75m▄[48;2;122;120;86m[38;2;112;111;78m▄[48;2;133;127;96m[38;2;86;80;53m▄[48;2;97;83;59m[38;2;92;77;59m▄[48;2;84;62;46m[38;2;90;66;55m▄[48;2;95;70;59m[38;2;96;67;59m▄[48;2;98;72;65m[38;2;92;64;57m▄[48;2;93;70;65m[38;2;92;66;58m▄[48;2;87;64;58m[38;2;93;67;58m▄[0m
[48;2;70;61;53m[38;2;134;119;105m▄[48;2;94;86;80m[38;2;127;112;105m▄[48;2;85;73;65m[38;2;96;80;75m▄[48;2;103;84;72m[38;2;105;86;78m▄[48;2;159;135;118m[38;2;159;140;125m▄[48;2;180;155;137m[38;2;199;179;162m▄[48;2;198;174;156m[38;2;202;183;167m▄[48;2;97;77;61m[38;2;94;77;61m▄[48;2;143;123;105m[38;2;144;124;107m▄[48;2;203;181;159m[38;2;209;185;165m▄[48;2;154;132;107m[38;2;168;143;121m▄[48;2;167;145;120m[38;2;162;138;117m▄[48;2;171;150;129m[38;2;165;140;119m▄[48;2;179;159;142m[38;2;155;126;107m▄[48;2;182;163;150m[38;2;149;119;98m▄[48;2;188;171;159m[38;2;171;139;117m▄[48;2;199;182;168m[38;2;197;165;145m▄[48;2;170;153;137m[38;2;177;148;131m▄[48;2;193;174;158m[38;2;151;125;112m▄[48;2;171;152;135m[38;2;154;130;117m▄[48;2;137;116;101m[38;2;136;114;103m▄[48;2;149;127;115m[38;2;133;112;101m▄[48;2;171;149;136m[38;2;151;131;120m▄[48;2;172;149;136m[38;2;149;132;121m▄[48;2;153;131;118m[38;2;136;119;109m▄[48;2;161;140;125m[38;2;163;145;133m▄[48;2;170;151;133m[38;2;166;148;134m▄[48;2;198;180;161m[38;2;188;171;155m▄[48;2;162;145;124m[38;2;156;139;120m▄[48;2;143;127;104m[38;2;157;140;118m▄[48;2;190;174;152m[38;2;199;183;162m▄[48;2;135;122;105m[38;2;159;143;127m▄[48;2;144;130;115m[38;2;152;136;121m▄[48;2;116;101;83m[38;2;99;81;67m▄[48;2;197;177;156m[38;2;156;136;121m▄[48;2;161;135;113m[38;2;151;131;115m▄[48;2;210;186;165m[38;2;159;139;122m▄[48;2;178;160;142m[38;2;164;147;130m▄[48;2;151;139;127m[38;2;184;169;155m▄[48;2;64;57;51m[38;2;94;81;73m▄[48;2;111;101;93m[38;2;134;121;111m▄[48;2;207;191;178m[38;2;205;190;177m▄[48;2;163;141;126m[38;2;172;156;140m▄[48;2;172;150;134m[38;2;190;174;157m▄[48;2;153;133;119m[38;2;181;164;148m▄[48;2;136;119;108m[38;2;191;175;160m▄[48;2;105;90;79m[38;2;130;113;99m▄[48;2;186;171;158m[38;2;189;170;155m▄[48;2;195;180;167m[38;2;187;170;154m▄[48;2;104;91;75m[38;2;116;104;86m▄[48;2;158;148;129m[38;2;167;160;140m▄[48;2;167;160;138m[38;2;123;119;98m▄[48;2;108;106;81m[38;2;82;82;59m▄[48;2;89;92;65m[38;2;69;71;47m▄[48;2;91;92;66m[38;2;75;76;53m▄[48;2;94;87;68m[38;2;81;78;60m▄[48;2;91;90;67m[38;2;91;89;67m▄[48;2;77;86;55m[38;2;77;78;52m▄[48;2;89;82;53m[38;2;78;71;43m▄[48;2;147;109;90m[38;2;143;112;89m▄[48;2;153;103;85m[38;2;146;98;79m▄[48;2;184;137;119m[38;2;180;132;113m▄[48;2;169;122;103m[38;2;174;130;109m▄[48;2;168;123;101m[38;2;176;131;107m▄[48;2;183;137;113m[38;2;183;136;112m▄[48;2;194;148;121m[38;2;170;121;97m▄[48;2;161;114;83m[38;2;134;85;60m▄[48;2;146;100;71m[38;2;97;51;30m▄[48;2;126;85;64m[38;2;74;35;19m▄[48;2;63;32;21m[38;2;47;17;9m▄[48;2;47;20;12m[38;2;100;68;59m▄[48;2;89;50;37m[38;2;147;99;83m▄[48;2;103;51;37m[38;2;102;54;40m▄[48;2;109;61;45m[38;2;89;52;39m▄[48;2;76;45;30m[38;2;59;37;22m▄[48;2;61;37;25m[38;2;43;30;14m▄[48;2;100;76;63m[38;2;85;71;55m▄[48;2;97;75;52m[38;2;111;91;76m▄[48;2;120;104;76m[38;2;111;90;73m▄[48;2;121;105;85m[38;2;132;112;92m▄[48;2;104;89;68m[38;2;129;109;87m▄[48;2;107;97;75m[38;2;115;97;75m▄[48;2;91;86;68m[38;2;121;103;84m▄[48;2;75;76;61m[38;2;109;95;78m▄[48;2;71;71;56m[38;2;98;89;73m▄[48;2;39;36;19m[38;2;77;75;59m▄[48;2;65;47;25m[38;2;48;40;22m▄[48;2;204;164;135m[38;2;134;106;84m▄[48;2;223;180;146m[38;2;216;174;142m▄[48;2;223;177;138m[38;2;218;171;130m▄[48;2;221;171;133m[38;2;221;172;133m▄[48;2;226;181;148m[38;2;228;188;158m▄[48;2;180;151;127m[38;2;137;118;96m▄[48;2;61;54;37m[38;2;50;51;33m▄[48;2;46;51;35m[38;2;70;67;50m▄[48;2;63;62;49m[38;2;70;54;39m▄[48;2;46;42;31m[38;2;67;51;37m▄[48;2;59;53;44m[38;2;92;77;65m▄[48;2;68;56;48m[38;2;84;71;61m▄[48;2;69;54;46m[38;2;77;65;54m▄[48;2;96;77;66m[38;2;88;78;65m▄[48;2;85;64;52m[38;2;82;74;60m▄[48;2;100;84;69m[38;2;65;60;45m▄[48;2;92;86;67m[38;2;51;43;30m▄[48;2;77;66;49m[38;2;49;30;17m▄[48;2;75;52;40m[38;2;99;66;55m▄[48;2;103;66;57m[38;2;94;50;39m▄[48;2;95;47;38m[38;2;120;68;56m▄[48;2;122;69;56m[38;2;122;70;54m▄[48;2;123;73;55m[38;2;123;71;53m▄[48;2;134;85;64m[38;2;133;82;62m▄[48;2;139;86;68m[38;2;141;89;71m▄[48;2;140;88;70m[38;2;141;92;72m▄[48;2;144;94;75m[38;2;149;101;82m▄[48;2;152;103;83m[38;2;154;105;86m▄[48;2;160;109;90m[38;2;151;100;82m▄[48;2;141;87;69m[38;2;130;77;58m▄[48;2;121;64;47m[38;2;114;56;39m▄[48;2;120;66;48m[38;2;114;60;44m▄[48;2;154;113;98m[38;2;156;117;103m▄[48;2;78;57;47m[38;2;70;51;42m▄[48;2;47;45;33m[38;2;42;40;29m▄[48;2;65;68;51m[38;2;66;70;53m▄[48;2;74;74;52m[38;2;74;77;55m▄[48;2;68;67;48m[38;2;67;68;50m▄[48;2;46;49;39m[38;2;42;45;35m▄[48;2;32;40;28m[38;2;27;35;25m▄[48;2;57;65;45m[38;2;43;52;36m▄[48;2;74;76;58m[38;2;60;63;47m▄[48;2;162;156;139m[38;2;121;115;98m▄[48;2;138;124;108m[38;2;156;143;124m▄[48;2;114;92;76m[38;2;142;122;104m▄[48;2;157;131;115m[38;2;174;150;132m▄[48;2;146;118;101m[38;2;141;113;97m▄[48;2;103;78;62m[38;2;98;74;59m▄[48;2;98;78;66m[38;2;92;74;59m▄[48;2;94;74;63m[38;2;88;66;53m▄[48;2;100;80;70m[38;2;96;72;59m▄[48;2;99;78;66m[38;2;117;89;76m▄[48;2;88;64;50m[38;2;131;100;87m▄[48;2;156;129;111m[38;2;155;122;107m▄[48;2;182;153;131m[38;2;154;121;103m▄[48;2;160;127;105m[38;2;145;115;99m▄[48;2;144;108;88m[38;2;128;101;87m▄[48;2;135;101;81m[38;2;110;84;69m▄[48;2;129;96;78m[38;2;94;68;52m▄[48;2;129;96;79m[38;2;81;54;40m▄[48;2;145;114;101m[38;2;115;91;77m▄[48;2;129;108;95m[38;2;123;104;91m▄[48;2;78;66;55m[38;2;97;83;72m▄[48;2;87;84;56m[38;2;95;89;68m▄[48;2;149;149;106m[38;2;122;121;91m▄[48;2;124;125;90m[38;2;119;115;92m▄[48;2;79;73;49m[38;2;105;96;80m▄[48;2;94;79;64m[38;2;97;82;68m▄[48;2;94;70;60m[38;2;95;74;61m▄[48;2;96;68;57m[38;2;103;77;64m▄[48;2;84;57;45m[38;2;95;68;56m▄[48;2;92;65;51m[38;2;97;67;51m▄[48;2;99;67;55m[38;2;102;70;51m▄[0m
[48;2;129;112;91m[38;2;113;96;67m▄[48;2;92;73;62m[38;2;106;87;68m▄[48;2;86;67;59m[38;2;100;81;68m▄[48;2;103;85;75m[38;2;95;77;63m▄[48;2;110;92;78m[38;2;103;85;70m▄[48;2;158;141;125m[38;2;97;79;65m▄[48;2;158;142;126m[38;2;104;86;73m▄[48;2;79;63;49m[38;2;91;73;62m▄[48;2;137;118;102m[38;2;121;102;87m▄[48;2;186;163;144m[38;2;120;101;81m▄[48;2;167;143;123m[38;2;148;129;108m▄[48;2;144;120;102m[38;2;117;96;78m▄[48;2;148;120;101m[38;2;123;98;80m▄[48;2;107;73;53m[38;2;106;72;53m▄[48;2;118;79;55m[38;2;110;70;48m▄[48;2;113;73;47m[38;2;133;92;68m▄[48;2;91;52;29m[38;2;84;46;25m▄[48;2;84;49;32m[38;2;95;60;44m▄[48;2;70;40;28m[38;2;81;52;40m▄[48;2;48;23;13m[38;2;58;33;24m▄[48;2;70;48;40m[38;2;54;32;23m▄[48;2;115;95;85m[38;2;104;84;75m▄[48;2;103;84;75m[38;2;105;86;77m▄[48;2;87;71;62m[38;2;96;78;68m▄[48;2;91;75;64m[38;2;113;94;83m▄[48;2;118;100;89m[38;2;100;80;69m▄[48;2;135;116;105m[38;2;95;74;61m▄[48;2;136;117;104m[38;2;103;82;67m▄[48;2;124;106;90m[38;2;94;75;60m▄[48;2;185;168;149m[38;2;188;171;154m▄[48;2;229;213;193m[38;2;227;212;194m▄[48;2;163;147;129m[38;2;154;139;123m▄[48;2;130;113;97m[38;2;130;113;98m▄[48;2;92;73;61m[38;2;115;98;85m▄[48;2;118;100;88m[38;2;101;84;72m▄[48;2;124;107;95m[38;2;115;98;86m▄[48;2;112;94;81m[38;2;101;84;71m▄[48;2;128;111;94m[38;2;88;72;56m▄[48;2;144;126;112m[38;2;101;86;72m▄[48;2;116;100;91m[38;2;110;97;88m▄[48;2;134;121;110m[38;2;95;81;71m▄[48;2;149;135;122m[38;2;102;88;75m▄[48;2;143;129;114m[38;2;136;120;105m▄[48;2;143;129;111m[38;2;125;107;91m▄[48;2;169;152;135m[38;2;122;103;86m▄[48;2;209;192;175m[38;2;152;133;117m▄[48;2;150;132;116m[38;2;135;115;99m▄[48;2;201;180;162m[38;2;196;175;156m▄[48;2;191;173;155m[38;2;195;177;157m▄[48;2;138;126;106m[38;2;155;142;120m▄[48;2;161;153;132m[38;2;128;120;98m▄[48;2;90;87;66m[38;2;76;72;50m▄[48;2;70;70;47m[38;2;79;77;56m▄[48;2;79;80;57m[38;2;78;78;56m▄[48;2;71;73;52m[38;2;70;71;52m▄[48;2;76;76;57m[38;2;64;64;48m▄[48;2;75;72;52m[38;2;71;70;51m▄[48;2;71;68;43m[38;2;79;76;54m▄[48;2;78;69;43m[38;2;82;72;48m▄[48;2;140;112;88m[38;2;142;113;92m▄[48;2;140;93;74m[38;2;135;87;71m▄[48;2;173;125;107m[38;2;167;118;103m▄[48;2;184;142;121m[38;2;197;156;137m▄[48;2;177;132;109m[38;2;174;130;110m▄[48;2;169;121;98m[38;2;160;112;93m▄[48;2;147;97;75m[38;2;142;92;72m▄[48;2;108;58;37m[38;2;93;43;23m▄[48;2;95;49;32m[38;2;151;103;84m▄[48;2;94;55;40m[38;2;127;83;67m▄[48;2;50;18;10m[38;2;51;15;2m▄[48;2;101;65;51m[38;2;68;27;13m▄[48;2;148;96;74m[38;2;114;62;41m▄[48;2;124;77;61m[38;2;124;75;59m▄[48;2;76;40;28m[38;2;96;52;39m▄[48;2;63;37;25m[38;2;100;59;48m▄[48;2;40;24;8m[38;2;101;67;54m▄[48;2;59;48;32m[38;2;55;36;20m▄[48;2;86;76;64m[38;2;58;58;39m▄[48;2;87;78;65m[38;2;58;66;47m▄[48;2;100;91;71m[38;2;67;69;51m▄[48;2;100;89;68m[38;2;77;75;56m▄[48;2;112;95;75m[38;2;96;85;67m▄[48;2;101;77;59m[38;2;113;93;77m▄[48;2;125;100;81m[38;2;121;96;80m▄[48;2;119;101;83m[38;2;124;105;87m▄[48;2;80;72;53m[38;2;100;89;69m▄[48;2;60;56;38m[38;2;78;71;52m▄[48;2;89;66;49m[38;2;83;65;47m▄[48;2;196;151;123m[38;2;180;140;116m▄[48;2;225;174;135m[38;2;223;173;141m▄[48;2;222;173;137m[38;2;226;182;151m▄[48;2;221;184;159m[38;2;191;163;138m▄[48;2;92;79;58m[38;2;68;58;37m▄[48;2;60;59;40m[38;2;61;56;40m▄[48;2;69;56;40m[38;2;76;61;47m▄[48;2;91;68;54m[38;2;106;86;73m▄[48;2;113;94;80m[38;2;90;76;63m▄[48;2;88;77;62m[38;2;91;85;70m▄[48;2;87;81;67m[38;2;47;48;32m▄[48;2;58;57;42m[38;2;41;44;28m▄[48;2;53;53;37m[38;2;48;49;33m▄[48;2;49;50;33m[38;2;50;48;31m▄[48;2;44;41;26m[38;2;61;51;35m▄[48;2;52;39;27m[38;2;96;73;59m▄[48;2;96;69;58m[38;2;80;48;34m▄[48;2;91;52;40m[38;2;98;57;43m▄[48;2;114;69;55m[38;2;140;94;78m▄[48;2;134;86;70m[38;2;140;93;75m▄[48;2;115;66;49m[38;2;122;72;54m▄[48;2;122;70;54m[38;2;125;72;55m▄[48;2;139;86;69m[38;2;137;84;66m▄[48;2;146;95;76m[38;2;150;99;80m▄[48;2;148;98;79m▄[48;2;153;105;86m[38;2;157;106;88m▄[48;2;163;114;97m[38;2;162;112;93m▄[48;2;146;97;79m[38;2;139;88;70m▄[48;2;116;64;45m[38;2;108;56;39m▄[48;2;106;49;32m[38;2;96;41;25m▄[48;2;115;63;47m[38;2;112;60;45m▄[48;2;153;116;101m[38;2;154;116;102m▄[48;2;64;46;35m[38;2;65;46;33m▄[48;2;45;43;31m[38;2;53;50;38m▄[48;2;64;68;50m[38;2;67;73;54m▄[48;2;75;79;57m[38;2;74;78;56m▄[48;2;73;75;57m[38;2;75;76;59m▄[48;2;46;49;38m[38;2;41;44;34m▄[48;2;21;29;19m[38;2;24;32;25m▄[48;2;32;42;29m[38;2;33;43;33m▄[48;2;45;50;33m[38;2;40;46;33m▄[48;2;78;76;56m[38;2;60;59;42m▄[48;2;165;155;134m[38;2;127;118;100m▄[48;2;157;140;120m[38;2;160;143;124m▄[48;2;190;166;147m[38;2;180;157;139m▄[48;2;148;121;105m[38;2;149;124;106m▄[48;2;96;71;56m[38;2;109;81;66m▄[48;2;99;77;62m[38;2;121;93;82m▄[48;2;115;90;76m[38;2;136;109;98m▄[48;2;120;93;80m[38;2;118;93;81m▄[48;2;130;101;88m[38;2;114;92;79m▄[48;2;133;103;89m[38;2;109;89;75m▄[48;2;142;113;98m[38;2;99;80;66m▄[48;2;133;105;90m[38;2;92;73;59m▄[48;2;105;81;67m[38;2;72;53;40m▄[48;2;83;62;51m[38;2;119;100;87m▄[48;2;102;81;68m[38;2;218;197;184m▄[48;2;132;110;96m[38;2;228;207;194m▄[48;2;105;84;70m[38;2;169;150;136m▄[48;2;129;109;96m[38;2;188;170;159m▄[48;2;115;98;86m[38;2;115;98;89m▄[48;2;84;68;58m[38;2;73;58;50m▄[48;2;89;79;62m[38;2;90;77;63m▄[48;2;94;87;62m[38;2;100;88;62m▄[48;2;103;93;67m[38;2;123;110;72m▄[48;2;129;116;90m[38;2;140;127;83m▄[48;2;89;71;50m[38;2;105;87;55m▄[48;2;81;57;42m[38;2;75;53;35m▄[48;2;91;63;52m[38;2;86;60;51m▄[48;2;88;58;46m[38;2;89;62;52m▄[48;2;90;59;46m[38;2;87;60;51m▄[48;2;89;59;45m[38;2;84;57;50m▄[0m
[48;2;173;153;122m[38;2;192;172;141m▄[48;2;164;143;120m[38;2;172;150;128m▄[48;2;142;121;104m[38;2;143;122;105m▄[48;2;95;75;60m[38;2;124;104;89m▄[48;2;131;113;97m[38;2;165;146;133m▄[48;2;119;100;88m[38;2;156;138;128m▄[48;2;105;85;76m[38;2;137;118;113m▄[48;2;104;85;77m[38;2;130;113;108m▄[48;2;98;80;68m[38;2;130;114;105m▄[48;2;103;85;69m[38;2;163;148;133m▄[48;2;112;98;78m[38;2;160;147;129m▄[48;2;105;89;70m[38;2;149;135;118m▄[48;2;120;98;80m[38;2;154;132;117m▄[48;2;102;68;49m[38;2;109;75;58m▄[48;2;129;85;66m[38;2;125;82;62m▄[48;2;140;98;75m[38;2;100;58;36m▄[48;2;76;37;17m[38;2;97;59;40m▄[48;2;93;58;44m[38;2;108;73;60m▄[48;2;75;47;36m[38;2;71;43;33m▄[48;2;58;33;25m[38;2;70;47;39m▄[48;2;44;23;15m[38;2;46;27;20m▄[48;2;112;93;85m[38;2;103;86;78m▄[48;2;138;121;111m[38;2;129;112;104m▄[48;2;148;130;119m[38;2;133;116;107m▄[48;2;175;154;144m[38;2;149;130;121m▄[48;2;160;138;126m[38;2;161;139;128m▄[48;2;105;82;68m[38;2;139;115;103m▄[48;2;152;130;116m[38;2;171;148;134m▄[48;2;133;114;99m[38;2;178;158;144m▄[48;2;157;141;126m[38;2;110;95;82m▄[48;2;211;197;181m[38;2;132;117;104m▄[48;2;201;185;170m[38;2;161;145;131m▄[48;2;169;153;139m[38;2;131;115;101m▄[48;2;179;163;150m[38;2;146;129;118m▄[48;2;161;144;133m[38;2;161;144;134m▄[48;2;148;132;120m[38;2;126;110;100m▄[48;2;177;161;148m[38;2;189;172;160m▄[48;2;186;171;156m[38;2;215;199;186m▄[48;2;193;178;163m[38;2;186;170;156m▄[48;2;119;106;96m[38;2;118;105;93m▄[48;2;105;91;81m[38;2;123;108;95m▄[48;2;139;124;110m[38;2;154;136;121m▄[48;2;173;154;140m[38;2;172;152;136m▄[48;2;157;138;122m[38;2;158;137;121m▄[48;2;152;133;115m[38;2;170;150;133m▄[48;2;153;133;116m[38;2;205;186;170m▄[48;2;140;120;102m[38;2;207;188;171m▄[48;2;149;128;107m[38;2;193;172;152m▄[48;2;159;140;119m[38;2;177;160;138m▄[48;2;161;149;126m[38;2;144;132;108m▄[48;2;97;90;66m[38;2;71;64;40m▄[48;2;75;71;49m[38;2;79;76;53m▄[48;2;80;78;57m[38;2;84;83;65m▄[48;2;78;77;58m[38;2;67;67;51m▄[48;2;63;63;46m[38;2;43;45;30m▄[48;2;56;57;42m[38;2;53;56;39m▄[48;2;74;73;54m[38;2;74;73;55m▄[48;2;79;77;55m[38;2;82;81;58m▄[48;2;81;71;49m[38;2;76;68;44m▄[48;2;143;113;94m[38;2;140;110;92m▄[48;2;126;77;62m[38;2;120;69;56m▄[48;2;159;109;95m[38;2;143;92;78m▄[48;2;199;157;139m[38;2;194;150;134m▄[48;2;177;135;117m[38;2;183;141;126m▄[48;2;153;107;90m[38;2;145;101;83m▄[48;2;137;88;70m[38;2;142;95;77m▄[48;2;114;63;44m[38;2;132;83;65m▄[48;2;140;91;72m[38;2;102;52;33m▄[48;2;97;50;32m[38;2;85;36;17m▄[48;2;112;69;53m[38;2;148;102;82m▄[48;2;138;93;76m[38;2;161;116;97m▄[48;2;118;67;48m[38;2;100;55;40m▄[48;2;103;57;40m[38;2;77;39;23m▄[48;2;87;44;30m[38;2;71;36;20m▄[48;2;117;72;58m[38;2;133;93;75m▄[48;2;138;94;79m[38;2;136;91;72m▄[48;2;99;69;52m[38;2;133;92;75m▄[48;2;57;52;31m[38;2;101;77;59m▄[48;2;51;59;40m[38;2;63;50;35m▄[48;2;57;62;47m[38;2;58;54;40m▄[48;2;55;60;43m[38;2;60;64;46m▄[48;2;56;57;39m[38;2;62;70;50m▄[48;2;88;80;63m[38;2;70;75;54m▄[48;2;105;89;72m[38;2;108;102;81m▄[48;2;132;113;95m[38;2;126;108;90m▄[48;2;108;89;70m[38;2;149;122;104m▄[48;2;83;72;52m[38;2;117;98;79m▄[48;2;71;61;43m[38;2;70;65;46m▄[48;2;140;110;89m[38;2;110;90;69m▄[48;2;211;169;143m[38;2;203;171;149m▄[48;2;222;186;160m[38;2;219;194;171m▄[48;2;158;140;116m[38;2;123;113;89m▄[48;2;63;59;38m[38;2;59;55;35m▄[48;2;63;55;40m[38;2;71;61;47m▄[48;2;79;63;51m[38;2;103;88;76m▄[48;2;101;84;71m[38;2;96;80;67m▄[48;2;89;78;64m[38;2;99;86;72m▄[48;2;73;70;55m[38;2;62;53;39m▄[48;2;45;45;29m[38;2;63;52;39m▄[48;2;59;56;41m[38;2;86;67;55m▄[48;2;65;54;41m[38;2;98;66;57m▄[48;2;82;64;52m[38;2;91;49;41m▄[48;2;90;62;49m[38;2;90;40;29m▄[48;2;75;36;21m[38;2;110;57;41m▄[48;2;96;52;37m[38;2;124;69;54m▄[48;2;127;79;63m[38;2;139;86;70m▄[48;2;146;97;81m[38;2;151;102;85m▄[48;2;135;86;68m[38;2;137;90;71m▄[48;2;121;71;52m[38;2;121;71;52m▄[48;2;133;76;59m[38;2;128;71;54m▄[48;2;145;89;70m[38;2;142;84;67m▄[48;2;149;98;78m[38;2;152;100;80m▄[48;2;152;99;80m[38;2;157;103;82m▄[48;2;163;111;91m[38;2;169;114;93m▄[48;2;162;109;90m[38;2;161;105;86m▄[48;2;135;81;64m[38;2;133;79;62m▄[48;2;103;51;35m[38;2;98;46;31m▄[48;2;88;36;22m[38;2;86;37;24m▄[48;2;109;57;44m[38;2;106;57;44m▄[48;2;153;112;99m[38;2;159;116;102m▄[48;2;67;44;32m[38;2;68;45;31m▄[48;2;52;47;35m[38;2;51;45;32m▄[48;2;70;74;56m[38;2;77;79;61m▄[48;2;73;75;54m[38;2;70;72;50m▄[48;2;70;71;54m[38;2;65;67;49m▄[48;2;38;40;31m[38;2;45;47;39m▄[48;2;17;24;20m[38;2;15;20;18m▄[48;2;25;36;30m[38;2;20;29;26m▄[48;2;36;43;33m[38;2;30;37;29m▄[48;2;57;58;43m[38;2;50;51;38m▄[48;2;97;90;72m[38;2;61;56;39m▄[48;2;151;136;117m[38;2;137;126;107m▄[48;2;166;145;126m[38;2;172;155;137m▄[48;2;150;125;108m[38;2;142;119;102m▄[48;2;120;92;80m[38;2;131;110;98m▄[48;2;112;86;78m[38;2;118;103;95m▄[48;2;117;94;84m[38;2;117;102;92m▄[48;2;131;112;100m[38;2;99;85;72m▄[48;2;154;137;123m[38;2;138;123;108m▄[48;2;126;111;97m[38;2;125;108;94m▄[48;2;95;78;65m[38;2;146;127;114m▄[48;2;158;140;128m[38;2;224;203;192m▄[48;2;164;146;133m[38;2;206;186;174m▄[48;2;111;93;78m[38;2;108;91;76m▄[48;2;124;106;92m[38;2;104;87;74m▄[48;2;117;100;87m[38;2;101;87;74m▄[48;2;103;87;74m[38;2;71;57;44m▄[48;2;111;95;85m[38;2;118;104;94m▄[48;2;55;41;32m[38;2;71;56;47m▄[48;2;59;45;38m[38;2;71;57;48m▄[48;2;95;80;70m[38;2;114;95;81m▄[48;2;88;75;53m[38;2;84;62;39m▄[48;2;120;109;71m[38;2;101;82;51m▄[48;2;133;122;77m[38;2;114;98;58m▄[48;2;137;124;86m[38;2;119;104;60m▄[48;2;106;91;65m[38;2;129;114;74m▄[48;2;59;42;27m[38;2;101;86;52m▄[48;2;55;38;25m[38;2;91;76;49m▄[48;2;53;32;21m[38;2;92;77;52m▄[48;2;57;34;25m[38;2;85;69;46m▄[0m
[48;2;101;86;61m[38;2;75;70;50m▄[48;2;100;84;65m[38;2;48;44;30m▄[48;2;118;104;89m[38;2;64;61;49m▄[48;2;117;104;91m[38;2;89;89;76m▄[48;2;140;128;116m[38;2;55;56;43m▄[48;2;145;133;125m[38;2;49;51;41m▄[48;2;136;125;120m[38;2;33;35;28m▄[48;2;139;127;124m[38;2;30;23;21m▄[48;2;141;128;120m[38;2;49;38;32m▄[48;2;145;131;119m[38;2;74;60;50m▄[48;2;145;130;116m[38;2;81;65;53m▄[48;2;146;130;115m[38;2;84;65;54m▄[48;2;134;112;97m[38;2;92;68;56m▄[48;2;114;82;67m[38;2;102;73;57m▄[48;2;105;65;46m[38;2;106;69;50m▄[48;2;68;26;5m[38;2;90;49;30m▄[48;2;117;78;60m[38;2;129;88;73m▄[48;2;94;59;47m[38;2;85;49;38m▄[48;2;55;27;19m[38;2;52;24;15m▄[48;2;66;43;37m[38;2;46;23;17m▄[48;2;45;26;20m[38;2;47;29;23m▄[48;2;88;72;64m[38;2;92;77;70m▄[48;2;106;92;83m[38;2;97;85;78m▄[48;2;106;95;89m[38;2;102;95;93m▄[48;2;80;65;58m[38;2;60;49;46m▄[48;2;105;86;77m[38;2;92;75;69m▄[48;2;154;131;121m[38;2;152;131;122m▄[48;2;150;127;116m[38;2;146;124;114m▄[48;2;131;110;99m[38;2;126;107;96m▄[48;2;118;102;92m[38;2;109;94;83m▄[48;2;109;94;83m[38;2;92;78;68m▄[48;2;127;112;99m[38;2;110;96;84m▄[48;2;151;135;123m[38;2;125;111;100m▄[48;2;138;121;111m[38;2;117;103;94m▄[48;2;114;98;89m[38;2;96;82;73m▄[48;2;116;99;91m[38;2;107;92;83m▄[48;2;114;98;87m[38;2;97;83;73m▄[48;2;131;116;104m[38;2;93;79;67m▄[48;2;147;131;118m[38;2;149;134;120m▄[48;2;136;120;106m[38;2;166;149;131m▄[48;2;150;132;117m[38;2;173;153;135m▄[48;2;167;146;131m[38;2;181;158;141m▄[48;2;179;155;140m[38;2;177;152;137m▄[48;2;169;146;131m[38;2;169;145;131m▄[48;2;147;126;111m[38;2;104;84;71m▄[48;2;177;158;145m[38;2;105;88;77m▄[48;2;189;171;157m[38;2;120;106;93m▄[48;2;201;182;162m[38;2;133;117;100m▄[48;2;200;184;163m[38;2;162;150;130m▄[48;2;116;106;82m[38;2;92;85;62m▄[48;2;67;63;39m[38;2;71;70;47m▄[48;2;86;86;65m[38;2;86;88;68m▄[48;2;81;82;66m[38;2;63;66;51m▄[48;2;53;55;43m[38;2;36;40;32m▄[48;2;36;39;27m[38;2;30;34;25m▄[48;2;57;61;44m[38;2;55;60;41m▄[48;2;77;77;58m[38;2;86;87;65m▄[48;2;80;79;57m[38;2;85;85;60m▄[48;2;71;63;38m[38;2;64;56;29m▄[48;2;138;109;88m[38;2;125;96;74m▄[48;2;124;75;60m[38;2;131;81;64m▄[48;2;137;85;70m[38;2;138;86;69m▄[48;2;178;134;117m[38;2;158;115;95m▄[48;2;186;146;129m[38;2;185;147;128m▄[48;2;158;117;99m[38;2;171;131;113m▄[48;2;155;110;93m[38;2;159;116;98m▄[48;2;135;88;69m[38;2;140;96;76m▄[48;2;83;35;15m[38;2;89;44;23m▄[48;2;81;33;13m[38;2;110;65;45m▄[48;2;123;77;54m[38;2;145;98;75m▄[48;2;99;56;38m[38;2;78;38;20m▄[48;2;63;27;17m[38;2;50;24;18m▄[48;2;65;33;21m[38;2;56;26;20m▄[48;2;72;40;25m[38;2;81;44;34m▄[48;2;135;98;78m[38;2;137;95;77m▄[48;2;143;99;78m[38;2;140;97;73m▄[48;2;122;77;57m[38;2;134;91;68m▄[48;2;130;90;75m[38;2;139;98;79m▄[48;2;121;89;76m[38;2;131;90;74m▄[48;2;87;68;52m[38;2;130;95;74m▄[48;2;71;62;43m[38;2;126;98;77m▄[48;2;58;58;36m[38;2;111;89;69m▄[48;2;59;59;36m[38;2;96;74;55m▄[48;2;108;99;78m[38;2;111;85;67m▄[48;2;105;85;66m[38;2;128;99;83m▄[48;2;130;100;81m[38;2;126;96;78m▄[48;2;124;99;80m[38;2;130;103;84m▄[48;2;83;77;57m[38;2;106;89;71m▄[48;2;88;75;56m[38;2;67;53;36m▄[48;2;187;164;146m[38;2;163;141;126m▄[48;2;206;184;167m[38;2;198;175;160m▄[48;2;84;73;51m[38;2;98;78;61m▄[48;2;68;55;37m[38;2;104;77;62m▄[48;2;86;69;55m[38;2;107;79;66m▄[48;2;111;93;80m[38;2;105;81;68m▄[48;2;111;89;76m[38;2;92;61;50m▄[48;2;101;80;68m[38;2;87;55;45m▄[48;2;83;62;50m[38;2;76;42;32m▄[48;2;93;67;55m[38;2;71;33;24m▄[48;2;84;48;38m[38;2;80;34;25m▄[48;2;85;37;29m[38;2;87;36;26m▄[48;2;98;40;33m[38;2;116;59;48m▄[48;2;123;60;50m[38;2;134;73;58m▄[48;2;134;74;57m[38;2;145;86;66m▄[48;2;136;79;61m[38;2;149;96;76m▄[48;2;158;108;90m[38;2;149;108;87m▄[48;2;141;99;79m[38;2;128;98;76m▄[48;2;118;80;59m[38;2;111;85;62m▄[48;2;124;82;62m[38;2;121;90;69m▄[48;2;126;75;58m[38;2;122;82;63m▄[48;2;137;83;64m[38;2;126;77;58m▄[48;2;150;97;76m[38;2;152;98;77m▄[48;2;162;108;86m[38;2;165;109;88m▄[48;2;166;108;87m[38;2;167;108;87m▄[48;2;151;92;72m[38;2;156;96;76m▄[48;2;128;72;56m[38;2;130;73;57m▄[48;2;92;41;27m[38;2;84;32;20m▄[48;2;78;31;21m[38;2;79;33;25m▄[48;2;101;53;41m[38;2;100;53;42m▄[48;2;153;108;93m[38;2;155;109;94m▄[48;2;71;46;34m[38;2;74;47;37m▄[48;2;53;46;33m[38;2;54;45;33m▄[48;2;82;83;65m[38;2;89;89;70m▄[48;2;71;72;52m[38;2;77;76;57m▄[48;2;65;65;50m[38;2;67;66;51m▄[48;2;45;47;39m[38;2;45;46;40m▄[48;2;14;17;16m[38;2;19;22;21m▄[48;2;19;26;24m[38;2;21;24;24m▄[48;2;26;31;24m[38;2;32;36;31m▄[48;2;44;46;35m[38;2;44;48;36m▄[48;2;47;46;31m[38;2;49;49;34m▄[48;2;106;99;82m[38;2;71;65;50m▄[48;2;167;154;138m[38;2;132;120;107m▄[48;2;142;122;109m[38;2;103;86;75m▄[48;2;118;104;94m[38;2;78;67;61m▄[48;2;78;72;65m[38;2;46;42;39m▄[48;2;63;54;45m[38;2;56;45;38m▄[48;2;57;44;31m[38;2;97;80;69m▄[48;2;142;127;111m[38;2;169;148;133m▄[48;2;163;144;128m[38;2;190;169;152m▄[48;2;162;142;127m[38;2;198;179;160m▄[48;2;212;190;178m[38;2;219;204;185m▄[48;2;203;183;169m[38;2;230;214;196m▄[48;2;172;156;141m[38;2;179;161;146m▄[48;2;214;199;186m[38;2;216;200;187m▄[48;2;215;200;187m[38;2;217;202;189m▄[48;2;145;131;119m[38;2;192;178;165m▄[48;2;145;130;119m[38;2;121;106;92m▄[48;2;90;74;61m[38;2;71;54;38m▄[48;2;77;61;47m[38;2;88;70;52m▄[48;2;137;113;90m[38;2;117;96;67m▄[48;2;152;122;89m[38;2;136;113;72m▄[48;2;144;116;82m[38;2;131;108;70m▄[48;2;112;87;50m[38;2;111;89;55m▄[48;2;123;100;59m[38;2;115;94;66m▄[48;2;134;113;67m[38;2;108;89;60m▄[48;2;131;112;66m[38;2;85;70;33m▄[48;2;145;127;85m[38;2;105;92;47m▄[48;2;124;110;70m[38;2;118;109;60m▄[48;2;82;73;35m[38;2;106;99;53m▄[0m
[48;2;79;78;62m[38;2;97;86;73m▄[48;2;46;48;36m[38;2;55;49;39m▄[48;2;71;75;64m[38;2;67;68;58m▄[48;2;97;104;91m[38;2;81;86;74m▄[48;2;91;100;87m[38;2;80;85;74m▄[48;2;83;94;82m[38;2;59;63;56m▄[48;2;40;48;41m[38;2;43;46;43m▄[48;2;31;30;27m[38;2;37;36;36m▄[48;2;65;55;50m[38;2;80;69;64m▄[48;2;116;101;92m[38;2;149;128;115m▄[48;2;130;111;99m[38;2;159;134;116m▄[48;2;128;106;94m[38;2;158;132;114m▄[48;2;131;107;94m[38;2;149;122;104m▄[48;2;100;71;55m[38;2;119;87;72m▄[48;2;85;50;31m[38;2;101;61;42m▄[48;2;113;68;47m[38;2;145;94;67m▄[48;2;128;86;68m[38;2;134;91;69m▄[48;2;83;49;37m[38;2;68;38;25m▄[48;2;52;24;17m[38;2;57;33;24m▄[48;2;46;23;17m[38;2;65;41;32m▄[48;2;52;34;26m[38;2;65;43;33m▄[48;2;96;81;73m[38;2;101;82;74m▄[48;2;98;85;80m[38;2;107;91;87m▄[48;2;96;89;89m[38;2;103;91;91m▄[48;2;66;56;54m[38;2;69;58;54m▄[48;2;97;82;76m[38;2;97;84;76m▄[48;2;135;116;106m[38;2;142;123;113m▄[48;2;108;86;76m[38;2;114;89;78m▄[48;2;109;87;77m[38;2;118;93;79m▄[48;2;129;112;100m[38;2;149;128;111m▄[48;2;132;117;104m[38;2;134;117;98m▄[48;2;112;97;82m[38;2;111;95;74m▄[48;2;116;101;89m[38;2;140;124;107m▄[48;2;97;83;73m[38;2;100;86;73m▄[48;2;103;89;79m[38;2;88;75;64m▄[48;2;119;105;96m[38;2;109;93;85m▄[48;2;130;115;106m[38;2;123;107;98m▄[48;2;116;101;89m[38;2;108;90;78m▄[48;2;143;128;114m[38;2;114;97;86m▄[48;2;155;138;122m[38;2;79;70;60m▄[48;2;160;140;123m[38;2;117;102;88m▄[48;2;162;137;120m[38;2;146;123;105m▄[48;2;166;140;124m[38;2;165;137;118m▄[48;2;158;134;120m[38;2;159;133;118m▄[48;2;156;136;124m[38;2;197;174;160m▄[48;2;175;158;147m[38;2;223;203;190m▄[48;2;176;162;148m[38;2;224;207;192m▄[48;2;164;150;132m[38;2;207;196;176m▄[48;2;149;138;117m[38;2;132;124;100m▄[48;2;81;75;52m[38;2;74;69;45m▄[48;2;86;85;63m[38;2;90;88;65m▄[48;2;90;92;72m[38;2;80;80;61m▄[48;2;58;61;47m[38;2;56;58;45m▄[48;2;33;37;30m[38;2;31;35;28m▄[48;2;27;32;24m[38;2;28;32;24m▄[48;2;67;70;51m[38;2;78;79;61m▄[48;2;85;86;63m[38;2;83;82;60m▄[48;2;80;80;55m[38;2;70;68;49m▄[48;2;57;50;25m[38;2;53;45;29m▄[48;2;109;81;59m[38;2;104;75;56m▄[48;2;136;86;67m[38;2;140;89;66m▄[48;2;145;92;72m[38;2;152;97;75m▄[48;2;150;105;86m[38;2;144;94;77m▄[48;2;184;144;126m[38;2;187;141;124m▄[48;2;178;139;120m[38;2;178;141;122m▄[48;2;166;126;106m[38;2;170;135;114m▄[48;2;152;108;89m[38;2;161;118;97m▄[48;2;124;77;56m[38;2;146;94;73m▄[48;2;146;101;81m[38;2;128;79;61m▄[48;2;142;100;78m[38;2;92;61;45m▄[48;2;78;48;31m[38;2;46;29;15m▄[48;2;36;18;13m[38;2;28;12;3m▄[48;2;58;29;23m[38;2;80;53;40m▄[48;2;110;68;58m[38;2;131;89;71m▄[48;2;146;97;80m[38;2;165;111;91m▄[48;2;148;100;77m[38;2;163;107;85m▄[48;2;128;85;61m[38;2;141;91;70m▄[48;2;147;109;88m[38;2;141;100;81m▄[48;2;161;122;103m[38;2;158;122;105m▄[48;2;150;110;88m[38;2;161;127;110m▄[48;2;137;98;78m[38;2;155;118;100m▄[48;2;133;94;76m[38;2;147;105;87m▄[48;2;128;87;71m[38;2;140;94;75m▄[48;2;127;84;69m[38;2;136;87;69m▄[48;2;132;91;76m[38;2;125;74;58m▄[48;2;111;76;58m[38;2;116;64;48m▄[48;2;116;82;64m[38;2;113;61;46m▄[48;2;130;99;83m[38;2;165;116;99m▄[48;2;77;57;40m[38;2;112;80;62m▄[48;2;138;115;103m[38;2;93;72;63m▄[48;2;193;163;153m[38;2;131;92;88m▄[48;2;144;111;96m[38;2;133;87;75m▄[48;2;75;37;25m[38;2;70;33;21m▄[48;2;62;26;16m[38;2;78;39;34m▄[48;2;61;28;16m[38;2;86;45;35m▄[48;2;69;31;20m[38;2;77;38;21m▄[48;2;72;33;22m[38;2;96;54;39m▄[48;2;93;51;41m[38;2;137;90;78m▄[48;2;110;64;54m[38;2;109;58;47m▄[48;2;87;38;27m[38;2;74;21;10m▄[48;2;87;35;22m[38;2;103;49;37m▄[48;2;116;63;48m[38;2;125;70;55m▄[48;2;134;80;62m[38;2;119;69;51m▄[48;2;152;99;78m[38;2;139;97;77m▄[48;2;143;99;76m[38;2;133;100;75m▄[48;2;125;93;69m[38;2;127;106;77m▄[48;2;128;109;83m[38;2;130;117;84m▄[48;2;117;102;74m[38;2;124;114;79m▄[48;2;112;92;67m[38;2;121;107;74m▄[48;2;99;71;48m[38;2;110;92;63m▄[48;2;112;72;50m[38;2;109;78;50m▄[48;2;145;93;69m[38;2;139;89;61m▄[48;2;161;102;81m[38;2;164;104;83m▄[48;2;172;108;86m[38;2;177;107;86m▄[48;2;163;100;79m[38;2;161;92;68m▄[48;2;132;75;58m[38;2;121;68;47m▄[48;2;74;26;13m[38;2;66;26;14m▄[48;2;72;28;20m[38;2;70;26;20m▄[48;2;102;53;43m[38;2;106;54;43m▄[48;2;146;99;84m[38;2;129;83;68m▄[48;2;69;40;31m[38;2;61;32;26m▄[48;2;61;52;43m[38;2;58;48;48m▄[48;2;86;87;73m[38;2;49;52;49m▄[48;2;59;61;45m[38;2;16;23;13m▄[48;2;56;57;43m[38;2;38;43;31m▄[48;2;44;46;39m[38;2;44;46;39m▄[48;2;22;24;23m[38;2;22;23;21m▄[48;2;30;32;31m[38;2;25;27;26m▄[48;2;33;35;30m[38;2;32;33;25m▄[48;2;33;36;25m[38;2;38;39;27m▄[48;2;72;73;60m[38;2;65;68;56m▄[48;2;54;52;39m[38;2;35;38;27m▄[48;2;95;88;77m[38;2;85;84;75m▄[48;2;71;58;49m[38;2;69;60;51m▄[48;2;65;54;49m[38;2;65;53;44m▄[48;2;72;64;61m[38;2;83;71;63m▄[48;2;74;60;54m[38;2;89;74;63m▄[48;2;120;99;88m[38;2;123;103;88m▄[48;2;168;145;129m[38;2;190;169;151m▄[48;2;178;157;138m[38;2;183;163;144m▄[48;2;219;202;181m[38;2;203;185;166m▄[48;2;221;210;188m[38;2;186;170;152m▄[48;2;213;200;180m[38;2;149;133;116m▄[48;2;159;140;125m[38;2;121;104;87m▄[48;2;214;198;184m[38;2;217;201;186m▄[48;2;223;208;195m[38;2;229;213;199m▄[48;2;195;179;166m[38;2;180;163;149m▄[48;2;112;95;79m[38;2;175;157;141m▄[48;2;134;115;97m[38;2;221;200;181m▄[48;2;169;149;129m[38;2;220;196;173m▄[48;2;93;75;47m[38;2;191;170;145m▄[48;2;82;69;31m[38;2;122;108;81m▄[48;2;94;82;46m[38;2;59;46;19m▄[48;2;78;67;37m[38;2;49;39;13m▄[48;2;71;60;41m[38;2;78;71;46m▄[48;2;69;59;44m[38;2;77;73;49m▄[48;2;66;59;37m[38;2;57;56;33m▄[48;2;86;84;48m[38;2;53;54;31m▄[48;2;93;90;46m[38;2;58;56;28m▄[48;2;99;94;51m[38;2;54;49;18m▄[0m
[48;2;134;113;101m[38;2;158;130;115m▄[48;2;71;58;50m[38;2;81;64;57m▄[48;2;79;75;69m[38;2;87;81;77m▄[48;2;77;79;71m[38;2;85;86;80m▄[48;2;76;78;70m[38;2;86;86;81m▄[48;2;61;60;56m[38;2;75;71;69m▄[48;2;53;51;49m[38;2;74;68;68m▄[48;2;44;40;36m[38;2;62;55;50m▄[48;2;95;80;71m[38;2;113;97;86m▄[48;2;170;144;128m[38;2;187;159;142m▄[48;2;181;151;131m[38;2;194;162;141m▄[48;2;177;148;127m[38;2;192;162;140m▄[48;2;165;135;114m[38;2;183;153;131m▄[48;2;115;79;59m[38;2;112;74;52m▄[48;2;109;66;47m[38;2;105;61;41m▄[48;2;107;63;42m[38;2;84;48;31m▄[48;2;91;54;37m[38;2;83;49;35m▄[48;2;69;40;28m[38;2;88;56;43m▄[48;2;65;40;29m[38;2;78;48;35m▄[48;2;92;65;53m[38;2;89;59;45m▄[48;2;69;41;28m[38;2;63;35;21m▄[48;2;106;84;72m[38;2;112;88;76m▄[48;2;111;93;85m[38;2;120;102;94m▄[48;2;110;98;97m[38;2;115;102;99m▄[48;2;74;63;60m[38;2;76;64;59m▄[48;2;98;85;77m[38;2;97;82;74m▄[48;2;150;131;120m[38;2;154;134;122m▄[48;2;135;110;98m[38;2;144;118;104m▄[48;2;132;105;91m[38;2;137;109;93m▄[48;2;158;135;118m[38;2;156;133;115m▄[48;2;144;126;106m[38;2;135;116;96m▄[48;2;155;138;117m[38;2;145;127;105m▄[48;2;202;185;167m[38;2;204;187;167m▄[48;2;140;125;111m[38;2;151;135;120m▄[48;2;92;77;66m[38;2;98;83;72m▄[48;2;116;102;93m[38;2;116;102;93m▄[48;2;120;104;95m[38;2;114;100;91m▄[48;2;117;101;91m[38;2;114;99;90m▄[48;2;118;103;92m[38;2;123;109;99m▄[48;2;66;57;46m[38;2;90;80;70m▄[48;2;130;115;100m[38;2;144;127;112m▄[48;2;186;163;144m[38;2;194;171;153m▄[48;2;197;171;153m[38;2;202;178;161m▄[48;2;162;138;124m[38;2;158;138;125m▄[48;2;163;144;132m[38;2;102;88;78m▄[48;2;190;174;163m[38;2;104;94;85m▄[48;2;208;194;180m[38;2;137;128;116m▄[48;2;198;189;169m[38;2;155;147;127m▄[48;2;107;99;78m[38;2;82;75;54m▄[48;2;78;73;50m[38;2;70;66;44m▄[48;2;96;95;72m[38;2;87;86;64m▄[48;2;74;76;56m[38;2;65;67;48m▄[48;2;48;51;37m[38;2;42;46;32m▄[48;2;25;31;22m[38;2;26;32;24m▄[48;2;27;30;21m[38;2;31;34;25m▄[48;2;76;76;55m[38;2;84;83;61m▄[48;2;84;83;59m[38;2;79;77;53m▄[48;2;65;64;44m[38;2;59;57;37m▄[48;2;52;42;28m[38;2;57;48;34m▄[48;2;95;65;48m[38;2;98;65;49m▄[48;2;148;95;72m[38;2;133;78;56m▄[48;2;155;98;75m[38;2;145;85;64m▄[48;2;140;87;69m[38;2;139;81;64m▄[48;2;179;130;114m[38;2;174;121;105m▄[48;2;183;145;127m[38;2;185;144;125m▄[48;2;171;138;117m[38;2;174;139;117m▄[48;2;171;130;108m[38;2;171;132;108m▄[48;2;148;97;75m[38;2;135;86;62m▄[48;2;107;58;37m[38;2;104;54;30m▄[48;2;90;54;36m[38;2;129;85;63m▄[48;2;35;9;0m[38;2;75;38;22m▄[48;2;53;27;16m[38;2;91;53;38m▄[48;2;110;76;61m[38;2;133;91;75m▄[48;2;146;103;83m[38;2;159;115;94m▄[48;2;171;119;97m[38;2;176;128;104m▄[48;2;171;117;95m[38;2;175;125;103m▄[48;2;143;92;72m[38;2;146;97;77m▄[48;2;133;88;71m[38;2;132;86;70m▄[48;2;153;113;98m[38;2;151;108;94m▄[48;2;172;136;120m[38;2;167;128;113m▄[48;2;160;122;105m[38;2;170;130;113m▄[48;2;152;111;92m[38;2;162;120;102m▄[48;2;148;103;84m[38;2;144;100;82m▄[48;2;152;105;87m[38;2;152;108;89m▄[48;2;140;91;73m[38;2;164;118;101m▄[48;2;118;69;53m[38;2;147;105;88m▄[48;2;110;58;43m[38;2;123;75;60m▄[48;2;148;94;78m[38;2;141;82;67m▄[48;2;123;86;69m[38;2;135;92;75m▄[48;2;80;60;49m[38;2;69;49;38m▄[48;2;96;63;56m[38;2;71;45;38m▄[48;2;107;68;56m[38;2;86;55;43m▄[48;2;52;19;9m[38;2;47;17;9m▄[48;2;72;35;31m[38;2;70;32;29m▄[48;2;86;43;33m[38;2;81;35;26m▄[48;2;90;43;27m[38;2;133;78;63m▄[48;2;143;93;79m[38;2;167;111;97m▄[48;2;141;89;76m[38;2;123;67;53m▄[48;2;97;43;31m[38;2;89;33;19m▄[48;2;87;34;19m[38;2;107;54;36m▄[48;2;124;73;56m[38;2;134;81;61m▄[48;2;119;69;50m[38;2;138;86;64m▄[48;2;118;74;53m[38;2;129;88;63m▄[48;2;127;94;70m[38;2;138;114;84m▄[48;2;122;96;67m[38;2;135;115;83m▄[48;2;125;108;75m[38;2;110;98;63m▄[48;2;123;113;78m[38;2;108;99;64m▄[48;2;121;112;77m[38;2;119;110;76m▄[48;2;113;100;68m[38;2;106;94;63m▄[48;2;105;87;59m[38;2;100;84;55m▄[48;2;110;79;52m[38;2;114;86;61m▄[48;2;147;96;73m[38;2;123;79;60m▄[48;2;159;104;86m[38;2;125;80;65m▄[48;2;161;95;75m[38;2;139;85;67m▄[48;2;149;81;58m[38;2;137;73;53m▄[48;2;114;58;39m[38;2;103;46;31m▄[48;2;63;21;11m[38;2;68;22;15m▄[48;2;71;30;23m[38;2;69;30;23m▄[48;2;95;49;36m[38;2;81;39;28m▄[48;2;99;55;41m[38;2;89;49;37m▄[48;2;57;30;26m[38;2;53;28;24m▄[48;2;45;35;36m[38;2;36;28;28m▄[48;2;31;34;31m[38;2;27;30;27m▄[48;2;18;25;16m[38;2;16;22;14m▄[48;2;48;53;42m[38;2;50;55;46m▄[48;2;44;47;39m[38;2;44;46;39m▄[48;2;19;22;20m[38;2;20;24;23m▄[48;2;23;25;25m[38;2;20;26;27m▄[48;2;33;35;28m[38;2;34;37;32m▄[48;2;34;37;25m[38;2;37;41;31m▄[48;2;47;50;39m[38;2;48;51;41m▄[48;2;26;29;18m[38;2;32;34;23m▄[48;2;67;65;54m[38;2;48;43;33m▄[48;2;103;93;82m[38;2;124;113;101m▄[48;2;83;70;59m[38;2;115;98;86m▄[48;2;91;75;65m[38;2;102;82;71m▄[48;2;151;133;121m[38;2;202;180;167m▄[48;2;156;135;120m[38;2;160;137;122m▄[48;2;167;145;127m[38;2;121;97;81m▄[48;2;157;136;117m[38;2;167;146;128m▄[48;2;162;144;126m[38;2;208;189;173m▄[48;2;177;161;145m[38;2;230;214;198m▄[48;2;210;195;179m[38;2;222;208;191m▄[48;2;155;141;122m[38;2;137;124;105m▄[48;2;206;190;175m[38;2;186;172;154m▄[48;2;221;205;190m[38;2;213;197;180m▄[48;2;177;160;144m[38;2;220;201;182m▄[48;2;233;213;195m[38;2;238;215;194m▄[48;2;218;194;173m[38;2;197;172;146m▄[48;2;192;167;141m[38;2;199;172;142m▄[48;2;202;176;149m[38;2;196;166;137m▄[48;2;213;187;162m[38;2;194;163;137m▄[48;2;186;163;138m[38;2;204;176;150m▄[48;2;122;105;79m[38;2;215;191;165m▄[48;2;74;62;36m[38;2;177;159;132m▄[48;2;46;41;14m[38;2;102;89;62m▄[48;2;54;52;27m[38;2;68;59;32m▄[48;2;63;64;39m[38;2;56;53;25m▄[48;2;58;52;25m[38;2;84;70;42m▄[48;2;99;86;55m[38;2;106;84;55m▄[0m
[48;2;174;145;127m[38;2;183;156;138m▄[48;2;99;82;73m[38;2;118;102;89m▄[48;2;83;78;73m[38;2;85;82;74m▄[48;2;67;70;64m[38;2;45;49;42m▄[48;2;77;80;75m[38;2;36;43;36m▄[48;2;75;74;74m[38;2;38;43;41m▄[48;2;79;76;77m[38;2;40;42;44m▄[48;2;75;70;65m[38;2;57;56;53m▄[48;2;126;112;101m[38;2;103;93;86m▄[48;2;193;169;154m[38;2;144;125;113m▄[48;2;203;175;157m[38;2;156;134;120m▄[48;2;197;170;152m[38;2;159;138;123m▄[48;2;192;165;145m[38;2;162;138;122m▄[48;2;128;92;73m[38;2;130;98;82m▄[48;2;114;72;53m[38;2;146;107;90m▄[48;2;94;55;40m[38;2;133;90;71m▄[48;2;111;74;58m[38;2;101;58;39m▄[48;2;77;41;25m[38;2;89;48;30m▄[48;2;97;64;48m[38;2;113;78;62m▄[48;2;84;55;41m[38;2;67;41;30m▄[48;2;60;37;25m[38;2;45;27;19m▄[48;2;116;97;88m[38;2;102;89;81m▄[48;2;136;120;114m[38;2;118;105;97m▄[48;2;122;107;102m[38;2;109;93;84m▄[48;2;94;81;73m[38;2;111;95;84m▄[48;2;104;88;78m[38;2;123;105;91m▄[48;2;153;132;118m[38;2;138;115;100m▄[48;2;149;121;106m[38;2;134;107;92m▄[48;2;137;108;92m[38;2;123;95;80m▄[48;2;148;123;105m[38;2;134;111;94m▄[48;2;160;140;120m[38;2;202;183;164m▄[48;2;148;127;108m[38;2;194;175;157m▄[48;2;185;166;147m[38;2;160;141;125m▄[48;2;134;117;100m[38;2;137;121;106m▄[48;2;98;84;71m[38;2;135;121;107m▄[48;2;114;101;90m[38;2;125;111;100m▄[48;2;114;101;92m[38;2;126;112;102m▄[48;2;113;99;90m[38;2;118;104;94m▄[48;2;125;113;103m[38;2;130;116;106m▄[48;2;100;89;78m[38;2;97;85;73m▄[48;2;144;127;112m[38;2;158;142;126m▄[48;2;184;161;143m[38;2;200;177;159m▄[48;2;194;170;153m[38;2;207;184;167m▄[48;2;169;151;138m[38;2;188;171;158m▄[48;2;101;90;81m[38;2;116;107;98m▄[48;2;75;69;62m[38;2;80;76;70m▄[48;2;110;105;95m[38;2;121;118;109m▄[48;2;131;125;107m[38;2;111;107;89m▄[48;2;68;62;41m[38;2;57;54;33m▄[48;2;74;70;49m[38;2;69;69;47m▄[48;2;78;78;57m[38;2;75;77;56m▄[48;2;59;62;44m[38;2;53;56;39m▄[48;2;43;48;35m[38;2;34;38;25m▄[48;2;27;32;25m[38;2;21;26;21m▄[48;2;29;34;25m[38;2;24;29;21m▄[48;2;86;87;63m[38;2;88;89;68m▄[48;2;80;79;56m[38;2;84;85;64m▄[48;2;56;55;38m[38;2;54;54;41m▄[48;2;50;40;29m[38;2;40;32;24m▄[48;2;93;59;45m[38;2;71;39;27m▄[48;2;139;83;62m[38;2;139;82;62m▄[48;2;148;84;63m[38;2;156;91;68m▄[48;2;139;78;59m[38;2;140;78;55m▄[48;2;160;104;86m[38;2;154;95;73m▄[48;2;184;137;118m[38;2;177;125;103m▄[48;2;184;144;122m[38;2;178;132;109m▄[48;2;163;121;95m[38;2;127;82;55m▄[48;2;109;61;33m[38;2;120;70;40m▄[48;2;143;91;65m[38;2;173;120;91m▄[48;2;142;93;69m[38;2;149;96;70m▄[48;2;117;71;50m[38;2;125;74;53m▄[48;2;118;72;55m[38;2;120;72;54m▄[48;2;146;99;81m[38;2;154;108;90m▄[48;2;167;122;100m[38;2;171;127;107m▄[48;2;175;131;107m[38;2;178;137;115m▄[48;2;176;131;108m[38;2;169;128;108m▄[48;2;148;102;84m[38;2;149;107;89m▄[48;2;135;88;72m[38;2;139;94;78m▄[48;2;146;101;88m[38;2;147;104;89m▄[48;2;161;123;107m[38;2;157;120;104m▄[48;2;175;136;119m[38;2;172;133;117m▄[48;2;169;128;110m[38;2;176;136;120m▄[48;2;157;115;97m[38;2;156;116;99m▄[48;2;142;101;83m[38;2;146;107;90m▄[48;2;158;117;100m[38;2;165;127;111m▄[48;2;167;129;113m[38;2;169;134;119m▄[48;2;151;106;92m[38;2;158;117;104m▄[48;2;142;81;67m[38;2;135;78;63m▄[48;2;127;78;62m[38;2;128;76;59m▄[48;2;98;75;62m[38;2;87;61;46m▄[48;2;103;82;71m[38;2;108;86;75m▄[48;2;57;30;20m[38;2;53;27;17m▄[48;2;44;14;9m[38;2;47;13;7m▄[48;2;71;32;27m[38;2;85;40;33m▄[48;2;106;59;46m[38;2;131;84;66m▄[48;2;158;105;87m[38;2;155;104;85m▄[48;2;142;88;71m[38;2;115;63;45m▄[48;2;99;44;28m[38;2;88;34;16m▄[48;2;96;39;22m[38;2;98;42;24m▄[48;2;123;64;46m[38;2;129;68;50m▄[48;2;147;88;68m[38;2;157;94;74m▄[48;2;166;106;83m[38;2;179;111;89m▄[48;2;147;99;73m[38;2;162;105;80m▄[48;2;145;121;90m[38;2;129;95;65m▄[48;2;140;121;86m[38;2;145;116;83m▄[48;2;126;110;75m[38;2;148;122;88m▄[48;2;119;107;72m[38;2;124;103;71m▄[48;2;123;111;78m[38;2;118;100;69m▄[48;2;97;83;53m[38;2;107;90;61m▄[48;2;97;81;54m[38;2;106;90;64m▄[48;2;100;79;55m[38;2;84;70;46m▄[48;2;90;64;44m[38;2;82;70;48m▄[48;2;95;68;51m[38;2;78;61;42m▄[48;2;99;59;39m[38;2;77;42;22m▄[48;2;115;60;39m[38;2;102;51;31m▄[48;2;101;45;32m[38;2;97;46;32m▄[48;2;71;25;18m[38;2;69;26;20m▄[48;2;66;28;21m[38;2;79;41;36m▄[48;2;85;44;33m[38;2;72;33;24m▄[48;2;84;46;36m[38;2;76;42;33m▄[48;2;52;29;26m[38;2;61;41;39m▄[48;2;28;22;22m[38;2;19;14;14m▄[48;2;19;21;19m[38;2;9;13;9m▄[48;2;24;30;22m[38;2;42;47;38m▄[48;2;52;57;48m[38;2;54;58;49m▄[48;2;34;37;31m[38;2;29;31;26m▄[48;2;18;23;23m[38;2;10;15;15m▄[48;2;15;22;23m[38;2;15;22;20m▄[48;2;30;36;31m[38;2;28;34;30m▄[48;2;36;40;32m[38;2;37;42;35m▄[48;2;43;47;39m[38;2;46;51;44m▄[48;2;33;36;27m[38;2;28;32;25m▄[48;2;35;32;21m[38;2;30;28;18m▄[48;2;124;112;100m[38;2;118;109;95m▄[48;2;144;126;111m[38;2;159;143;128m▄[48;2;120;97;84m[38;2;130;109;94m▄[48;2;205;182;166m[38;2;201;180;164m▄[48;2;165;141;125m[38;2;169;147;132m▄[48;2;169;147;130m[38;2;157;137;120m▄[48;2;208;188;171m[38;2;173;153;136m▄[48;2;204;185;169m[38;2;151;133;116m▄[48;2;195;178;162m[38;2;147;130;113m▄[48;2;145;130;113m[38;2;171;156;138m▄[48;2;128;114;95m[38;2;219;204;184m▄[48;2;202;187;168m[38;2;238;221;201m▄[48;2;234;216;196m[38;2;232;211;191m▄[48;2;237;216;195m[38;2;226;202;180m▄[48;2;213;187;163m[38;2;185;158;132m▄[48;2;192;165;137m[38;2;187;158;130m▄[48;2;205;176;144m[38;2;200;171;138m▄[48;2;205;175;144m[38;2;201;174;142m▄[48;2;202;173;145m[38;2;202;178;147m▄[48;2;190;163;135m[38;2;203;179;149m▄[48;2;192;167;139m[38;2;200;176;146m▄[48;2;208;186;158m[38;2;196;171;141m▄[48;2;210;189;162m[38;2;203;176;149m▄[48;2;184;164;137m[38;2;211;183;156m▄[48;2;140;122;95m[38;2;218;189;164m▄[48;2;104;81;55m[38;2;201;173;149m▄[48;2;78;53;27m[38;2;170;145;123m▄[0m
[48;2;191;166;148m[38;2;121;96;80m▄[48;2;148;130;117m[38;2;125;105;91m▄[48;2;97;90;78m[38;2;114;101;87m▄[48;2;71;71;60m[38;2;111;104;90m▄[48;2;46;51;43m[38;2;81;80;72m▄[48;2;40;46;45m[38;2;62;66;66m▄[48;2;36;41;45m[38;2;44;49;55m▄[48;2;53;54;52m[38;2;57;54;53m▄[48;2;81;72;66m[38;2;103;92;86m▄[48;2;112;94;85m[38;2;162;144;133m▄[48;2;119;100;86m[38;2;172;151;138m▄[48;2;122;104;90m[38;2;168;150;134m▄[48;2;135;112;98m[38;2;172;149;133m▄[48;2;102;71;56m[38;2;109;75;59m▄[48;2;107;68;51m[38;2;107;66;50m▄[48;2;129;86;68m[38;2;92;53;38m▄[48;2;78;35;16m[38;2;114;73;58m▄[48;2;126;86;67m[38;2;112;74;58m▄[48;2;84;52;38m[38;2;70;41;31m▄[48;2;65;43;34m[38;2;65;46;39m▄[48;2;38;21;14m[38;2;26;10;2m▄[48;2;95;79;68m[38;2;118;96;81m▄[48;2;118;100;87m[38;2;183;156;137m▄[48;2;113;93;78m[38;2;191;168;150m▄[48;2;102;83;67m[38;2;188;166;147m▄[48;2;94;74;56m[38;2;139;116;97m▄[48;2;133;109;92m[38;2;175;151;132m▄[48;2;134;107;90m[38;2;213;186;170m▄[48;2;103;76;61m[38;2;139;113;99m▄[48;2;112;91;74m[38;2;126;106;92m▄[48;2;150;134;116m[38;2;130;116;102m▄[48;2;163;145;130m[38;2;124;108;95m▄[48;2;131;113;99m[38;2;106;90;77m▄[48;2;124;109;93m[38;2;108;93;79m▄[48;2;144;131;116m[38;2;119;106;91m▄[48;2;147;132;119m[38;2;107;93;78m▄[48;2;143;128;115m[38;2;119;103;89m▄[48;2;131;115;103m[38;2;129;112;99m▄[48;2;135;119;108m[38;2;131;114;103m▄[48;2;96;84;73m[38;2;113;101;90m▄[48;2;171;154;139m[38;2;184;167;152m▄[48;2;210;187;169m[38;2;220;196;178m▄[48;2;208;185;167m[38;2;212;188;169m▄[48;2;188;171;156m[38;2;183;165;150m▄[48;2;122;112;101m[38;2;116;105;93m▄[48;2;93;88;79m[38;2;112;104;93m▄[48;2;133;130;119m[38;2;128;123;110m▄[48;2;77;74;56m[38;2;61;60;42m▄[48;2;52;51;31m[38;2;54;54;34m▄[48;2;66;67;46m[38;2;65;67;46m▄[48;2;74;76;56m[38;2;69;72;53m▄[48;2;59;62;46m[38;2;54;58;42m▄[48;2;34;37;27m[38;2;35;40;30m▄[48;2;19;24;20m[38;2;22;27;23m▄[48;2;27;31;25m[38;2;29;34;29m▄[48;2;82;85;67m[38;2;69;73;58m▄[48;2;66;69;51m[38;2;29;33;19m▄[48;2;41;43;34m[38;2;25;28;23m▄[48;2;36;30;27m[38;2;34;29;30m▄[48;2;57;28;19m[38;2;57;27;21m▄[48;2;116;61;40m[38;2;108;53;33m▄[48;2;146;81;55m[38;2;130;65;37m▄[48;2;144;81;55m[38;2;135;72;43m▄[48;2;153;92;64m[38;2;154;93;61m▄[48;2;174;117;92m[38;2;182;122;94m▄[48;2;168;115;91m[38;2;164;105;80m▄[48;2;126;73;46m[38;2;129;71;45m▄[48;2;155;102;71m[38;2;158;102;72m▄[48;2;169;115;85m[38;2;176;121;91m▄[48;2;143;89;62m[38;2;146;94;65m▄[48;2;118;68;44m[38;2;102;55;30m▄[48;2;101;57;38m[38;2;87;48;27m▄[48;2;134;92;72m[38;2;97;59;39m▄[48;2;169;127;109m[38;2;152;114;97m▄[48;2;172;133;114m[38;2;164;127;110m▄[48;2;168;131;112m[38;2;165;128;112m▄[48;2;155;116;98m[38;2;162;126;108m▄[48;2;143;103;86m[38;2;155;119;100m▄[48;2;149;110;94m[38;2;145;110;92m▄[48;2;155;121;104m[38;2;153;120;103m▄[48;2;169;132;116m[38;2;159;125;109m▄[48;2;167;130;113m[38;2;162;127;108m▄[48;2;154;115;98m[38;2;163;126;109m▄[48;2;153;115;99m[38;2;160;124;108m▄[48;2;166;129;114m[38;2;157;122;107m▄[48;2;164;129;115m[38;2;155;120;108m▄[48;2;156;119;105m[38;2;144;110;98m▄[48;2;135;85;68m[38;2;131;86;68m▄[48;2;144;90;73m[38;2;150;97;77m▄[48;2;79;48;32m[38;2;99;64;48m▄[48;2;81;56;44m[38;2;75;48;36m▄[48;2;63;32;22m[38;2;70;35;25m▄[48;2;60;19;13m[38;2;79;33;26m▄[48;2;110;60;48m[38;2;132;78;62m▄[48;2;144;93;72m[38;2;137;82;59m▄[48;2;138;85;68m[38;2;121;60;47m▄[48;2;98;45;28m[38;2;107;49;35m▄[48;2;95;40;23m[38;2;122;65;51m▄[48;2;111;55;38m[38;2;137;81;64m▄[48;2;143;84;65m[38;2;152;97;76m▄[48;2;163;99;78m[38;2;168;109;86m▄[48;2;182;114;92m[38;2;176;116;91m▄[48;2;171;109;85m[38;2;177;113;89m▄[48;2;153;101;75m[38;2;179;112;89m▄[48;2;150;102;74m[38;2;168;105;82m▄[48;2;134;93;63m[38;2;153;98;73m▄[48;2;131;97;67m[38;2;136;92;65m▄[48;2;122;96;67m[38;2;127;93;66m▄[48;2;108;88;61m[38;2;108;85;61m▄[48;2;103;88;64m[38;2;93;79;55m▄[48;2;90;77;52m[38;2;86;69;45m▄[48;2;88;73;51m[38;2;95;66;47m▄[48;2;75;50;33m[38;2;96;54;42m▄[48;2;86;43;27m[38;2;110;53;41m▄[48;2;113;60;41m[38;2;113;54;37m▄[48;2;85;38;25m[38;2;81;37;23m▄[48;2;77;41;34m[38;2;71;44;35m▄[48;2;72;37;32m[38;2;51;22;16m▄[48;2;62;26;18m[38;2;60;27;19m▄[48;2;69;39;32m[38;2;57;29;22m▄[48;2;52;34;33m[38;2;49;33;32m▄[48;2;13;9;10m[38;2;11;7;8m▄[48;2;11;14;11m[38;2;19;23;19m▄[48;2;55;59;51m[38;2;63;67;58m▄[48;2;47;50;42m[38;2;34;37;30m▄[48;2;20;22;19m[38;2;19;21;19m▄[48;2;13;17;17m[38;2;14;18;17m▄[48;2;19;25;23m[38;2;26;31;28m▄[48;2;29;33;28m[38;2;34;37;31m▄[48;2;39;44;37m[38;2;35;39;32m▄[48;2;41;46;40m[38;2;36;42;37m▄[48;2;23;28;22m[38;2;23;29;24m▄[48;2;26;25;16m[38;2;29;30;23m▄[48;2;86;79;65m[38;2;65;60;49m▄[48;2;146;132;117m[38;2;132;120;106m▄[48;2;125;106;92m[38;2;85;68;54m▄[48;2;186;168;153m[38;2;125;108;94m▄[48;2;157;139;123m[38;2;141;125;109m▄[48;2;123;105;88m[38;2;166;150;132m▄[48;2;147;129;110m[38;2;209;192;173m▄[48;2;170;152;132m[38;2;234;217;196m▄[48;2;200;182;161m[38;2;236;218;195m▄[48;2;229;212;192m[38;2;229;211;190m▄[48;2;240;222;203m[38;2;234;216;196m▄[48;2;239;219;198m[38;2;235;213;192m▄[48;2;235;212;190m[38;2;194;169;147m▄[48;2;209;182;158m[38;2;151;123;99m▄[48;2;188;159;133m[38;2;178;149;124m▄[48;2;197;168;141m[38;2;202;173;148m▄[48;2;197;169;140m[38;2;212;184;159m▄[48;2;198;173;142m[38;2;211;183;156m▄[48;2;200;178;146m[38;2;206;180;151m▄[48;2;202;178;148m[38;2;206;180;150m▄[48;2;206;181;151m[38;2;208;183;153m▄[48;2;206;180;150m[38;2;209;184;154m▄[48;2;201;174;145m[38;2;206;181;151m▄[48;2;205;176;149m[38;2;216;192;162m▄[48;2;208;179;152m[38;2;222;199;170m▄[48;2;216;189;163m[38;2;221;197;167m▄[48;2;218;194;169m[38;2;223;197;167m▄[0m
[48;2;123;94;77m[38;2;200;171;151m▄[48;2;128;105;87m[38;2;203;180;163m▄[48;2;95;84;66m[38;2;113;107;89m▄[48;2;83;81;64m[38;2;66;70;55m▄[48;2;84;83;72m[38;2;76;75;66m▄[48;2;80;78;74m[38;2;88;85;80m▄[48;2;61;60;61m[38;2;62;61;58m▄[48;2;62;60;56m[38;2;52;52;48m▄[48;2;110;98;88m[38;2;111;100;91m▄[48;2;170;146;130m[38;2;167;144;130m▄[48;2;183;154;136m[38;2;178;150;133m▄[48;2;182;155;137m[38;2;177;151;134m▄[48;2;180;153;135m[38;2;183;157;141m▄[48;2;128;96;80m[38;2;148;118;102m▄[48;2;114;76;60m[38;2;88;52;35m▄[48;2;89;51;34m[38;2;129;91;71m▄[48;2;134;96;77m[38;2;109;71;50m▄[48;2;89;53;34m[38;2;87;51;31m▄[48;2;77;47;35m[38;2;92;59;46m▄[48;2;63;39;33m[38;2;69;40;33m▄[48;2;28;6;1m[38;2;29;4;0m▄[48;2;124;100;85m[38;2;121;99;87m▄[48;2;218;193;172m[38;2;227;205;185m▄[48;2;223;201;181m[38;2;224;203;182m▄[48;2;223;200;180m[38;2;226;202;182m▄[48;2;166;142;123m[38;2;168;141;123m▄[48;2;197;173;156m[38;2;202;178;161m▄[48;2;235;212;197m[38;2;241;222;204m▄[48;2;181;161;147m[38;2;193;175;159m▄[48;2;166;146;134m[38;2;165;144;130m▄[48;2;202;182;170m[38;2;225;201;187m▄[48;2;175;158;142m[38;2;206;187;168m▄[48;2;122;105;89m[38;2;188;169;150m▄[48;2;179;163;147m[38;2;215;196;179m▄[48;2;197;182;165m▄[48;2;160;146;130m[38;2;214;196;178m▄[48;2;144;128;113m[38;2;187;169;152m▄[48;2;111;94;79m[38;2;148;130;112m▄[48;2;107;91;79m[38;2;140;123;108m▄[48;2;113;100;91m[38;2;99;83;72m▄[48;2;147;131;117m[38;2;138;120;106m▄[48;2;167;146;129m[38;2;142;122;105m▄[48;2;169;147;132m[38;2;140;118;104m▄[48;2;157;139;126m[38;2;129;110;97m▄[48;2;117;105;93m[38;2;114;100;87m▄[48;2;132;125;110m[38;2;137;128;112m▄[48;2;118;115;98m[38;2;100;98;77m▄[48;2;54;55;35m[38;2;53;56;35m▄[48;2;61;63;41m[38;2;60;62;39m▄[48;2;66;67;46m[38;2;68;70;48m▄[48;2;64;67;47m[38;2;71;73;52m▄[48;2;53;55;38m[38;2;59;61;44m▄[48;2;38;41;30m[38;2;41;44;32m▄[48;2;25;30;24m[38;2;26;30;24m▄[48;2;24;30;23m[38;2;19;25;17m▄[48;2;61;66;53m[38;2;54;60;46m▄[48;2;27;31;23m[38;2;43;46;41m▄[48;2;20;24;23m[38;2;13;18;18m▄[48;2;22;22;22m[38;2;13;16;14m▄[48;2;47;24;18m[38;2;37;18;13m▄[48;2;107;55;40m[38;2;102;54;42m▄[48;2;135;69;45m[38;2;126;60;40m▄[48;2;133;66;37m[38;2;139;70;42m▄[48;2;170;108;76m[38;2;180;117;85m▄[48;2;183;123;93m[38;2;179;118;89m▄[48;2;153;95;67m[38;2;149;91;62m▄[48;2;130;71;43m[38;2;137;78;50m▄[48;2;155;97;68m[38;2;153;94;66m▄[48;2;176;122;93m[38;2;178;125;98m▄[48;2;142;94;68m[38;2;137;91;67m▄[48;2;91;50;28m[38;2;85;47;28m▄[48;2;72;38;21m[38;2;64;31;16m▄[48;2;74;40;24m[38;2;75;42;27m▄[48;2;130;95;81m[38;2;115;81;68m▄[48;2;163;127;114m[38;2;155;121;109m▄[48;2;164;129;116m[38;2;164;130;118m▄[48;2;164;131;117m[38;2;163;131;119m▄[48;2;157;125;110m[38;2;158;129;116m▄[48;2;150;119;104m[38;2;160;131;119m▄[48;2;152;120;105m[38;2;158;126;113m▄[48;2;151;119;103m[38;2;152;120;105m▄[48;2;158;123;108m[38;2;161;126;112m▄[48;2;161;124;109m[38;2;154;117;104m▄[48;2;155;118;103m[38;2;146;108;93m▄[48;2;144;108;93m[38;2;144;107;91m▄[48;2;146;111;96m[38;2;155;119;103m▄[48;2;145;109;95m[38;2;161;123;107m▄[48;2;139;92;75m[38;2;141;91;76m▄[48;2;158;107;88m[38;2;158;107;88m▄[48;2;107;71;56m[38;2;108;72;57m▄[48;2;83;55;46m[38;2;74;44;38m▄[48;2;76;38;32m[38;2;71;31;26m▄[48;2;86;40;29m[38;2;79;33;19m▄[48;2;122;72;54m[38;2;115;66;48m▄[48;2;118;63;43m[38;2;121;65;48m▄[48;2;118;56;40m[38;2;136;77;59m▄[48;2;125;66;49m[38;2;140;84;64m▄[48;2;140;86;67m[38;2;151;99;77m▄[48;2;155;103;82m[38;2;164;114;91m▄[48;2;162;110;88m[38;2;169;119;96m▄[48;2;173;118;96m[38;2;181;128;106m▄[48;2;176;119;97m[38;2;178;121;101m▄[48;2;174;113;90m[38;2;177;116;95m▄[48;2;176;109;85m[38;2;172;109;83m▄[48;2;164;100;75m[38;2;162;99;73m▄[48;2;152;95;70m[38;2;133;75;49m▄[48;2;135;87;65m[38;2;119;69;47m▄[48;2;119;82;61m[38;2;121;78;60m▄[48;2;99;68;48m[38;2;101;61;43m▄[48;2;86;59;37m[38;2;111;70;49m▄[48;2;95;63;41m[38;2;139;91;69m▄[48;2;101;56;35m[38;2;127;67;45m▄[48;2;125;67;47m[38;2;142;73;48m▄[48;2;138;70;50m[38;2;136;64;39m▄[48;2;110;45;29m[38;2;112;48;30m▄[48;2;91;44;33m[38;2;93;46;37m▄[48;2;59;28;23m[38;2;54;23;17m▄[48;2;49;25;19m[38;2;49;29;22m▄[48;2;46;25;18m[38;2;38;24;17m▄[48;2;41;24;20m[38;2;29;21;21m▄[48;2;42;30;32m[38;2;31;23;28m▄[48;2;12;7;7m[38;2;14;11;11m▄[48;2;31;34;27m[38;2;31;33;26m▄[48;2;49;53;47m[38;2;30;35;32m▄[48;2;27;30;30m[38;2;24;28;32m▄[48;2;22;26;25m[38;2;14;20;19m▄[48;2;14;17;15m[38;2;14;18;14m▄[48;2;32;34;31m[38;2;36;37;33m▄[48;2;41;45;36m[38;2;40;45;36m▄[48;2;41;46;37m[38;2;35;41;31m▄[48;2;32;37;32m[38;2;29;34;30m▄[48;2;23;28;25m[38;2;22;27;25m▄[48;2;35;38;31m[38;2;33;37;31m▄[48;2;43;44;31m[38;2;34;38;23m▄[48;2;122;116;98m[38;2;109;107;88m▄[48;2;101;87;71m[38;2;182;169;151m▄[48;2;160;144;129m[38;2;232;215;197m▄[48;2;213;197;181m[38;2;239;221;203m▄[48;2;232;217;200m[38;2;231;214;195m▄[48;2;236;222;203m[38;2;230;214;193m▄[48;2;232;216;197m[38;2;227;209;186m▄[48;2;232;213;193m[38;2;221;198;176m▄[48;2;229;206;184m[38;2;228;199;174m▄[48;2;226;201;178m[38;2;201;170;142m▄[48;2;193;166;143m[38;2;132;101;76m▄[48;2;119;90;69m[38;2;110;78;57m▄[48;2;104;73;52m[38;2;101;69;48m▄[48;2;119;87;64m[38;2;115;81;60m▄[48;2;137;104;80m[38;2;121;86;62m▄[48;2;166;131;106m[38;2;119;81;56m▄[48;2;199;165;138m[38;2;123;86;60m▄[48;2;216;183;154m[38;2;144;108;83m▄[48;2;216;184;154m[38;2;149;113;85m▄[48;2;214;184;153m[38;2;146;109;78m▄[48;2;220;190;159m[38;2;149;112;81m▄[48;2;221;193;162m[38;2;153;116;85m▄[48;2;218;191;163m[38;2;148;110;81m▄[48;2;217;191;165m[38;2;137;98;72m▄[48;2;203;176;146m[38;2;132;94;65m▄[48;2;180;148;115m[38;2;135;95;64m▄[0m
[48;2;172;148;127m[38;2;174;152;126m▄[48;2;175;154;137m[38;2;141;117;99m▄[48;2;103;95;82m[38;2;102;88;75m▄[48;2;70;70;61m[38;2;86;79;70m▄[48;2;80;78;73m[38;2;86;79;74m▄[48;2;95;92;90m[38;2;95;89;86m▄[48;2;59;60;58m[38;2;57;57;53m▄[48;2;46;46;43m[38;2;45;45;43m▄[48;2;100;94;89m[38;2;73;70;68m▄[48;2;138;124;117m[38;2;83;77;78m▄[48;2;145;129;122m[38;2;86;84;85m▄[48;2;149;134;125m[38;2;87;84;83m▄[48;2;157;139;127m[38;2;103;91;84m▄[48;2;130;100;84m[38;2;101;72;57m▄[48;2;93;54;34m[38;2;112;70;50m▄[48;2;135;95;76m[38;2;95;52;35m▄[48;2;77;38;21m[38;2;84;44;27m▄[48;2;86;50;32m[38;2;91;53;36m▄[48;2;86;52;39m[38;2;92;57;43m▄[48;2;74;44;35m[38;2;99;66;54m▄[48;2;37;12;3m[38;2;56;28;16m▄[48;2;119;98;85m[38;2;108;87;72m▄[48;2;217;197;178m[38;2;177;161;145m▄[48;2;212;192;174m[38;2;166;151;138m▄[48;2;215;192;175m[38;2;164;145;135m▄[48;2;169;143;127m[38;2;151;131;120m▄[48;2;203;179;162m[38;2;175;157;144m▄[48;2;241;222;204m[38;2;199;184;171m▄[48;2;210;193;175m[38;2;198;186;172m▄[48;2;156;137;120m[38;2;153;138;123m▄[48;2;208;186;170m[38;2;164;147;132m▄[48;2;195;176;159m[38;2;166;148;134m▄[48;2;209;188;171m[38;2;191;172;157m▄[48;2;222;201;184m[38;2;219;199;184m▄[48;2;216;195;177m[38;2;216;195;178m▄[48;2;223;201;182m[38;2;226;204;185m▄[48;2;202;180;160m[38;2;211;185;166m▄[48;2;178;154;134m[38;2;181;154;134m▄[48;2;188;166;148m[38;2;194;170;150m▄[48;2;130;111;98m[38;2;128;108;94m▄[48;2;194;175;158m[38;2;196;175;158m▄[48;2;208;186;166m[38;2;219;196;176m▄[48;2;205;182;165m[38;2;213;189;170m▄[48;2;178;158;143m[38;2;190;170;154m▄[48;2;115;100;86m[38;2;135;120;104m▄[48;2;132;123;106m[38;2;121;113;94m▄[48;2;79;77;56m[38;2;65;63;42m▄[48;2;56;58;37m[38;2;52;55;35m▄[48;2;60;61;40m[38;2;55;57;36m▄[48;2;65;67;45m[38;2;63;65;44m▄[48;2;69;71;50m[38;2;65;66;46m▄[48;2;60;61;44m[38;2;58;59;42m▄[48;2;47;49;38m[38;2;49;52;39m▄[48;2;30;34;28m[38;2;34;40;31m▄[48;2;15;21;14m[38;2;16;21;15m▄[48;2;47;53;42m[38;2;36;43;34m▄[48;2;46;47;42m[38;2;44;45;40m▄[48;2;19;23;22m[38;2;26;28;26m▄[48;2;10;13;10m[38;2;7;11;8m▄[48;2;38;22;17m[38;2;36;23;19m▄[48;2;94;50;39m[38;2;83;43;35m▄[48;2;122;58;38m[38;2;116;55;37m▄[48;2;149;82;54m[38;2;146;80;53m▄[48;2;169;105;74m[38;2;152;88;57m▄[48;2;174;113;84m[38;2;168;107;78m▄[48;2;156;96;68m[38;2;161;101;74m▄[48;2;122;61;34m[38;2;119;59;33m▄[48;2;141;83;56m[38;2;116;58;32m▄[48;2;169;117;92m[38;2;160;109;85m▄[48;2;114;71;48m[38;2;98;57;38m▄[48;2;93;57;39m[38;2;78;45;28m▄[48;2;67;37;21m[38;2;99;69;53m▄[48;2;71;39;23m[38;2;75;43;28m▄[48;2;100;67;52m[38;2;107;74;59m▄[48;2;144;110;98m[38;2;145;111;97m▄[48;2;161;128;116m[38;2;165;132;117m▄[48;2;165;134;121m[38;2;166;135;120m▄[48;2;165;135;122m[38;2;166;136;120m▄[48;2;165;136;122m[38;2;169;139;123m▄[48;2;166;134;119m[38;2;166;133;116m▄[48;2;158;126;111m[38;2;158;124;108m▄[48;2;157;123;108m[38;2;158;123;107m▄[48;2;155;120;104m[38;2;156;120;104m▄[48;2;154;118;102m[38;2;147;111;95m▄[48;2;150;115;99m[38;2;142;107;90m▄[48;2;155;122;104m[38;2;145;112;93m▄[48;2;157;120;103m[38;2;152;116;98m▄[48;2;143;95;76m[38;2;139;92;72m▄[48;2;177;126;104m[38;2;179;128;105m▄[48;2;119;83;65m[38;2;127;89;68m▄[48;2;77;46;38m[38;2;89;56;45m▄[48;2;74;32;25m[38;2;84;38;31m▄[48;2;89;40;26m[38;2;100;47;32m▄[48;2;129;76;57m[38;2;138;83;62m▄[48;2;135;78;59m[38;2;143;86;65m▄[48;2;142;84;65m[38;2;147;92;71m▄[48;2;156;102;81m[38;2;162;108;87m▄[48;2;164;112;90m[38;2;169;116;94m▄[48;2;172;121;99m[38;2;173;121;98m▄[48;2;178;126;103m[38;2;178;122;99m▄[48;2;180;125;102m[38;2;181;123;100m▄[48;2;181;123;101m[38;2;182;123;100m▄[48;2;177;115;93m[38;2;179;118;95m▄[48;2;166;102;78m[38;2;171;105;82m▄[48;2;164;99;73m[38;2;168;100;73m▄[48;2;157;93;68m[38;2;162;94;68m▄[48;2;153;95;73m[38;2;159;93;69m▄[48;2;142;90;69m[38;2;140;78;55m▄[48;2;104;53;33m[38;2;133;69;47m▄[48;2;122;70;47m[38;2;137;70;46m▄[48;2;135;73;51m[38;2;139;64;41m▄[48;2;147;71;52m[38;2;151;66;47m▄[48;2;146;69;47m[38;2;143;65;44m▄[48;2;126;54;32m[38;2;118;51;31m▄[48;2;112;53;35m[38;2;104;51;34m▄[48;2;88;46;34m[38;2;73;33;20m▄[48;2;55;28;19m[38;2;63;34;24m▄[48;2;51;32;23m[38;2;56;31;24m▄[48;2;37;24;17m[38;2;39;24;18m▄[48;2;27;18;18m[38;2;23;20;18m▄[48;2;19;13;18m[38;2;14;12;16m▄[48;2;16;15;14m[38;2;13;15;16m▄[48;2;28;31;25m[38;2;23;28;23m▄[48;2;23;28;25m[38;2;29;35;33m▄[48;2;20;25;28m[38;2;16;21;24m▄[48;2;9;16;14m[38;2;9;15;13m▄[48;2;21;25;19m[38;2;30;36;25m▄[48;2;43;45;37m[38;2;47;49;38m▄[48;2;43;48;39m[38;2;36;40;30m▄[48;2;35;40;32m[38;2;30;35;29m▄[48;2;21;26;22m[38;2;18;22;20m▄[48;2;23;27;26m[38;2;18;23;21m▄[48;2;34;38;33m[38;2;31;35;30m▄[48;2;28;31;19m[38;2;27;30;22m▄[48;2;82;79;61m[38;2;66;61;45m▄[48;2;191;178;156m[38;2;139;122;99m▄[48;2;223;205;183m[38;2;151;127;104m▄[48;2;230;207;185m[38;2;195;164;139m▄[48;2;226;204;178m[38;2;207;175;147m▄[48;2;221;198;170m[38;2;193;161;131m▄[48;2;219;194;165m[38;2;184;149;117m▄[48;2;214;184;154m[38;2;181;142;109m▄[48;2;186;151;123m[38;2;145;104;76m▄[48;2;137;99;73m[38;2;106;68;46m▄[48;2;129;93;69m[38;2;121;86;66m▄[48;2;109;76;55m[38;2;85;54;38m▄[48;2;88;56;37m[38;2;50;23;9m▄[48;2;112;81;62m[38;2;76;51;39m▄[48;2;112;80;59m[38;2;90;65;50m▄[48;2;128;94;73m[38;2;70;45;30m▄[48;2;144;110;88m[38;2;103;74;57m▄[48;2;136;101;79m[38;2;104;71;52m▄[48;2;134;98;73m[38;2;121;88;68m▄[48;2;132;93;66m[38;2;133;100;79m▄[48;2;135;94;66m[38;2;140;106;85m▄[48;2;144;100;72m[38;2;141;103;82m▄[48;2;151;104;76m[38;2;129;88;67m▄[48;2;133;83;56m[38;2;160;116;96m▄[48;2;135;90;64m[38;2;133;95;77m▄[48;2;148;108;83m[38;2;72;43;26m▄[0m
[48;2;190;167;136m[38;2;181;157;127m▄[48;2;181;153;129m[38;2;211;179;153m▄[48;2;141;119;100m[38;2;180;150;127m▄[48;2;113;97;83m[38;2;119;96;76m▄[48;2;121;106;95m[38;2;166;145;131m▄[48;2;94;83;74m[38;2;130;115;105m▄[48;2;59;55;48m[38;2;71;64;55m▄[48;2;62;62;58m[38;2;97;94;89m▄[48;2;55;55;55m[38;2;69;68;67m▄[48;2;53;55;59m[38;2;49;52;56m▄[48;2;52;59;65m[38;2;49;59;67m▄[48;2;61;68;71m[38;2;61;72;77m▄[48;2;79;74;70m[38;2;87;85;81m▄[48;2;104;78;64m[38;2;118;93;80m▄[48;2;124;80;59m[38;2;126;83;62m▄[48;2;112;65;47m[38;2;130;83;61m▄[48;2;126;84;67m[38;2;121;78;58m▄[48;2;86;47;30m[38;2;93;54;35m▄[48;2;111;73;58m[38;2;104;64;47m▄[48;2;103;66;53m[38;2;117;76;60m▄[48;2;66;35;23m[38;2;65;32;19m▄[48;2;91;71;58m[38;2;79;60;50m▄[48;2;119;109;98m[38;2;92;86;79m▄[48;2;103;96;92m[38;2;68;67;67m▄[48;2;105;94;91m[38;2;72;67;69m▄[48;2;110;98;94m[38;2;84;78;79m▄[48;2;116;107;102m[38;2;79;75;75m▄[48;2;120;114;106m[38;2;68;68;66m▄[48;2;125;122;113m[38;2;73;74;71m▄[48;2;122;116;107m[38;2;76;77;72m▄[48;2;127;116;107m[38;2;90;87;83m▄[48;2;129;114;105m[38;2;99;93;88m▄[48;2;154;139;130m[38;2;107;100;95m▄[48;2;177;161;150m[38;2;114;104;99m▄[48;2;179;161;148m[38;2;124;113;106m▄[48;2;189;170;154m[38;2;132;119;112m▄[48;2;189;167;151m[38;2;136;122;112m▄[48;2;179;155;138m[38;2;148;132;121m▄[48;2;193;170;154m[38;2;165;150;139m▄[48;2;121;104;92m[38;2;114;102;95m▄[48;2;186;168;152m[38;2;162;149;137m▄[48;2;220;200;181m[38;2;196;180;165m▄[48;2;215;194;175m[38;2;192;176;160m▄[48;2;192;173;157m[38;2;176;162;146m▄[48;2;144;131;115m[38;2;147;137;120m▄[48;2;100;93;73m[38;2;88;84;64m▄[48;2;61;60;38m[38;2;67;68;45m▄[48;2;53;56;37m[38;2;57;59;41m▄[48;2;51;52;33m[38;2;52;53;35m▄[48;2;55;57;36m[38;2;55;57;36m▄[48;2;61;63;43m[38;2;60;62;42m▄[48;2;53;54;37m[38;2;54;55;38m▄[48;2;46;49;37m[38;2;53;56;42m▄[48;2;35;40;31m[38;2;40;45;35m▄[48;2;19;25;19m[38;2;21;29;21m▄[48;2;25;32;26m[38;2;18;26;22m▄[48;2;50;50;46m[38;2;48;47;43m▄[48;2;32;33;29m[38;2;34;34;29m▄[48;2;13;18;14m[38;2;17;23;19m▄[48;2;25;17;14m[38;2;19;16;13m▄[48;2;77;42;36m[38;2;64;35;32m▄[48;2;111;56;39m[38;2;106;55;41m▄[48;2;140;76;50m[38;2;133;72;47m▄[48;2;147;83;53m[38;2;145;81;51m▄[48;2;158;95;66m[38;2;129;65;38m▄[48;2;153;93;66m[38;2;141;79;54m▄[48;2;125;64;38m[38;2;138;76;51m▄[48;2;124;66;41m[38;2;139;82;57m▄[48;2;146;96;76m[38;2;106;57;38m▄[48;2;76;37;21m[38;2;61;23;11m▄[48;2;71;39;26m[38;2;62;31;21m▄[48;2;98;66;52m[38;2;85;53;38m▄[48;2;93;60;45m[38;2;97;63;48m▄[48;2;121;87;72m[38;2;129;92;77m▄[48;2;153;117;103m[38;2;156;118;103m▄[48;2;167;133;117m[38;2;171;133;118m▄[48;2;170;137;121m[38;2;172;135;120m▄[48;2;171;138;122m[38;2;171;136;119m▄[48;2;165;133;115m[38;2;166;130;112m▄[48;2;163;129;111m[38;2;164;127;107m▄[48;2;159;123;105m[38;2;161;122;103m▄[48;2;155;118;100m[38;2;156;117;99m▄[48;2;149;112;95m[38;2;152;112;94m▄[48;2;142;105;88m[38;2;151;111;94m▄[48;2;145;109;91m[38;2;160;121;104m▄[48;2;158;124;105m[38;2;168;131;113m▄[48;2;166;131;112m[38;2;170;133;115m▄[48;2;165;119;98m[38;2;164;118;97m▄[48;2;191;140;115m[38;2;187;136;112m▄[48;2;140;101;80m[38;2;135;95;76m▄[48;2;94;58;48m[38;2;95;59;49m▄[48;2;96;49;41m[38;2;98;50;43m▄[48;2;110;56;40m[38;2;99;47;31m▄[48;2;147;90;69m[38;2;151;96;75m▄[48;2;156;99;78m[38;2;166;110;90m▄[48;2;157;102;81m[38;2;161;106;85m▄[48;2;168;113;92m[38;2;170;115;93m▄[48;2;172;118;95m[38;2;174;118;95m▄[48;2;171;116;92m[38;2;174;115;91m▄[48;2;175;116;92m[38;2;176;114;90m▄[48;2;179;118;94m[38;2;182;117;92m▄[48;2;182;120;95m[38;2;181;115;89m▄[48;2;181;117;94m[38;2;176;108;84m▄[48;2;172;104;82m[38;2;165;95;75m▄[48;2;170;99;74m[38;2;166;92;67m▄[48;2;169;95;69m[38;2;165;87;61m▄[48;2;157;83;59m[38;2;154;75;51m▄[48;2;144;73;50m[38;2;144;67;44m▄[48;2;140;67;45m[38;2;140;63;40m▄[48;2;137;61;36m[38;2;142;61;37m▄[48;2;149;67;43m[38;2;151;68;43m▄[48;2;150;68;47m[38;2;147;71;48m▄[48;2;126;55;35m[38;2;113;49;31m▄[48;2;108;51;33m[38;2;103;54;40m▄[48;2;91;45;30m[38;2;75;35;24m▄[48;2;69;31;20m[38;2;72;36;26m▄[48;2;71;38;31m[38;2;66;32;25m▄[48;2;63;31;27m[38;2;66;33;32m▄[48;2;42;23;19m[38;2;46;28;26m▄[48;2;21;20;18m[38;2;19;20;17m▄[48;2;9;10;15m[38;2;8;10;15m▄[48;2;14;17;19m[38;2;16;19;23m▄[48;2;27;33;29m[38;2;27;32;30m▄[48;2;28;34;33m[38;2;21;26;27m▄[48;2;13;18;21m[38;2;10;13;17m▄[48;2;15;21;18m[38;2;24;28;25m▄[48;2;40;44;33m[38;2;51;54;42m▄[48;2;50;52;40m[38;2;47;49;37m▄[48;2;32;36;28m[38;2;27;31;27m▄[48;2;22;26;24m[38;2;16;20;23m▄[48;2;17;21;21m[38;2;16;20;22m▄[48;2;21;25;24m[38;2;22;27;23m▄[48;2;32;36;31m[38;2;33;37;29m▄[48;2;31;34;26m[38;2;36;39;30m▄[48;2;57;51;36m[38;2;45;41;27m▄[48;2;137;117;97m[38;2;130;113;94m▄[48;2;128;99;78m[38;2;108;82;63m▄[48;2;153;117;94m[38;2;133;100;80m▄[48;2;154;115;89m[38;2;149;113;92m▄[48;2;155;117;90m[38;2;143;109;88m▄[48;2;162;122;94m[38;2;136;105;84m▄[48;2;154;112;85m[38;2;101;69;51m▄[48;2;155;116;92m[38;2;99;68;51m▄[48;2;102;68;51m[38;2;111;82;67m▄[48;2;94;64;50m[38;2;82;59;47m▄[48;2;82;58;48m[38;2;62;46;38m▄[48;2;44;25;17m[38;2;40;29;24m▄[48;2;53;37;31m[38;2;51;40;38m▄[48;2;67;51;45m[38;2;43;32;30m▄[48;2;39;22;16m[38;2;30;17;15m▄[48;2;77;55;43m[38;2;76;59;51m▄[48;2;89;62;44m[38;2;134;115;100m▄[48;2;58;35;18m[38;2;62;49;36m▄[48;2;82;61;45m[38;2;51;43;32m▄[48;2;81;63;49m[38;2;45;42;34m▄[48;2;75;58;45m[38;2;39;40;35m▄[48;2;62;44;34m[38;2;22;23;21m▄[48;2;83;62;54m[38;2;17;18;17m▄[48;2;72;56;46m[38;2;38;39;31m▄[48;2;54;42;32m[38;2;73;73;60m▄[0m
[48;2;163;143;118m[38;2;133;118;96m▄[48;2;200;169;144m[38;2;172;145;123m▄[48;2;194;164;137m[38;2;180;153;128m▄[48;2;145;119;94m[38;2;181;157;135m▄[48;2;110;86;70m[38;2;122;102;87m▄[48;2;129;114;105m[38;2;69;58;51m▄[48;2;89;84;77m[38;2;81;77;73m▄[48;2;111;106;101m[38;2;118;110;103m▄[48;2;98;94;92m[38;2;121;115;110m▄[48;2;69;72;73m[38;2;89;89;88m▄[48;2;62;72;77m[38;2;77;85;88m▄[48;2;67;78;83m[38;2;79;87;91m▄[48;2;89;88;85m[38;2;89;88;85m▄[48;2;106;82;69m[38;2;98;78;66m▄[48;2;138;95;76m[38;2;127;86;68m▄[48;2;115;66;42m[38;2;148;96;72m▄[48;2;107;64;41m[38;2;115;70;47m▄[48;2;109;70;51m[38;2;112;71;50m▄[48;2;92;50;33m[38;2;95;51;33m▄[48;2;115;71;54m[38;2;91;45;29m▄[48;2;73;37;25m[38;2;72;34;22m▄[48;2;73;55;48m[38;2;74;55;49m▄[48;2;104;100;97m[38;2;111;106;105m▄[48;2;75;76;76m[38;2;97;93;91m▄[48;2;77;75;76m[38;2;93;87;85m▄[48;2;103;99;101m[38;2;117;110;108m▄[48;2;97;95;96m[38;2;117;111;109m▄[48;2;66;68;68m[38;2;84;82;79m▄[48;2;65;69;68m[38;2;78;77;74m▄[48;2;79;80;78m[38;2;93;91;88m▄[48;2;101;100;98m[38;2;118;114;113m▄[48;2;80;81;81m[38;2;88;90;91m▄[48;2;71;71;71m[38;2;74;79;81m▄[48;2;73;72;71m[38;2;73;77;80m▄[48;2;74;73;71m[38;2;66;69;71m▄[48;2;82;79;76m[38;2;72;72;72m▄[48;2;95;90;87m[38;2;99;99;98m▄[48;2;102;97;92m[38;2;89;89;88m▄[48;2;102;97;93m[38;2;66;66;66m▄[48;2;98;93;91m[38;2;73;74;75m▄[48;2;118;111;104m[38;2;78;76;73m▄[48;2;141;131;118m[38;2;83;78;71m▄[48;2;146;134;120m[38;2;96;88;79m▄[48;2;154;143;129m[38;2;141;133;121m▄[48;2;139;132;116m[38;2;128;124;108m▄[48;2;68;66;45m[38;2;61;62;41m▄[48;2;57;59;36m[38;2;59;62;40m▄[48;2;46;49;31m[38;2;56;59;40m▄[48;2;57;58;40m[38;2;52;54;34m▄[48;2;56;59;38m[38;2;52;54;33m▄[48;2;53;55;35m[38;2;58;60;39m▄[48;2;57;58;42m[38;2;58;59;40m▄[48;2;50;53;38m[38;2;46;49;34m▄[48;2;42;47;36m[38;2;41;46;34m▄[48;2;24;32;25m[38;2;26;31;24m▄[48;2;16;23;23m[38;2;16;22;21m▄[48;2;41;39;37m[38;2;32;32;30m▄[48;2;41;40;35m[38;2;44;46;40m▄[48;2;19;26;20m[38;2;21;27;23m▄[48;2;15;15;13m[38;2;15;17;16m▄[48;2;51;28;24m[38;2;36;16;13m▄[48;2;106;58;45m[38;2;90;46;32m▄[48;2;133;74;49m[38;2;140;81;57m▄[48;2;141;77;48m[38;2;175;110;83m▄[48;2;138;74;48m[38;2;184;120;93m▄[48;2;158;95;70m[38;2;171;106;81m▄[48;2;162;99;74m[38;2;139;76;51m▄[48;2;116;58;35m[38;2;120;61;38m▄[48;2;89;41;23m[38;2;93;44;27m▄[48;2;61;26;16m[38;2;64;29;18m▄[48;2;66;37;29m[38;2;64;33;25m▄[48;2;76;41;27m[38;2;73;39;25m▄[48;2;93;56;42m[38;2;91;53;39m▄[48;2;131;93;79m[38;2;122;81;66m▄[48;2;153;113;98m[38;2;151;108;93m▄[48;2;172;130;115m[38;2;164;120;103m▄[48;2;173;131;116m[38;2;164;121;104m▄[48;2;170;131;114m[38;2;160;119;100m▄[48;2;163;123;106m[38;2;154;113;93m▄[48;2;162;120;101m[38;2;157;113;93m▄[48;2;159;117;98m[38;2;155;110;91m▄[48;2;156;113;96m[38;2;153;106;88m▄[48;2;155;111;94m[38;2;154;107;89m▄[48;2;158;115;99m[38;2;161;115;97m▄[48;2;165;124;108m[38;2;163;118;102m▄[48;2;170;131;114m[38;2;165;123;106m▄[48;2;166;127;111m[38;2;164;123;104m▄[48;2;164;117;99m[38;2;153;104;85m▄[48;2;191;137;117m[38;2;178;126;104m▄[48;2;135;95;76m[38;2;141;99;80m▄[48;2;87;52;43m[38;2;87;49;39m▄[48;2;83;37;31m[38;2;85;38;32m▄[48;2;86;37;21m[38;2;92;42;28m▄[48;2;154;105;83m[38;2;160;109;88m▄[48;2;170;117;96m[38;2;164;108;88m▄[48;2;164;108;87m[38;2;155;97;76m▄[48;2;168;111;90m[38;2;159;98;78m▄[48;2;172;112;89m[38;2;160;97;74m▄[48;2;173;110;87m[38;2;166;99;76m▄[48;2;175;108;85m[38;2;174;103;81m▄[48;2;178;110;85m[38;2;170;97;72m▄[48;2;174;103;78m[38;2;167;93;67m▄[48;2;168;97;74m[38;2;162;89;65m▄[48;2;160;89;69m[38;2;155;81;60m▄[48;2;160;84;60m[38;2;154;76;52m▄[48;2;161;80;53m[38;2;152;72;45m▄[48;2;148;68;42m[38;2;140;61;37m▄[48;2;140;62;39m[38;2;135;59;36m▄[48;2;136;58;36m[38;2;132;55;33m▄[48;2;142;62;39m[38;2;142;63;42m▄[48;2;148;67;42m[38;2;147;67;44m▄[48;2;133;59;35m[38;2;125;52;30m▄[48;2;109;49;33m[38;2;111;52;38m▄[48;2;96;50;41m[38;2;82;39;32m▄[48;2;64;27;20m[38;2;60;26;19m▄[48;2;63;30;22m[38;2;58;28;21m▄[48;2;59;29;24m[38;2;53;29;22m▄[48;2;53;27;26m[38;2;42;25;20m▄[48;2;38;26;24m[38;2;36;27;24m▄[48;2;19;19;19m[38;2;20;19;19m▄[48;2;9;8;16m[38;2;9;8;15m▄[48;2;18;20;26m[38;2;19;22;26m▄[48;2;24;28;28m[38;2;22;26;27m▄[48;2;16;19;22m[38;2;15;17;20m▄[48;2;12;13;17m[38;2;16;17;20m▄[48;2;34;36;33m[38;2;42;41;38m▄[48;2;54;55;43m[38;2;51;52;40m▄[48;2;39;41;29m[38;2;31;35;27m▄[48;2;26;29;29m[38;2;18;21;22m▄[48;2;12;15;22m[38;2;14;17;23m▄[48;2;15;19;23m[38;2;19;22;25m▄[48;2;25;30;25m[38;2;27;31;26m▄[48;2;35;40;29m[38;2;35;40;29m▄[48;2;39;42;31m[38;2;42;44;32m▄[48;2;39;38;24m[38;2;34;35;22m▄[48;2;110;102;84m[38;2;88;86;71m▄[48;2;81;64;47m[38;2;102;92;76m▄[48;2;81;56;40m[38;2;80;61;46m▄[48;2;100;74;58m[38;2;88;70;57m▄[48;2;72;51;36m[38;2;55;44;33m▄[48;2;64;48;36m[38;2;61;55;46m▄[48;2;49;35;28m[38;2;47;45;41m▄[48;2;61;41;29m[38;2;59;48;37m▄[48;2;102;75;59m[38;2;108;83;65m▄[48;2;87;67;54m[38;2;97;75;59m▄[48;2;67;53;44m[38;2;90;74;62m▄[48;2;34;23;18m[38;2;38;26;18m▄[48;2;44;33;30m[38;2;45;34;26m▄[48;2;46;33;31m[38;2;55;39;32m▄[48;2;43;26;23m[38;2;67;45;41m▄[48;2;61;45;39m[38;2;76;59;54m▄[48;2;87;74;64m[38;2;45;35;28m▄[48;2;53;45;38m[38;2;51;44;41m▄[48;2;31;30;24m[38;2;36;35;33m▄[48;2;30;34;30m[38;2;28;31;28m▄[48;2;32;38;35m[38;2;25;30;26m▄[48;2;17;23;21m[38;2;18;23;19m▄[48;2;10;16;15m[38;2;8;12;8m▄[48;2;61;63;50m[38;2;64;65;51m▄[48;2;109;107;83m[38;2;105;100;74m▄[0m
[48;2;86;75;57m[38;2;122;113;97m▄[48;2;117;101;85m[38;2;88;77;61m▄[48;2;150;132;117m[38;2;97;85;72m▄[48;2;152;135;123m[38;2;109;98;88m▄[48;2;119;107;98m[38;2;100;93;86m▄[48;2;77;71;65m[38;2;92;87;83m▄[48;2;86;83;78m[38;2;98;94;90m▄[48;2;132;120;113m[38;2;133;122;116m▄[48;2;141;128;124m[38;2;145;134;130m▄[48;2;97;96;95m[38;2;108;107;106m▄[48;2;86;88;92m[38;2;87;90;94m▄[48;2;89;90;95m[38;2;89;91;98m▄[48;2;88;91;87m[38;2;88;93;91m▄[48;2;94;85;71m[38;2;98;92;81m▄[48;2;110;71;55m[38;2;105;69;55m▄[48;2;151;96;74m[38;2;134;80;59m▄[48;2;135;85;62m[38;2;118;68;45m▄[48;2;115;68;47m[38;2;120;74;52m▄[48;2;115;70;49m[38;2;116;70;49m▄[48;2;102;56;38m[38;2;109;63;44m▄[48;2;79;41;27m[38;2;81;43;29m▄[48;2;72;49;42m[38;2;62;40;32m▄[48;2;128;116;112m[38;2;111;101;97m▄[48;2;141;126;119m[38;2;115;104;99m▄[48;2;144;129;123m[38;2;128;116;112m▄[48;2;144;130;125m[38;2;125;115;112m▄[48;2;134;123;117m[38;2;125;115;111m▄[48;2;115;106;100m[38;2;124;116;112m▄[48;2;105;96;92m[38;2;117;110;106m▄[48;2;105;97;94m[38;2;113;105;102m▄[48;2;125;117;114m[38;2;131;123;120m▄[48;2;99;94;91m[38;2;119;112;108m▄[48;2;81;83;84m[38;2;96;94;92m▄[48;2;80;85;88m[38;2;89;89;89m▄[48;2;83;84;85m[38;2;93;89;88m▄[48;2;93;89;86m[38;2;107;98;93m▄[48;2;121;114;109m[38;2;134;123;116m▄[48;2;106;101;98m[38;2;117;109;103m▄[48;2;80;80;79m[38;2;96;92;89m▄[48;2;90;93;93m[38;2;107;107;107m▄[48;2;82;83;85m[38;2;95;94;94m▄[48;2;82;80;82m[38;2;94;91;91m▄[48;2;88;85;81m[38;2;108;102;95m▄[48;2;140;137;124m[38;2;149;145;129m▄[48;2;105;104;86m[38;2;91;88;66m▄[48;2;54;55;34m[38;2;61;58;35m▄[48;2;64;65;47m[38;2;62;61;40m▄[48;2;57;60;43m[38;2;54;56;41m▄[48;2;55;58;39m[38;2;52;55;37m▄[48;2;52;56;35m[38;2;55;59;38m▄[48;2;59;63;40m[38;2;57;61;41m▄[48;2;58;61;39m[38;2;55;58;39m▄[48;2;59;62;45m[38;2;57;59;44m▄[48;2;48;50;38m[38;2;48;50;39m▄[48;2;32;34;23m[38;2;34;36;26m▄[48;2;15;19;11m[38;2;16;20;13m▄[48;2;16;24;22m[38;2;12;20;20m▄[48;2;33;41;41m[38;2;25;32;33m▄[48;2;28;32;31m[38;2;35;37;36m▄[48;2;18;18;16m[38;2;15;14;12m▄[48;2;25;13;9m[38;2;36;24;19m▄[48;2;105;67;53m[38;2;121;83;69m▄[48;2;161;102;77m[38;2;140;81;57m▄[48;2;161;94;69m[38;2;144;78;54m▄[48;2;166;101;73m[38;2;160;96;69m▄[48;2;152;88;60m[38;2;146;82;54m▄[48;2;145;80;55m[38;2;146;83;58m▄[48;2;138;76;55m[38;2;125;65;45m▄[48;2;92;38;24m[38;2;110;58;43m▄[48;2;83;42;31m[38;2;83;45;34m▄[48;2;68;36;25m[38;2;69;38;27m▄[48;2;78;45;30m[38;2;77;41;27m▄[48;2;92;52;37m[38;2;95;49;35m▄[48;2;123;75;59m[38;2;125;72;57m▄[48;2;147;98;78m[38;2;142;84;68m▄[48;2;158;109;88m[38;2;149;92;73m▄[48;2;157;111;89m[38;2;146;92;72m▄[48;2;154;108;86m[38;2;146;91;71m▄[48;2;148;102;79m[38;2;142;89;69m▄[48;2;150;102;80m[38;2;144;92;71m▄[48;2;151;101;80m[38;2;141;87;67m▄[48;2;147;94;74m[38;2;137;80;61m▄[48;2;145;91;72m[38;2;135;78;59m▄[48;2;150;97;77m[38;2;132;74;55m▄[48;2;148;95;75m[38;2;134;77;58m▄[48;2;151;101;80m[38;2;147;91;71m▄[48;2;161;110;89m[38;2;154;96;77m▄[48;2;170;115;94m[38;2;158;95;77m▄[48;2;190;136;114m[38;2;174;113;94m▄[48;2;153;102;83m[38;2;149;94;77m▄[48;2;91;44;31m[38;2;89;40;28m▄[48;2;100;53;43m[38;2;101;58;46m▄[48;2;105;52;42m[38;2;95;47;36m▄[48;2;146;83;69m[38;2;120;64;49m▄[48;2;150;86;68m[38;2;130;69;49m▄[48;2;141;80;60m[38;2;131;67;47m▄[48;2;143;80;58m[38;2;137;70;50m▄[48;2;158;90;68m[38;2;151;81;60m▄[48;2;163;90;69m[38;2;159;86;64m▄[48;2;167;92;69m[38;2;158;83;60m▄[48;2;161;85;60m[38;2;156;80;55m▄[48;2;164;89;62m[38;2;154;78;53m▄[48;2;160;85;57m[38;2;153;75;50m▄[48;2;157;77;52m[38;2;148;68;45m▄[48;2;150;71;47m[38;2;141;63;41m▄[48;2;141;64;41m[38;2;132;57;37m▄[48;2;133;60;39m[38;2;125;54;35m▄[48;2;123;52;31m[38;2;113;44;24m▄[48;2;124;51;31m[38;2;117;46;27m▄[48;2;137;58;39m[38;2;135;60;41m▄[48;2;139;62;42m[38;2;119;48;29m▄[48;2;112;46;27m[38;2;98;40;24m▄[48;2;106;52;39m[38;2;92;45;34m▄[48;2;73;33;25m[38;2;63;28;20m▄[48;2;61;30;24m[38;2;54;27;22m▄[48;2;50;25;19m[38;2;48;25;20m▄[48;2;46;25;21m[38;2;44;25;21m▄[48;2;44;27;24m[38;2;42;25;24m▄[48;2;34;23;22m[38;2;32;22;22m▄[48;2;16;14;14m[38;2;15;14;15m▄[48;2;9;11;12m[38;2;10;11;13m▄[48;2;17;22;25m[38;2;16;20;23m▄[48;2;17;23;25m[38;2;12;19;20m▄[48;2;9;14;13m[38;2;6;12;10m▄[48;2;20;24;19m[38;2;32;35;31m▄[48;2;51;51;43m[38;2;49;49;41m▄[48;2;43;45;39m[38;2;35;37;32m▄[48;2;24;30;30m[38;2;21;27;27m▄[48;2;18;22;23m[38;2;18;21;22m▄[48;2;16;19;20m[38;2;20;23;22m▄[48;2;22;25;24m[38;2;25;27;25m▄[48;2;34;35;31m[38;2;34;35;31m▄[48;2;38;40;31m[38;2;39;41;32m▄[48;2;45;47;35m[38;2;42;45;33m▄[48;2;40;39;29m[38;2;37;38;27m▄[48;2;67;65;53m[38;2;49;47;35m▄[48;2;109;101;85m[38;2;109;102;85m▄[48;2;94;73;58m[38;2;110;89;74m▄[48;2;98;80;67m[38;2;98;79;66m▄[48;2;63;54;43m[38;2;62;50;39m▄[48;2;69;60;52m[38;2;87;74;66m▄[48;2;54;50;41m[38;2;72;63;54m▄[48;2;64;54;42m[38;2;76;61;49m▄[48;2;126;101;85m[38;2;138;110;95m▄[48;2;99;72;55m[38;2;89;68;51m▄[48;2;91;72;60m[38;2;72;61;48m▄[48;2;54;43;33m[38;2;63;52;43m▄[48;2;61;44;31m[38;2;79;52;39m▄[48;2;84;58;42m[38;2;115;77;57m▄[48;2;96;67;55m[38;2;121;85;64m▄[48;2;90;71;63m[38;2;90;71;58m▄[48;2;43;34;27m[38;2;31;24;21m▄[48;2;58;51;48m[38;2;60;54;53m▄[48;2;40;38;37m[38;2;40;38;37m▄[48;2;28;30;26m[38;2;26;29;26m▄[48;2;24;29;24m[38;2;38;43;38m▄[48;2;25;30;26m[38;2;43;47;42m▄[48;2;24;27;25m[38;2;42;42;39m▄[48;2;34;37;32m[38;2;36;35;30m▄[48;2;66;67;54m[38;2;55;55;40m▄[0m
[48;2;229;217;200m[38;2;236;220;199m▄[48;2;182;172;156m[38;2;242;231;210m▄[48;2;116;110;96m[38;2;230;222;204m▄[48;2;90;84;72m[38;2;191;184;169m▄[48;2;88;82;75m[38;2;143;134;123m▄[48;2;98;92;87m[38;2;122;111;102m▄[48;2;106;98;95m[38;2;131;120;113m▄[48;2;116;106;100m[38;2;135;125;118m▄[48;2;134;125;120m[38;2;140;131;126m▄[48;2;113;112;111m[38;2;116;114;109m▄[48;2;90;92;96m[38;2;96;95;97m▄[48;2;94;95;101m[38;2;96;96;100m▄[48;2;92;98;97m[38;2;96;103;101m▄[48;2;103;99;91m[38;2;107;105;97m▄[48;2;101;69;60m[38;2;107;77;69m▄[48;2;119;68;48m[38;2;98;51;32m▄[48;2;123;75;53m[38;2;128;82;60m▄[48;2;114;69;48m[38;2;114;69;48m▄[48;2;96;49;28m[38;2;101;52;31m▄[48;2;134;86;67m[38;2;172;123;104m▄[48;2;89;50;36m[38;2;98;60;44m▄[48;2;68;47;38m[38;2;60;38;29m▄[48;2;101;93;89m[38;2;105;99;96m▄[48;2;87;84;82m[38;2;94;97;99m▄[48;2;86;83;82m[38;2;89;92;94m▄[48;2;86;83;81m[38;2;89;91;92m▄[48;2;84;81;79m[38;2;90;90;91m▄[48;2;83;80;78m[38;2;84;84;83m▄[48;2;87;84;80m[38;2;83;83;80m▄[48;2;100;96;92m[38;2;98;97;93m▄[48;2;115;110;106m[38;2;102;100;96m▄[48;2;120;113;111m[38;2;102;97;98m▄[48;2;115;110;108m[38;2;109;102;102m▄[48;2;115;110;107m[38;2;113;104;100m▄[48;2;116;108;103m[38;2;117;105;100m▄[48;2;123;111;106m[38;2;134;121;115m▄[48;2;142;130;123m[38;2;148;137;132m▄[48;2;120;109;104m[38;2;119;109;105m▄[48;2;103;96;93m[38;2;103;98;95m▄[48;2;109;109;107m[38;2;104;103;100m▄[48;2;94;92;91m[38;2;91;89;87m▄[48;2;95;91;88m[38;2;96;92;88m▄[48;2;123;117;108m[38;2;133;129;119m▄[48;2;145;139;122m[38;2;128;125;108m▄[48;2;74;69;45m[38;2;67;64;42m▄[48;2;64;60;36m[38;2;68;68;46m▄[48;2;62;60;39m[38;2;59;58;40m▄[48;2;55;56;41m[38;2;54;55;41m▄[48;2;45;48;32m[38;2;53;54;40m▄[48;2;49;51;33m[38;2;58;59;43m▄[48;2;53;56;37m[38;2;52;52;36m▄[48;2;56;58;40m[38;2;48;49;34m▄[48;2;54;56;43m[38;2;52;52;41m▄[48;2;48;49;39m[38;2;54;54;44m▄[48;2;37;38;30m[38;2;46;46;39m▄[48;2;21;25;20m[38;2;26;28;25m▄[48;2;10;17;18m[38;2;13;19;21m▄[48;2;19;25;28m[38;2;20;23;27m▄[48;2;29;30;30m[38;2;34;33;33m▄[48;2;25;24;23m[38;2;38;37;36m▄[48;2;34;20;18m[38;2;29;17;16m▄[48;2;102;65;52m[38;2;91;58;49m▄[48;2;135;76;55m[38;2;122;67;49m▄[48;2;129;63;41m[38;2;134;69;49m▄[48;2;130;66;42m[38;2;136;73;51m▄[48;2;141;78;52m[38;2;156;94;70m▄[48;2;149;86;62m[38;2;170;108;85m▄[48;2;151;93;73m[38;2;138;81;62m▄[48;2;114;67;51m[38;2;87;40;25m▄[48;2;67;33;21m[38;2;68;34;23m▄[48;2;74;43;32m[38;2;60;32;21m▄[48;2;80;41;28m[38;2;73;38;25m▄[48;2;97;49;36m[38;2;87;43;31m▄[48;2;117;60;47m[38;2;106;53;41m▄[48;2;131;69;55m[38;2;117;60;46m▄[48;2;136;75;59m[38;2;119;61;46m▄[48;2;134;74;57m[38;2;118;60;45m▄[48;2;136;75;59m[38;2;122;63;48m▄[48;2;135;75;57m[38;2;123;64;48m▄[48;2;130;74;56m[38;2;119;62;46m▄[48;2;126;70;51m[38;2;118;60;45m▄[48;2;125;67;49m[38;2;121;61;46m▄[48;2;127;66;48m[38;2;124;63;46m▄[48;2;129;67;49m[38;2;125;62;44m▄[48;2;135;73;54m[38;2;125;59;42m▄[48;2;138;77;58m[38;2;122;55;38m▄[48;2;141;77;58m[38;2;123;56;38m▄[48;2;135;67;50m[38;2;117;50;31m▄[48;2;145;82;63m[38;2;130;69;50m▄[48;2;135;79;62m[38;2;126;71;54m▄[48;2;86;39;27m[38;2;84;37;25m▄[48;2;94;52;41m[38;2;81;37;28m▄[48;2;80;35;23m[38;2;70;22;13m▄[48;2;102;50;35m[38;2;105;49;35m▄[48;2;117;56;38m[38;2;127;63;46m▄[48;2;124;57;38m[38;2;127;60;41m▄[48;2;138;70;51m[38;2;128;59;41m▄[48;2;145;74;54m[38;2;131;61;43m▄[48;2;149;76;56m[38;2;133;62;44m▄[48;2;147;72;51m[38;2;135;63;44m▄[48;2;143;67;46m[38;2;131;58;38m▄[48;2;145;69;46m[38;2;130;58;37m▄[48;2;142;66;44m[38;2;128;54;35m▄[48;2;138;60;41m[38;2;126;52;38m▄[48;2;131;57;38m[38;2;117;50;35m▄[48;2;123;53;36m[38;2;109;47;33m▄[48;2;117;50;34m[38;2;105;44;31m▄[48;2;104;37;22m[38;2;103;39;29m▄[48;2;113;48;32m[38;2;105;43;31m▄[48;2;125;58;41m[38;2;106;48;34m▄[48;2;102;41;25m[38;2;82;32;19m▄[48;2;90;43;30m[38;2;71;35;26m▄[48;2;73;37;28m[38;2;51;22;17m▄[48;2;55;28;24m[38;2;46;25;23m▄[48;2;49;27;24m[38;2;43;25;24m▄[48;2;44;25;21m[38;2;41;23;21m▄[48;2;41;23;21m[38;2;40;23;23m▄[48;2;40;24;24m[38;2;38;24;25m▄[48;2;30;21;22m[38;2;27;20;22m▄[48;2;15;14;16m[38;2;14;12;15m▄[48;2;12;12;14m[38;2;12;12;15m▄[48;2;14;17;21m[38;2;13;15;19m▄[48;2;6;12;13m[38;2;9;11;14m▄[48;2;14;19;18m[38;2;24;27;27m▄[48;2;41;42;40m[38;2;39;41;38m▄[48;2;41;41;35m[38;2;33;33;28m▄[48;2;26;28;24m[38;2;22;24;21m▄[48;2;16;22;22m[38;2;16;21;22m▄[48;2;17;21;21m[38;2;18;22;22m▄[48;2;24;27;26m[38;2;27;31;28m▄[48;2;29;31;28m[38;2;32;35;29m▄[48;2;36;37;31m[38;2;37;39;32m▄[48;2;43;44;36m[38;2;42;43;34m▄[48;2;43;45;34m[38;2;40;42;30m▄[48;2;38;39;28m[38;2;39;41;29m▄[48;2;33;34;21m[38;2;28;31;17m▄[48;2;104;97;80m[38;2;95;88;71m▄[48;2;120;98;83m[38;2;135;114;99m▄[48;2;99;77;64m[38;2;97;75;62m▄[48;2;65;50;39m[38;2;71;54;43m▄[48;2;94;77;70m[38;2;101;81;73m▄[48;2;80;65;58m[38;2;83;63;56m▄[48;2;88;70;57m[38;2;92;76;63m▄[48;2;140;113;96m[38;2;143;121;103m▄[48;2;89;67;51m[38;2;90;61;46m▄[48;2;76;62;52m[38;2;90;65;54m▄[48;2;74;61;54m[38;2;99;78;66m▄[48;2;67;44;32m[38;2;53;32;14m▄[48;2;86;55;39m[38;2;51;31;17m▄[48;2;89;63;51m[38;2;42;30;31m▄[48;2;55;43;38m[38;2;28;26;31m▄[48;2;18;15;14m[38;2;18;17;17m▄[48;2;57;53;53m[38;2;57;52;51m▄[48;2;43;40;40m[38;2;49;44;43m▄[48;2;21;23;21m[38;2;26;27;25m▄[48;2;31;37;33m[38;2;27;32;31m▄[48;2;34;36;32m[38;2;26;25;22m▄[48;2;29;26;21m[38;2;35;27;21m▄[48;2;40;27;20m[38;2;115;90;83m▄[48;2;64;47;34m[38;2;146;110;102m▄[0m
[48;2;230;210;184m[38;2;224;204;177m▄[48;2;236;220;197m[38;2;223;204;182m▄[48;2;243;231;210m[38;2;244;229;209m▄[48;2;243;232;214m[38;2;248;233;217m▄[48;2;238;225;210m[38;2;246;232;216m▄[48;2;213;198;185m[38;2;248;232;218m▄[48;2;166;150;139m[38;2;243;228;215m▄[48;2;126;115;106m[38;2;221;208;195m▄[48;2;125;114;105m[38;2;185;170;157m▄[48;2;115;109;100m[38;2;142;130;118m▄[48;2;104;100;97m[38;2;106;96;88m▄[48;2;107;103;103m[38;2;94;85;81m▄[48;2;104;107;103m[38;2;88;88;81m▄[48;2;108;104;97m[38;2;99;93;83m▄[48;2;106;77;69m[38;2;110;81;72m▄[48;2;96;53;35m[38;2;100;59;41m▄[48;2;118;73;52m[38;2;117;74;54m▄[48;2;101;56;35m[38;2;91;46;24m▄[48;2;115;65;43m[38;2;129;78;56m▄[48;2;167;117;96m[38;2;151;99;78m▄[48;2;97;57;40m[38;2;84;44;26m▄[48;2;55;35;25m[38;2;73;54;44m▄[48;2;103;100;96m[38;2;112;108;104m▄[48;2;96;101;104m[38;2;101;103;107m▄[48;2;88;93;96m[38;2;94;97;100m▄[48;2;90;94;97m[38;2;95;98;100m▄[48;2;90;93;93m[38;2;94;97;97m▄[48;2;86;88;87m[38;2;91;93;93m▄[48;2;88;90;88m[38;2;95;96;96m▄[48;2;101;101;98m[38;2;104;104;104m▄[48;2;102;102;101m[38;2;99;99;99m▄[48;2;104;102;104m[38;2;95;92;91m▄[48;2;115;107;105m[38;2;117;105;98m▄[48;2;151;137;130m[38;2;199;178;164m▄[48;2;137;121;111m[38;2;228;204;188m▄[48;2;121;108;100m[38;2;155;136;122m▄[48;2;143;132;126m[38;2;132;117;106m▄[48;2;115;105;101m[38;2;128;114;104m▄[48;2;92;85;81m[38;2;110;96;87m▄[48;2;98;94;91m[38;2;103;93;84m▄[48;2;96;93;90m[38;2;96;85;78m▄[48;2;107;102;97m[38;2;103;93;84m▄[48;2;135;132;121m[38;2;133;127;110m▄[48;2;99;98;79m[38;2;81;77;55m▄[48;2;60;62;40m[38;2;65;65;43m▄[48;2;63;65;47m[38;2;61;64;47m▄[48;2;60;62;47m[38;2;62;65;50m▄[48;2;59;60;45m[38;2;63;64;47m▄[48;2;65;66;50m[38;2;65;65;48m▄[48;2;59;60;44m[38;2;55;56;39m▄[48;2;53;54;38m[38;2;50;52;36m▄[48;2;47;48;34m[38;2;48;49;35m▄[48;2;48;48;36m[38;2;48;49;36m▄[48;2;49;49;38m[38;2;45;46;33m▄[48;2;47;47;38m[38;2;41;41;29m▄[48;2;28;30;26m[38;2;37;38;32m▄[48;2;16;21;23m[38;2;22;26;27m▄[48;2;16;20;23m[38;2;18;21;22m▄[48;2;34;35;35m[38;2;21;24;23m▄[48;2;26;28;29m[38;2;24;29;30m▄[48;2;19;13;14m[38;2;17;16;19m▄[48;2;68;42;36m[38;2;33;14;12m▄[48;2;113;63;48m[38;2;97;54;42m▄[48;2;124;61;43m[38;2;111;50;34m▄[48;2;136;74;54m[38;2;112;51;32m▄[48;2;138;77;55m[38;2;108;47;27m▄[48;2;126;66;45m[38;2;113;51;32m▄[48;2;114;56;39m[38;2;118;59;43m▄[48;2;96;49;36m[38;2;93;42;31m▄[48;2;64;28;19m[38;2;71;32;25m▄[48;2;58;31;21m[38;2;58;30;21m▄[48;2;69;41;29m[38;2;59;34;24m▄[48;2;77;39;29m[38;2;68;35;26m▄[48;2;93;46;36m[38;2;82;40;31m▄[48;2;105;54;42m[38;2;92;47;37m▄[48;2;102;52;38m[38;2;93;49;36m▄[48;2;101;51;36m[38;2;88;46;32m▄[48;2;102;51;36m[38;2;88;45;31m▄[48;2;106;54;40m[38;2;92;45;33m▄[48;2;107;53;39m[38;2;96;46;35m▄[48;2;108;54;40m[38;2;96;47;35m▄[48;2;110;54;39m[38;2;98;48;35m▄[48;2;113;56;40m[38;2;99;47;33m▄[48;2;116;56;40m[38;2;101;45;30m▄[48;2;115;51;35m[38;2;108;47;32m▄[48;2;118;51;34m[38;2;120;57;42m▄[48;2;120;53;35m[38;2;130;64;48m▄[48;2;117;53;33m[38;2;127;60;41m▄[48;2;124;66;44m[38;2;142;81;61m▄[48;2;112;61;42m[38;2;129;78;60m▄[48;2;74;28;19m[38;2;72;28;23m▄[48;2;77;33;25m[38;2;84;42;34m▄[48;2;80;30;22m[38;2;93;45;38m▄[48;2;109;48;38m[38;2;114;55;45m▄[48;2;123;56;42m[38;2;120;55;42m▄[48;2;121;54;38m[38;2;117;53;38m▄[48;2;120;54;37m[38;2;115;52;38m▄[48;2;115;49;32m[38;2;107;47;32m▄[48;2;123;57;41m[38;2;108;47;33m▄[48;2;121;55;38m[38;2;106;45;32m▄[48;2;121;54;37m[38;2;104;43;30m▄[48;2;120;52;35m[38;2;108;45;33m▄[48;2;120;51;36m[38;2;107;46;35m▄[48;2;112;47;35m[38;2;93;38;28m▄[48;2;101;44;32m[38;2;84;38;26m▄[48;2;94;41;30m[38;2;78;36;26m▄[48;2;90;36;26m[38;2;77;29;22m▄[48;2;95;36;28m[38;2;84;31;27m▄[48;2;96;40;31m[38;2;90;39;34m▄[48;2;93;44;31m[38;2;77;35;25m▄[48;2;72;33;22m[38;2;61;29;20m▄[48;2;59;30;24m[38;2;49;26;22m▄[48;2;43;21;18m[38;2;39;21;19m▄[48;2;39;22;22m[38;2;37;23;23m▄[48;2;38;24;22m[38;2;34;22;20m▄[48;2;38;23;20m[38;2;36;24;19m▄[48;2;34;20;19m[38;2;33;23;18m▄[48;2;35;23;25m[38;2;31;22;22m▄[48;2;27;21;25m[38;2;23;20;23m▄[48;2;10;10;15m[38;2;9;10;15m▄[48;2;11;12;16m[38;2;11;12;17m▄[48;2;14;15;18m[38;2;13;14;17m▄[38;2;19;20;21m▄[48;2;29;30;30m[38;2;29;30;30m▄[48;2;34;36;34m[38;2;29;31;30m▄[48;2;25;26;22m[38;2;22;24;21m▄[48;2;19;23;21m[38;2;17;21;20m▄[48;2;18;23;24m[38;2;19;24;26m▄[48;2;25;29;28m[38;2;24;28;27m▄[48;2;29;33;29m[38;2;29;33;27m▄[48;2;31;35;27m[38;2;32;35;26m▄[48;2;40;42;34m[38;2;39;42;31m▄[48;2;43;45;34m[38;2;48;50;39m▄[48;2;40;42;31m[38;2;44;46;35m▄[48;2;38;41;30m[38;2;38;40;30m▄[48;2;28;31;17m[38;2;29;32;20m▄[48;2;81;76;59m[38;2;59;54;38m▄[48;2;137;116;101m[38;2;141;120;105m▄[48;2;90;68;54m[38;2;99;76;62m▄[48;2;71;54;41m[38;2;74;57;44m▄[48;2;106;84;77m[38;2;109;88;78m▄[48;2;80;59;51m[38;2;81;61;50m▄[48;2;81;65;51m[38;2;77;58;45m▄[48;2;139;118;101m[38;2;133;109;93m▄[48;2;95;68;49m[38;2;90;69;50m▄[48;2;102;72;52m[38;2;91;66;46m▄[48;2;137;101;78m[38;2;141;102;78m▄[48;2;151;109;81m[38;2;211;156;125m▄[48;2;144;107;84m[38;2;195;144;115m▄[48;2;60;43;39m[38;2;86;59;44m▄[48;2;30;29;33m[38;2;34;29;25m▄[48;2;24;23;24m[38;2;30;27;25m▄[48;2;57;48;46m[38;2;61;49;43m▄[48;2;49;40;36m[38;2;55;41;33m▄[48;2;36;35;32m[38;2;36;31;27m▄[48;2;42;46;45m[38;2;36;38;37m▄[48;2;19;17;14m[38;2;29;26;23m▄[48;2;82;69;61m[38;2;49;32;23m▄[48;2;128;99;89m[38;2;73;46;33m▄[48;2;95;60;49m[38;2;69;42;29m▄[0m
[48;2;225;209;184m[38;2;228;209;186m▄[48;2;218;201;181m[38;2;230;212;188m▄[48;2;227;210;193m[38;2;222;205;181m▄[48;2;251;235;222m[38;2;232;217;196m▄[48;2;250;237;224m[38;2;253;240;223m▄[48;2;241;229;216m[38;2;246;235;223m▄[48;2;240;229;215m[38;2;239;227;218m▄[48;2;247;232;216m[38;2;239;223;209m▄[48;2;245;226;211m[38;2;238;221;205m▄[48;2;234;218;202m[38;2;237;222;205m▄[48;2;205;190;179m[38;2;242;229;213m▄[48;2;170;157;149m[38;2;242;228;214m▄[48;2;136;132;123m[38;2;238;225;210m▄[48;2;116;108;98m[38;2;232;216;202m▄[48;2;111;81;71m[38;2;186;157;142m▄[48;2;105;66;48m[38;2;111;67;44m▄[48;2;111;69;48m[38;2;106;63;40m▄[48;2;87;41;20m[38;2;87;43;24m▄[48;2;136;84;62m[38;2;133;87;66m▄[48;2;127;74;53m[38;2;99;53;33m▄[48;2;83;42;25m[38;2;87;50;33m▄[48;2;79;60;49m[38;2;76;56;45m▄[48;2;115;111;107m[38;2;118;113;109m▄[48;2;106;106;108m[38;2;108;109;111m▄[48;2;100;100;103m[38;2;105;107;111m▄[48;2;101;101;103m[38;2;102;105;108m▄[48;2;100;100;103m[38;2;99;102;104m▄[48;2;100;100;101m[38;2;101;104;104m▄[48;2;98;98;98m[38;2;99;102;99m▄[48;2;105;105;106m[38;2;101;102;98m▄[48;2;103;102;101m[38;2;100;98;92m▄[48;2;91;84;78m[38;2;107;92;79m▄[48;2;130;111;97m[38;2;160;136;118m▄[48;2;180;151;129m[38;2;174;143;119m▄[48;2;214;183;158m[38;2;160;126;100m▄[48;2;238;212;190m[38;2;208;175;152m▄[48;2;212;191;174m[38;2;247;221;202m▄[48;2;199;180;164m[38;2;234;214;197m▄[48;2;195;175;160m[38;2;223;204;187m▄[48;2;186;167;152m[38;2;222;201;183m▄[48;2;169;151;136m[38;2;221;201;182m▄[48;2;169;152;135m[38;2;221;205;184m▄[48;2;146;132;111m[38;2;137;127;103m▄[48;2;72;64;38m[38;2;67;61;37m▄[48;2;71;67;42m[38;2;70;66;45m▄[48;2;61;60;41m[38;2;60;59;42m▄[48;2;64;66;49m[38;2;56;56;41m▄[48;2;63;65;45m[38;2;53;55;38m▄[48;2;57;59;39m[38;2;52;54;37m▄[48;2;57;58;41m[38;2;54;55;40m▄[48;2;54;55;38m[38;2;52;53;38m▄[48;2;58;59;44m[38;2;55;55;39m▄[48;2;51;52;37m[38;2;56;55;40m▄[48;2;47;48;34m[38;2;51;50;34m▄[48;2;43;43;31m[38;2;43;42;28m▄[48;2;40;40;32m[38;2;35;37;28m▄[48;2;27;30;29m[38;2;29;29;27m▄[48;2;20;24;24m[38;2;22;23;25m▄[48;2;16;20;19m[38;2;10;17;18m▄[48;2;16;24;25m[38;2;7;19;20m▄[48;2;15;19;23m[38;2;14;19;20m▄[48;2;17;4;4m[38;2;20;8;8m▄[48;2;80;42;33m[38;2;78;41;37m▄[48;2;112;52;37m[38;2;111;51;39m▄[48;2;114;54;36m[38;2;111;48;31m▄[48;2;127;66;47m[38;2;120;58;39m▄[48;2;117;54;36m[38;2;111;52;33m▄[48;2;108;46;32m[38;2;103;45;31m▄[48;2;97;43;33m[38;2;98;43;35m▄[48;2;79;35;29m[38;2;79;37;27m▄[48;2;63;31;25m[38;2;68;37;28m▄[48;2;56;31;25m[38;2;61;33;27m▄[48;2;66;33;28m[38;2;60;29;25m▄[48;2;77;37;31m[38;2;67;34;28m▄[48;2;84;41;33m[38;2;72;38;31m▄[48;2;84;43;32m[38;2;71;36;27m▄[48;2;80;41;29m[38;2;72;37;28m▄[48;2;82;43;31m[38;2;76;41;30m▄[48;2;86;45;34m[38;2;77;41;29m▄[48;2;87;43;33m[38;2;79;37;29m▄[48;2;88;44;34m[38;2;81;40;30m▄[48;2;89;45;33m[38;2;83;40;30m▄[48;2;90;44;30m[38;2;86;41;30m▄[48;2;95;44;30m[38;2;92;44;32m▄[48;2;111;54;40m[38;2;98;47;35m▄[48;2;121;60;47m[38;2;104;50;38m▄[48;2;127;61;46m[38;2;109;49;36m▄[48;2;142;68;51m[38;2;122;52;37m▄[48;2;163;95;77m[38;2;146;78;62m▄[48;2;141;86;69m[38;2;131;72;57m▄[48;2;74;31;24m[38;2;75;28;20m▄[48;2;87;47;38m[38;2;84;47;40m▄[48;2;82;39;30m[38;2;65;30;23m▄[48;2;93;42;31m[38;2;68;27;19m▄[48;2;104;46;32m[38;2;89;43;33m▄[48;2;105;45;31m[38;2;88;39;28m▄[48;2;106;47;34m[38;2;90;39;29m▄[48;2;96;41;26m[38;2;87;33;23m▄[48;2;96;41;29m[38;2;90;35;23m▄[48;2;97;43;31m[38;2;95;39;29m▄[48;2;97;42;31m[38;2;95;41;31m▄[48;2;97;40;31m[38;2;92;39;28m▄[48;2;93;37;29m[38;2;85;35;26m▄[48;2;80;34;23m[38;2;74;33;24m▄[48;2;73;35;23m[38;2;65;30;23m▄[48;2;69;34;24m[38;2;61;29;23m▄[48;2;71;29;23m[38;2;63;27;23m▄[48;2;80;31;29m[38;2;70;31;27m▄[48;2;83;35;32m[38;2;71;34;30m▄[48;2;67;29;21m[38;2;59;27;23m▄[48;2;55;27;19m[38;2;51;27;25m▄[48;2;45;23;21m[38;2;37;20;19m▄[48;2;36;19;19m[38;2;34;19;19m▄[48;2;32;21;20m[38;2;32;20;19m▄[48;2;32;22;18m[38;2;34;22;20m▄[48;2;34;22;16m[38;2;34;23;19m▄[48;2;34;24;19m[38;2;28;20;18m▄[48;2;28;21;18m[38;2;24;19;18m▄[48;2;21;19;21m[38;2;18;17;20m▄[48;2;9;9;16m[38;2;9;12;16m▄[48;2;12;13;18m[38;2;9;12;15m▄[48;2;14;15;18m[38;2;12;14;17m▄[48;2;21;21;22m[38;2;21;23;25m▄[48;2;26;27;27m[38;2;22;23;24m▄[48;2;24;26;24m[38;2;22;24;22m▄[48;2;21;23;20m[38;2;23;25;21m▄[48;2;21;24;24m[38;2;21;25;23m▄[48;2;20;25;27m[38;2;21;27;26m▄[48;2;24;28;27m[38;2;24;29;26m▄[48;2;27;31;25m[38;2;29;33;26m▄[48;2;34;37;28m[38;2;36;39;29m▄[48;2;40;42;31m[38;2;40;43;32m▄[48;2;47;49;38m[38;2;46;48;37m▄[38;2;46;46;36m▄[48;2;43;46;36m[38;2;42;44;34m▄[48;2;38;41;29m[38;2;36;38;27m▄[48;2;44;40;23m[38;2;38;35;21m▄[48;2;128;108;91m[38;2;108;95;79m▄[48;2;103;83;68m[38;2;108;91;77m▄[48;2;66;52;38m[38;2;66;48;35m▄[48;2;104;86;74m[38;2;99;81;68m▄[48;2;79;62;50m[38;2;77;64;51m▄[48;2;77;59;41m[38;2;76;59;43m▄[48;2;134;109;88m[38;2;126;104;86m▄[48;2;100;81;67m[38;2;93;77;62m▄[48;2;83;65;58m[38;2;74;64;55m▄[48;2;83;59;48m[38;2;59;49;44m▄[48;2;137;100;78m[38;2;54;38;33m▄[48;2;148;110;85m[38;2;54;37;29m▄[48;2;76;53;41m[38;2;49;36;29m▄[48;2;36;29;28m[38;2;51;42;36m▄[48;2;41;34;30m[38;2;58;42;35m▄[48;2;62;45;37m[38;2;69;43;35m▄[48;2;69;51;42m[38;2;85;58;47m▄[48;2;53;46;41m[38;2;95;74;63m▄[48;2;25;26;26m[38;2;58;43;32m▄[48;2;37;32;30m[38;2;58;38;27m▄[48;2;67;48;39m[38;2;100;69;58m▄[48;2;102;71;58m[38;2;117;75;64m▄[48;2;96;64;54m[38;2;101;63;54m▄[0m
[48;2;238;213;191m[38;2;194;167;142m▄[48;2;230;206;179m[38;2;168;140;116m▄[48;2;203;181;152m[38;2;147;117;94m▄[48;2;164;143;116m[38;2;128;99;76m▄[48;2;193;174;153m[38;2;159;130;107m▄[48;2;237;218;202m[38;2;193;163;140m▄[48;2;249;231;218m[38;2;213;184;163m▄[48;2;247;233;217m[38;2;224;207;187m▄[48;2;245;233;216m[38;2;238;223;204m▄[48;2;240;228;211m[38;2;243;229;210m▄[48;2;237;226;207m[38;2;246;233;213m▄[48;2;235;224;205m[38;2;247;235;215m▄[48;2;235;220;202m[38;2;249;235;216m▄[48;2;249;231;214m[38;2;250;235;217m▄[48;2;229;204;186m[38;2;245;225;207m▄[48;2;118;73;47m[38;2;134;93;71m▄[48;2;93;48;26m[38;2;81;37;17m▄[48;2;87;44;27m[38;2;94;51;34m▄[48;2;128;85;68m[38;2;114;70;53m▄[48;2;92;50;32m[38;2;105;63;45m▄[48;2;82;48;34m[38;2;61;27;15m▄[48;2;81;61;55m[38;2;114;92;89m▄[48;2;139;129;125m[38;2;229;213;207m▄[48;2;108;102;101m[38;2;192;176;167m▄[38;2;181;166;156m▄[48;2;102;98;96m[38;2;166;152;143m▄[48;2;99;96;93m[38;2;161;147;137m▄[48;2;107;102;97m[38;2;168;151;141m▄[48;2;106;101;92m[38;2;174;155;142m▄[48;2;107;100;88m[38;2;185;166;151m▄[48;2;136;126;111m[38;2;206;186;170m▄[48;2;176;156;137m[38;2;230;208;188m▄[48;2;190;164;145m[38;2;232;208;188m▄[48;2;167;137;116m[38;2;218;193;173m▄[48;2;146;112;91m[38;2;171;143;125m▄[48;2;161;127;107m[38;2;148;120;102m▄[48;2;204;175;157m[38;2;149;122;105m▄[48;2;234;212;196m[38;2;190;163;147m▄[48;2;235;216;201m[38;2;229;205;188m▄[48;2;231;210;191m[38;2;241;218;199m▄[48;2;220;202;182m[38;2;240;221;200m▄[48;2;214;201;178m[38;2;197;184;160m▄[48;2;109;101;78m[38;2;90;81;57m▄[48;2;66;61;40m[38;2;79;76;52m▄[48;2;70;68;49m[38;2;74;72;50m▄[48;2;63;62;46m[38;2;66;65;46m▄[48;2;57;58;43m[38;2;62;62;45m▄[48;2;53;56;42m[38;2;57;58;43m▄[48;2;46;49;35m[38;2;56;58;43m▄[48;2;55;55;43m[38;2;53;54;41m▄[48;2;49;49;37m[38;2;46;46;35m▄[48;2;51;51;38m[38;2;42;42;32m▄[48;2;43;42;29m[38;2;35;36;27m▄[48;2;46;45;32m[38;2;38;39;31m▄[48;2;48;48;37m[38;2;41;42;34m▄[48;2;35;38;30m[38;2;32;35;27m▄[48;2;32;30;28m[38;2;30;30;27m▄[48;2;27;26;27m[38;2;29;29;30m▄[48;2;14;21;24m[38;2;18;25;27m▄[48;2;8;21;21m[38;2;8;19;20m▄[48;2;12;16;15m[38;2;10;15;14m▄[48;2;24;11;11m[38;2;22;12;12m▄[48;2;86;52;51m[38;2;78;51;50m▄[48;2;109;52;42m[38;2;99;52;43m▄[48;2;110;47;32m[38;2;105;49;36m▄[48;2;106;45;27m[38;2;102;46;30m▄[48;2;99;44;26m[38;2;94;42;25m▄[48;2;98;44;31m[38;2;93;39;28m▄[48;2;94;39;32m[38;2;91;34;28m▄[48;2;81;38;27m[38;2;86;38;29m▄[48;2;66;34;21m[38;2;74;35;24m▄[48;2;61;30;22m[38;2;68;32;23m▄[48;2;62;32;25m[38;2;68;35;27m▄[48;2;65;37;31m[38;2;68;36;29m▄[48;2;62;34;28m[38;2;59;29;23m▄[48;2;62;33;26m[38;2;58;29;23m▄[48;2;65;35;26m[38;2;61;31;24m▄[48;2;67;36;25m[38;2;61;30;21m▄[48;2;68;35;25m[38;2;63;34;24m▄[48;2;72;36;28m[38;2;60;33;23m▄[48;2;75;38;28m[38;2;63;34;24m▄[48;2;73;35;25m[38;2;65;34;23m▄[48;2;82;40;30m[38;2;70;35;25m▄[48;2;84;40;30m[38;2;74;35;25m▄[48;2;84;38;28m[38;2;78;36;24m▄[48;2;88;41;29m[38;2;80;35;24m▄[48;2;92;41;29m[38;2;80;33;22m▄[48;2;98;42;27m[38;2;84;36;23m▄[48;2;118;60;44m[38;2;91;41;29m▄[48;2;105;51;38m[38;2;87;40;29m▄[48;2;64;21;15m[38;2;57;21;14m▄[48;2;63;32;25m[38;2;54;28;21m▄[48;2;49;22;16m[38;2;45;20;14m▄[48;2;62;29;23m[38;2;53;22;16m▄[48;2;76;36;29m[38;2;71;30;22m▄[48;2;77;33;25m[38;2;81;32;22m▄[48;2;80;32;23m[38;2;86;36;26m▄[48;2;88;35;25m[38;2;92;39;29m▄[48;2;91;36;24m[38;2;95;43;31m▄[48;2;94;38;27m[38;2;93;41;31m▄[48;2;91;39;27m[38;2;87;39;27m▄[48;2;86;36;24m[38;2;81;36;25m▄[48;2;79;34;24m[38;2;76;35;25m▄[48;2;71;33;25m[38;2;67;33;24m▄[48;2;62;28;23m[38;2;59;28;22m▄[48;2;56;27;23m[38;2;53;25;21m▄[48;2;55;26;22m[38;2;54;26;21m▄[48;2;62;32;26m[38;2;60;31;25m▄[48;2;61;31;27m[38;2;54;27;21m▄[48;2;55;28;26m[38;2;51;28;25m▄[48;2;46;26;26m[38;2;38;20;20m▄[48;2;32;19;18m[38;2;32;19;19m▄[48;2;34;20;19m[38;2;33;20;19m▄▄[48;2;33;21;20m[38;2;31;20;18m▄[48;2;32;22;20m[38;2;29;21;18m▄[48;2;27;21;20m[38;2;27;22;21m▄[48;2;22;19;19m[38;2;21;18;18m▄[48;2;14;14;16m[38;2;11;12;13m▄[48;2;7;11;13m[38;2;5;9;12m▄[48;2;7;11;14m[38;2;9;13;16m▄[48;2;13;17;20m[38;2;16;20;23m▄[48;2;21;24;26m[38;2;20;22;24m▄[48;2;22;23;24m[38;2;21;22;23m▄[48;2;23;25;23m[38;2;23;25;24m▄[48;2;23;25;22m[38;2;25;27;24m▄[48;2;24;28;24m[38;2;26;29;26m▄[48;2;26;31;29m[38;2;28;33;30m▄[48;2;24;29;24m[38;2;26;31;26m▄[48;2;29;34;26m[38;2;31;35;26m▄[48;2;39;42;32m[38;2;44;46;35m▄[48;2;44;46;35m[38;2;50;52;38m▄[48;2;45;46;34m[38;2;45;47;33m▄[48;2;44;43;33m[38;2;40;41;27m▄[48;2;43;44;33m[38;2;42;43;31m▄[48;2;40;41;30m[38;2;37;38;27m▄[48;2;33;32;19m[38;2;28;26;14m▄[48;2;99;93;78m[38;2;75;70;56m▄[48;2;112;98;83m[38;2;111;98;84m▄[48;2;64;44;31m[38;2;67;50;38m▄[48;2;98;79;68m[38;2;106;92;82m▄[48;2;78;67;56m[38;2;104;96;87m▄[48;2;80;66;56m[38;2;94;88;80m▄[48;2;125;107;95m[38;2;97;87;79m▄[48;2;87;74;60m[38;2;94;79;69m▄[48;2;72;62;50m[38;2;86;70;60m▄[48;2;64;56;50m[38;2;59;46;40m▄[48;2;52;43;44m[38;2;49;43;40m▄[48;2;46;37;38m[38;2;40;35;33m▄[48;2;44;36;31m[38;2;52;44;42m▄[48;2;56;43;37m[38;2;60;48;47m▄[48;2;71;53;46m[38;2;42;28;27m▄[48;2;85;61;54m[38;2;35;21;17m▄[48;2;85;58;49m[38;2;37;22;16m▄[48;2;89;63;50m[38;2;58;40;32m▄[48;2;83;59;44m[38;2;76;55;47m▄[48;2;85;58;44m[38;2;81;59;51m▄[48;2;105;71;61m[38;2;77;54;48m▄[48;2;105;69;57m[38;2;77;56;44m▄[48;2;91;60;48m[38;2;69;52;38m▄[0m
[48;2;154;127;107m[38;2;171;149;135m▄[48;2;158;128;111m[38;2;157;134;123m▄[48;2;147;117;100m[38;2;102;78;68m▄[48;2;138;106;87m[38;2;125;98;86m▄[48;2;177;143;123m[38;2;163;133;118m▄[48;2;192;156;132m[38;2;197;164;144m▄[48;2;182;147;121m[38;2;193;160;137m▄[48;2;174;150;126m[38;2;189;157;133m▄[48;2;180;158;135m[38;2;200;169;145m▄[48;2;198;176;152m[38;2;201;170;147m▄[48;2;197;177;154m[38;2;193;162;140m▄[48;2;205;185;162m[38;2;187;157;134m▄[48;2;211;190;168m[38;2;190;159;138m▄[48;2;217;196;175m[38;2;187;157;136m▄[48;2;228;205;184m[38;2;202;171;149m▄[48;2;134;97;75m[38;2;139;103;79m▄[48;2;74;33;12m[38;2;87;46;21m▄[48;2;116;71;51m[38;2;131;85;60m▄[48;2;110;66;46m[38;2;111;66;42m▄[48;2;109;67;47m[38;2;116;75;53m▄[48;2;59;24;10m[38;2;56;24;4m▄[48;2;130;104;96m[38;2;144;119;101m▄[48;2;247;229;217m[38;2;251;232;214m▄[48;2;228;213;200m[38;2;234;220;203m▄[48;2;232;218;205m[38;2;236;222;205m▄[48;2;229;215;202m[38;2;238;222;204m▄[48;2;226;210;197m[38;2;242;224;207m▄[48;2;227;210;197m[38;2;244;224;207m▄[48;2;231;212;199m[38;2;241;220;203m▄[48;2;241;220;207m[38;2;228;206;190m▄[48;2;245;223;207m[38;2;211;187;170m▄[48;2;226;202;180m[38;2;166;140;118m▄[48;2;183;158;138m[38;2;136;112;93m▄[48;2;233;210;192m[38;2;218;197;180m▄[48;2;235;212;197m[38;2;244;225;211m▄[48;2;193;170;155m[38;2;243;224;210m▄[48;2;170;145;129m[38;2;232;210;194m▄[48;2;154;126;109m[38;2;204;176;159m▄[48;2;170;142;124m[38;2;164;135;117m▄[48;2;211;188;167m[38;2;195;173;151m▄[48;2;242;222;200m[38;2;212;194;173m▄[48;2;164;151;128m[38;2;130;119;97m▄[48;2;89;81;58m[38;2;92;88;65m▄[48;2;85;82;59m[38;2;79;78;56m▄[48;2;76;75;53m[38;2;66;66;47m▄[48;2;71;70;50m[38;2;63;62;45m▄[48;2;69;68;47m[38;2;67;67;48m▄[48;2;64;63;45m[38;2;71;70;50m▄[48;2;65;65;47m[38;2;72;72;53m▄[48;2;57;57;42m[38;2;63;64;46m▄[48;2;50;51;38m[38;2;56;57;42m▄[48;2;43;44;34m[38;2;49;51;37m▄[48;2;31;33;25m[38;2;38;42;30m▄[48;2;33;35;28m[38;2;35;39;28m▄[48;2;34;36;30m[38;2;32;35;27m▄[48;2;27;29;23m[38;2;28;29;23m▄[48;2;26;27;23m[38;2;27;29;25m▄[48;2;26;29;29m[38;2;25;28;27m▄[48;2;20;27;29m[38;2;17;23;24m▄[48;2;15;25;25m[38;2;15;22;24m▄[48;2;11;15;15m[38;2;17;20;23m▄[48;2;14;8;10m[38;2;12;9;12m▄[48;2;58;39;39m[38;2;32;21;21m▄[48;2;76;41;33m[38;2;54;27;21m▄[48;2;91;43;33m[38;2;76;33;25m▄[48;2;96;44;31m[38;2;90;41;31m▄[48;2;89;40;25m[38;2;80;36;24m▄[48;2;89;38;28m[38;2;80;36;27m▄[48;2;88;33;27m[38;2;80;32;26m▄[48;2;84;34;26m[38;2;77;30;23m▄[48;2;83;41;30m[38;2;80;38;28m▄[48;2;77;37;28m[38;2;82;41;31m▄[48;2;69;32;24m[38;2;70;32;24m▄[48;2;65;31;25m[38;2;63;31;24m▄[48;2;59;28;23m[38;2;58;30;23m▄[48;2;57;28;23m[38;2;52;25;20m▄[48;2;58;29;24m[38;2;56;28;23m▄[48;2;62;32;26m[38;2;60;30;26m▄[48;2;58;30;22m[38;2;60;31;26m▄[48;2;54;30;21m[38;2;55;28;20m▄[48;2;57;31;22m[38;2;55;25;18m▄[48;2;60;30;21m[38;2;60;26;19m▄[48;2;65;31;22m[38;2;70;31;23m▄[48;2;72;33;23m[38;2;75;30;23m▄[48;2;80;37;26m[38;2;82;33;24m▄[48;2;85;37;28m[38;2;91;39;30m▄[48;2;83;36;26m[38;2;95;42;31m▄[48;2;78;33;20m[38;2;96;44;29m▄[48;2;81;33;20m[38;2;111;56;40m▄[48;2;85;38;26m[38;2;122;69;55m▄[48;2;70;32;23m[38;2;88;43;32m▄[48;2;62;33;26m[38;2;80;42;34m▄[48;2;47;18;12m[38;2;82;44;36m▄[48;2;66;30;24m[38;2;92;48;39m▄[48;2;86;41;32m[38;2;98;49;38m▄[48;2;93;41;30m[38;2;96;45;34m▄[48;2;91;40;29m[38;2;92;43;32m▄[48;2;89;40;29m[38;2;82;37;27m▄[48;2;87;39;27m[38;2;72;30;20m▄[48;2;82;36;26m[38;2;68;29;20m▄[48;2;76;33;23m[38;2;66;29;21m▄[48;2;74;35;25m[38;2;66;31;23m▄[48;2;73;37;27m[38;2;66;32;23m▄[48;2;63;32;23m[38;2;60;30;22m▄[48;2;55;27;21m[38;2;53;27;21m▄[48;2;50;24;21m[38;2;49;25;22m▄[48;2;53;27;22m[38;2;53;28;24m▄[48;2;56;28;23m[38;2;55;30;25m▄[48;2;48;25;19m[38;2;46;25;19m▄[48;2;45;27;25m[38;2;40;26;22m▄[48;2;31;17;16m[38;2;29;19;18m▄[48;2;31;19;19m[38;2;30;20;19m▄[48;2;31;20;19m▄[48;2;32;20;18m[38;2;30;20;18m▄[48;2;29;19;17m[38;2;29;20;18m▄[48;2;27;19;18m[38;2;24;18;17m▄[48;2;27;22;23m[38;2;22;19;19m▄[48;2;18;16;17m[38;2;16;15;16m▄[48;2;11;12;14m[38;2;22;24;26m▄[48;2;7;11;14m[38;2;10;14;17m▄[48;2;11;15;18m▄[48;2;16;20;23m[38;2;14;18;21m▄[48;2;16;19;21m[38;2;16;19;21m▄[48;2;20;22;22m[38;2;20;22;22m▄[48;2;23;25;24m[38;2;25;27;25m▄[48;2;27;29;26m[38;2;26;27;24m▄[48;2;26;29;25m[38;2;25;28;24m▄[48;2;25;30;26m[38;2;26;29;23m▄[48;2;28;32;26m[38;2;25;28;20m▄[48;2;37;41;31m[38;2;41;44;33m▄[48;2;44;48;36m[38;2;50;54;40m▄[48;2;46;49;34m[38;2;51;56;40m▄[48;2;48;50;36m[38;2;50;53;39m▄[48;2;44;46;32m[38;2;42;44;30m▄[48;2;42;44;32m[38;2;35;37;26m▄[48;2;35;37;27m[38;2;40;41;32m▄[48;2;28;29;16m[38;2;33;35;22m▄[48;2;48;45;31m[38;2;29;28;13m▄[48;2;116;107;93m[38;2;111;104;91m▄[48;2;80;66;55m[38;2;131;118;107m▄[48;2;100;88;79m[38;2;110;97;88m▄[48;2;77;70;62m[38;2;60;52;45m▄[48;2;63;61;55m[38;2;58;53;45m▄[48;2;66;58;52m[38;2;109;97;87m▄[48;2;113;94;86m[38;2;177;150;139m▄[48;2;142;117;107m[38;2;187;154;142m▄[48;2;111;92;83m[38;2;182;157;144m▄[48;2;61;53;45m[38;2;132;117;106m▄[48;2;42;36;31m[38;2;61;50;42m▄[48;2;63;53;50m[38;2;58;43;37m▄[48;2;73;59;58m[38;2;65;47;41m▄[48;2;36;24;22m[38;2;55;39;31m▄[48;2;26;18;13m[38;2;46;38;28m▄[48;2;37;30;23m[38;2;50;42;32m▄[48;2;56;43;36m[38;2;65;49;41m▄[48;2;61;40;35m[38;2;76;53;46m▄[48;2;60;39;34m[38;2;79;56;48m▄[48;2;54;37;30m[38;2;91;74;63m▄[48;2;50;38;25m[38;2;113;100;87m▄[48;2;44;35;22m[38;2;138;125;116m▄[0m
[48;2;117;100;91m[38;2;106;93;85m▄[48;2;92;77;69m[38;2;152;142;133m▄[48;2;67;52;44m[38;2;173;165;154m▄[48;2;92;74;66m[38;2;157;147;139m▄[48;2;114;93;83m[38;2;110;97;90m▄[48;2;154;130;117m[38;2;99;83;76m▄[48;2;127;101;86m[38;2;100;82;75m▄[48;2;130;101;84m[38;2;90;73;64m▄[48;2;172;142;124m[38;2;96;77;68m▄[48;2;185;153;136m[38;2;119;97;89m▄[48;2;192;160;142m[38;2;117;95;84m▄[48;2;178;146;128m[38;2;117;94;81m▄[48;2;177;145;126m[38;2;127;104;90m▄[48;2;186;156;137m[38;2;135;114;99m▄[48;2;201;170;150m[38;2;148;125;108m▄[48;2;147;110;87m[38;2;136;100;80m▄[48;2;99;57;30m[38;2;112;68;45m▄[48;2;139;90;62m[38;2;131;80;55m▄[48;2;102;56;29m[38;2;107;58;36m▄[48;2;109;69;47m[38;2;110;70;54m▄[48;2;61;30;11m[38;2;62;33;20m▄[48;2;124;100;80m[38;2;96;72;59m▄[48;2;207;185;164m[38;2;155;130;114m▄[48;2;208;186;164m[38;2;160;133;115m▄[48;2;216;193;170m[38;2;169;140;121m▄[48;2;217;191;167m[38;2;166;134;112m▄[48;2;218;191;166m[38;2;164;129;106m▄[48;2;214;183;159m[38;2;166;128;104m▄[48;2;198;167;142m[38;2;173;136;110m▄[48;2;185;154;130m[38;2;183;145;120m▄[48;2;173;143;120m[38;2;172;136;113m▄[48;2;156;127;108m[38;2;163;132;117m▄[48;2;147;122;104m[38;2;148;121;106m▄[48;2;190;169;153m[38;2;149;125;109m▄[48;2;209;191;176m[38;2;149;129;112m▄[48;2;226;207;193m[38;2;176;157;141m▄[48;2;240;219;204m[38;2;188;170;155m▄[48;2;241;217;201m[38;2;201;181;167m▄[48;2;173;148;130m[38;2;138;119;102m▄[48;2;214;194;171m[38;2;182;164;141m▄[48;2;197;182;161m[38;2;156;143;122m▄[48;2;105;97;77m[38;2;68;62;45m▄[48;2;74;72;54m[38;2;40;41;27m▄[48;2;50;52;36m[38;2;25;29;20m▄[48;2;48;50;36m[38;2;23;28;21m▄[48;2;45;45;33m[38;2;22;24;20m▄[48;2;49;49;37m[38;2;23;23;20m▄[48;2;53;54;38m[38;2;22;25;19m▄[48;2;53;56;39m[38;2;30;33;26m▄[48;2;57;59;43m[38;2;38;41;32m▄[48;2;60;62;48m[38;2;43;44;36m▄[48;2;53;56;41m[38;2;49;50;41m▄[48;2;44;47;34m[38;2;47;49;39m▄[48;2;41;46;32m[38;2;40;42;29m▄[48;2;35;38;27m[38;2;40;41;30m▄[48;2;30;31;24m[38;2;32;33;26m▄[48;2;23;26;22m[38;2;23;27;22m▄[48;2;20;24;23m[38;2;18;24;22m▄[48;2;16;22;21m[38;2;15;20;20m▄[48;2;13;18;21m[38;2;12;15;18m▄[48;2;17;20;23m[38;2;9;12;15m▄[48;2;13;14;17m[38;2;11;17;20m▄[48;2;12;8;8m[38;2;8;8;9m▄[48;2;47;24;19m[38;2;42;21;18m▄[48;2;76;36;30m[38;2;89;48;44m▄[48;2;91;45;36m[38;2;89;42;35m▄[48;2;78;40;29m[38;2;74;37;28m▄[48;2;71;36;27m[38;2;60;33;24m▄[48;2;71;33;27m[38;2;57;30;26m▄[48;2;68;31;25m[38;2;54;28;22m▄[48;2;70;34;26m[38;2;62;33;26m▄[48;2;72;32;24m[38;2;67;29;22m▄[48;2;71;36;28m[38;2;60;27;20m▄[48;2;58;29;21m[38;2;55;29;23m▄[48;2;51;26;19m[38;2;49;27;20m▄[48;2;52;29;23m[38;2;50;28;22m▄[48;2;56;29;25m[38;2;54;29;24m▄[48;2;62;32;29m[38;2;60;32;26m▄[48;2;64;32;28m[38;2;65;32;27m▄[48;2;61;28;23m[38;2;67;31;26m▄[48;2;61;25;20m[38;2;72;33;28m▄[48;2;69;29;23m[38;2;79;37;31m▄[48;2;78;34;27m[38;2;87;41;33m▄[48;2;86;37;30m[38;2;92;42;32m▄[48;2;91;37;29m[38;2;96;42;31m▄[48;2;99;42;33m[38;2;103;46;34m▄[48;2;105;47;35m[38;2;108;49;36m▄[48;2;113;53;38m[38;2;107;47;31m▄[48;2;141;80;63m[38;2;125;63;48m▄[48;2;141;82;68m[38;2;125;68;53m▄[48;2;82;32;23m[38;2;72;27;17m▄[48;2;96;55;46m[38;2;78;44;34m▄[48;2;97;58;49m[38;2;61;29;21m▄[48;2;86;40;31m[38;2;65;28;20m▄[48;2;90;40;31m[38;2;76;34;27m▄[48;2;86;40;31m[38;2;70;31;24m▄[48;2;78;36;28m[38;2;62;27;21m▄[48;2;67;28;21m[38;2;55;24;20m▄[48;2;60;25;18m[38;2;53;25;21m▄[48;2;61;27;21m[38;2;55;27;23m▄[48;2;60;27;22m[38;2;56;27;23m▄[48;2;61;28;23m[38;2;58;25;22m▄[48;2;60;29;21m[38;2;58;26;19m▄[48;2;57;28;21m[38;2;53;25;17m▄[48;2;51;25;21m[38;2;50;22;20m▄[48;2;50;25;23m[38;2;50;24;23m▄[48;2;53;28;25m[38;2;53;27;25m▄[48;2;52;28;24m[38;2;50;26;21m▄[48;2;45;26;21m[38;2;43;25;19m▄[48;2;34;23;19m[38;2;29;19;16m▄[48;2;29;20;19m[38;2;26;19;19m▄[48;2;29;19;19m[38;2;28;19;19m▄[38;2;29;19;18m▄[48;2;30;20;19m▄[48;2;29;20;18m[38;2;28;20;18m▄[48;2;24;18;17m[38;2;23;19;17m▄[48;2;19;16;16m[38;2;15;14;15m▄[48;2;16;16;17m[38;2;15;16;17m▄[48;2;15;17;19m[38;2;9;11;13m▄[48;2;11;15;19m[38;2;12;16;18m▄[48;2;15;19;22m[38;2;12;16;19m▄[48;2;13;18;21m[38;2;13;18;21m▄[48;2;14;16;19m[38;2;17;20;22m▄[48;2;19;20;20m[38;2;20;21;22m▄[48;2;23;25;23m[38;2;22;25;23m▄[48;2;25;27;24m[38;2;28;30;27m▄[48;2;25;27;22m[38;2;32;34;28m▄[48;2;25;28;20m[38;2;36;38;28m▄[48;2;32;35;26m[38;2;42;44;34m▄[48;2;47;50;39m[38;2;47;50;39m▄[48;2;46;50;37m[38;2;37;40;30m▄[48;2;45;48;36m[38;2;31;34;26m▄[48;2;36;39;28m[38;2;26;28;22m▄[48;2;33;36;26m[38;2;28;30;25m▄[48;2;33;35;27m[38;2;34;36;31m▄[48;2;34;37;29m[38;2;38;42;34m▄[48;2;36;38;26m[38;2;42;46;34m▄[48;2;31;31;16m[38;2;35;35;19m▄[48;2;96;89;74m[38;2;83;75;59m▄[48;2;140;127;115m[38;2;130;116;100m▄[48;2;105;91;80m[38;2;113;96;82m▄[48;2;65;54;45m[38;2;122;108;95m▄[48;2;95;83;72m[38;2;148;128;114m▄[48;2;156;134;121m[38;2;139;110;95m▄[48;2;146;115;101m[38;2;83;55;40m▄[48;2;117;82;69m[38;2;67;40;29m▄[48;2;122;93;81m[38;2;63;40;32m▄[48;2;129;110;99m[38;2;68;48;43m▄[48;2;77;62;54m[38;2;67;51;46m▄[48;2;99;83;74m[38;2;79;66;57m▄[48;2;140;122;111m[38;2;101;90;75m▄[48;2;149;133;120m[38;2;102;89;72m▄[48;2;158;144;132m[38;2;115;99;85m▄[48;2;158;144;131m[38;2;119;101;89m▄[48;2;167;150;139m[38;2;116;99;87m▄[48;2;179;157;146m[38;2;117;101;88m▄[48;2;187;166;153m[38;2;112;95;80m▄[48;2;193;174;160m[38;2;107;88;73m▄[48;2;185;165;151m[38;2;144;118;99m▄[48;2;180;158;145m[38;2;178;147;123m▄[0m
[48;2;188;173;163m[38;2;157;138;124m▄[48;2;224;213;201m[38;2;178;164;153m▄[48;2;229;221;209m[38;2;181;168;158m▄[48;2;237;229;218m[38;2;196;182;171m▄[48;2;212;201;192m[38;2;224;207;197m▄[48;2;142;128;122m[38;2;226;207;199m▄[48;2;109;95;91m[38;2;134;119;112m▄[48;2;91;82;78m[38;2;95;84;77m▄[48;2;96;87;84m[38;2;111;99;92m▄[48;2;121;108;104m[38;2;125;109;102m▄[48;2;110;94;89m[38;2;123;105;99m▄[48;2;107;91;84m[38;2;124;105;99m▄[48;2;126;110;100m[38;2;134;116;108m▄[48;2;131;117;106m[38;2;145;127;120m▄[48;2;135;118;106m[38;2;148;130;121m▄[48;2;135;100;85m[38;2;138;107;92m▄[48;2;117;70;49m[38;2;117;70;48m▄[48;2;137;83;61m[38;2;137;80;57m▄[48;2;114;63;44m[38;2;117;65;45m▄[48;2;106;66;52m[38;2;102;60;41m▄[48;2;66;35;26m[38;2;75;41;23m▄[48;2;80;56;47m[38;2;68;49;37m▄[48;2;144;124;114m[38;2;107;99;93m▄[48;2;138;117;106m[38;2;114;104;95m▄[48;2;136;112;100m[38;2;160;145;133m▄[48;2;158;130;114m[38;2;191;168;154m▄[48;2;180;148;131m[38;2;212;184;169m▄[48;2;167;131;114m[38;2;196;166;153m▄[48;2;153;119;101m[38;2;130;104;94m▄[48;2;161;127;110m[38;2;109;89;83m▄[48;2;156;124;109m[38;2;123;104;100m▄[48;2;141;113;101m[38;2;108;87;79m▄[48;2;128;103;90m[38;2;110;91;81m▄[48;2;144;121;107m[38;2;169;152;142m▄[48;2;176;156;141m[38;2;191;175;165m▄[48;2;197;179;162m[38;2;184;170;158m▄[48;2;183;166;151m[38;2;191;176;163m▄[48;2;155;138;124m[38;2;186;169;156m▄[48;2;104;87;71m[38;2;128;112;96m▄[48;2;144;128;106m[38;2;131;119;99m▄[48;2;106;96;75m[38;2;78;73;52m▄[48;2;58;55;38m[38;2;57;60;41m▄[48;2;45;48;35m[38;2;73;77;60m▄[48;2;36;42;33m[38;2;83;86;70m▄[48;2;32;37;31m[38;2;78;78;62m▄[48;2;27;30;26m[38;2;73;73;56m▄[48;2;22;23;20m[38;2;49;51;36m▄[48;2;16;19;19m[38;2;38;39;36m▄[48;2;17;19;19m[38;2;33;34;31m▄[48;2;24;26;24m[38;2;29;31;26m▄[48;2;30;31;27m[38;2;28;31;25m▄[48;2;36;37;31m[38;2;27;30;24m▄[48;2;40;41;33m[38;2;30;34;27m▄[48;2;38;39;29m[38;2;28;33;25m▄[48;2;38;39;30m[38;2;26;30;22m▄[48;2;35;36;30m[38;2;32;34;26m▄[48;2;31;33;28m[38;2;29;28;24m▄[48;2;22;27;25m[38;2;23;22;23m▄[48;2;14;19;20m[38;2;17;18;22m▄[48;2;16;19;22m[38;2;11;17;20m▄[48;2;11;14;18m[38;2;12;19;22m▄[48;2;8;13;18m[38;2;6;11;14m▄[48;2;12;12;13m[38;2;20;16;15m▄[48;2;63;41;36m[38;2;95;73;64m▄[48;2;85;48;43m[38;2;65;43;36m▄[48;2;78;38;31m[38;2;47;29;23m▄[48;2;56;27;18m[38;2;34;19;14m▄[48;2;48;28;20m[38;2;34;20;15m▄[48;2;45;26;21m[38;2;37;21;16m▄[48;2;41;23;18m[38;2;38;22;15m▄[48;2;49;28;21m[38;2;43;21;14m▄[48;2;65;32;26m[38;2;65;35;27m▄[48;2;60;30;23m[38;2;67;38;29m▄[48;2;53;29;21m[38;2;52;26;17m▄[48;2;52;30;22m[38;2;52;28;19m▄[48;2;47;24;18m[38;2;51;29;22m▄[48;2;52;28;22m[38;2;47;26;21m▄[48;2;56;30;24m[38;2;45;25;22m▄[48;2;58;28;24m[38;2;39;20;18m▄[48;2;61;29;24m[38;2;41;23;19m▄[48;2;68;33;28m[38;2;45;24;20m▄[48;2;76;37;31m[38;2;50;23;17m▄[48;2;80;38;29m[38;2;59;26;19m▄[48;2;83;36;26m[38;2;69;31;21m▄[48;2;86;35;23m[38;2;81;37;26m▄[48;2;89;36;22m[38;2;81;33;21m▄[48;2;92;38;24m[38;2;81;33;19m▄[48;2;93;39;23m[38;2;84;38;23m▄[48;2;103;48;33m[38;2;86;37;24m▄[48;2;97;47;34m[38;2;85;38;26m▄[48;2;62;23;14m[38;2;61;23;16m▄[48;2;58;31;24m[38;2;51;26;22m▄[48;2;40;18;13m[38;2;33;14;11m▄[48;2;47;21;16m[38;2;43;22;17m▄[48;2;60;28;21m[38;2;55;30;22m▄[48;2;57;25;17m[38;2;60;30;17m▄[48;2;54;24;17m[38;2;67;30;18m▄[48;2;54;25;19m[38;2;74;30;20m▄[48;2;57;28;23m[38;2;83;34;25m▄[48;2;58;27;23m[38;2;85;36;29m▄[48;2;59;27;23m[38;2;82;37;30m▄[48;2;62;27;23m[38;2;75;35;27m▄[48;2;59;27;21m[38;2;60;30;25m▄[48;2;50;24;18m[38;2;47;27;25m▄[48;2;48;23;20m[38;2;44;24;20m▄[48;2;50;24;24m[38;2;46;25;23m▄[48;2;51;25;24m[38;2;43;25;21m▄[48;2;49;26;22m[38;2;42;25;21m▄[48;2;40;22;18m[38;2;34;19;17m▄[48;2;29;18;16m[38;2;32;19;18m▄[48;2;26;19;19m[38;2;29;19;19m▄[48;2;27;19;19m[38;2;25;19;19m▄[48;2;27;20;18m[38;2;24;19;18m▄[38;2;23;19;16m▄[48;2;27;21;19m[38;2;22;19;15m▄[48;2;22;19;18m[38;2;19;18;15m▄[48;2;13;13;13m[38;2;13;14;13m▄[48;2;15;15;17m[38;2;13;14;16m▄[48;2;8;10;13m[38;2;12;13;18m▄[48;2;9;13;16m[38;2;9;13;17m▄[48;2;13;17;20m[38;2;11;15;18m▄[48;2;14;19;21m[38;2;13;17;19m▄[48;2;18;21;23m[38;2;17;20;20m▄[48;2;23;24;25m[38;2;23;25;23m▄[48;2;26;28;26m[38;2;29;31;28m▄[48;2;34;36;32m[38;2;36;38;33m▄[48;2;39;41;34m[38;2;37;40;32m▄[48;2;43;45;35m[38;2;32;34;27m▄[48;2;41;42;33m[38;2;26;28;23m▄[48;2;33;36;27m[38;2;23;25;21m▄[48;2;25;28;19m[38;2;25;27;23m▄[48;2;22;25;18m[38;2;30;32;28m▄[48;2;23;26;21m[38;2;29;31;26m▄[48;2;31;33;30m[38;2;30;33;27m▄[48;2;35;38;34m[38;2;38;41;32m▄[48;2;36;40;32m[38;2;40;44;31m▄[48;2;40;45;33m[38;2;42;45;34m▄[48;2;31;32;17m[38;2;33;34;22m▄[48;2;75;68;51m[38;2;62;59;44m▄[48;2;127;113;96m[38;2;114;105;89m▄[48;2;96;77;62m[38;2;96;79;65m▄[48;2;109;91;78m[38;2;115;93;84m▄[48;2;132;108;95m[38;2;115;91;85m▄[48;2;95;65;51m[38;2;80;51;42m▄[48;2;60;31;15m[38;2;128;86;70m▄[48;2;80;51;39m[38;2;149;95;74m▄[48;2;86;57;49m[38;2;154;99;78m▄[48;2;94;68;64m[38;2;161;115;99m▄[48;2;71;52;47m[38;2;117;85;73m▄[48;2;63;51;42m[38;2;62;43;33m▄[48;2;110;103;89m[38;2;71;62;53m▄[48;2;115;105;90m[38;2;75;68;60m▄[48;2;96;80;69m[38;2;67;57;49m▄[48;2;74;57;46m[38;2;79;67;59m▄[48;2;77;63;52m[38;2;89;75;66m▄[48;2;74;63;49m[38;2;79;64;52m▄[48;2;70;56;40m[38;2;168;149;130m▄[48;2;145;125;108m[38;2;198;174;150m▄[48;2;183;154;130m[38;2;133;101;76m▄[48;2;172;135;105m[38;2;121;84;62m▄[0m
[48;2;107;89;76m[38;2;102;84;74m▄[48;2;132;117;105m[38;2;105;84;72m▄[48;2;154;137;125m[38;2;112;87;71m▄[48;2;153;133;118m[38;2;156;128;108m▄[48;2;167;147;132m[38;2;197;170;150m▄[48;2;213;195;182m[38;2;197;176;160m▄[48;2;150;135;126m[38;2;131;116;105m▄[48;2;87;75;67m[38;2;89;76;68m▄[48;2;115;102;94m[38;2;113;99;92m▄[48;2;128;113;105m[38;2;126;111;105m▄[48;2;126;109;103m[38;2;125;108;104m▄[48;2;121;102;98m[38;2;119;102;98m▄[48;2;125;108;103m[38;2;122;107;102m▄[48;2;135;119;113m[38;2;124;110;106m▄[48;2;135;119;112m[38;2;127;112;106m▄[48;2;136;108;93m[38;2;133;108;93m▄[48;2;116;72;49m[38;2;116;74;52m▄[48;2;120;65;43m[38;2;107;55;33m▄[48;2;118;68;48m[38;2;116;68;47m▄[48;2;101;59;39m[38;2;101;59;39m▄[48;2;78;44;25m[38;2;91;56;37m▄[48;2;64;44;31m[38;2;67;44;31m▄[48;2;113;103;99m[38;2;139;126;120m▄[48;2;155;142;135m[38;2;137;120;117m▄[48;2;188;169;159m[38;2;122;101;96m▄[48;2;175;150;137m[38;2;126;100;92m▄[48;2;173;144;131m[38;2;132;105;94m▄[48;2;181;153;139m[38;2;142;116;102m▄[48;2;139;114;102m[38;2;134;110;96m▄[48;2;90;72;62m[38;2;137;117;105m▄[48;2;97;81;74m[38;2;163;145;134m▄[48;2;103;84;75m[38;2;155;132;121m▄[48;2;120;101;93m[38;2;155;132;123m▄[48;2;121;104;97m[38;2;112;90;83m▄[48;2;111;93;87m[38;2;90;69;64m▄[48;2;108;90;83m[38;2;106;83;79m▄[48;2;120;103;95m[38;2;124;100;95m▄[48;2;143;124;115m[38;2;130;104;99m▄[48;2;129;110;99m[38;2;111;87;79m▄[48;2;133;120;106m[38;2;137;122;114m▄[48;2;55;49;35m[38;2;39;32;25m▄[48;2;35;36;23m[38;2;10;9;0m▄[48;2;37;40;28m[38;2;26;27;18m▄[48;2;42;44;33m[38;2;32;33;26m▄[48;2;50;50;39m[38;2;26;26;19m▄[48;2;65;65;53m[38;2;24;26;17m▄[48;2;74;76;63m[38;2;51;55;44m▄[48;2;65;67;55m[38;2;69;72;56m▄[48;2;50;51;41m[38;2;72;73;59m▄[48;2;34;37;28m[38;2;58;61;48m▄[48;2;27;30;23m[38;2;35;38;31m▄[48;2;22;25;21m[38;2;20;22;19m▄[48;2;22;25;23m[38;2;14;16;17m▄[48;2;23;27;26m[38;2;15;16;20m▄[48;2;25;28;27m[38;2;20;23;26m▄[48;2;22;25;19m[38;2;22;25;22m▄[48;2;22;22;19m[38;2;21;22;22m▄[48;2;20;19;20m[38;2;19;20;22m▄[48;2;17;19;23m[38;2;19;22;26m▄[48;2;13;19;22m[38;2;16;21;23m▄[48;2;13;19;21m[38;2;17;21;21m▄[48;2;8;11;12m[38;2;12;11;10m▄[48;2;40;35;33m[38;2;86;79;76m▄[48;2;110;90;84m[38;2;130;109;107m▄[48;2;41;20;15m[38;2;47;23;20m▄[48;2;36;18;13m[38;2;44;17;13m▄[48;2;39;19;16m[38;2;62;29;25m▄[48;2;46;23;19m[38;2;73;35;29m▄[48;2;50;24;18m[38;2;76;33;26m▄[48;2;58;29;23m[38;2;86;39;30m▄[48;2;65;33;24m[38;2;95;47;37m▄[48;2;78;40;29m[38;2;103;56;42m▄[48;2;74;39;31m[38;2;90;48;36m▄[48;2;61;30;23m[38;2;71;37;29m▄[48;2;56;30;23m[38;2;59;32;26m▄[48;2;52;29;23m[38;2;53;29;23m▄[48;2;50;28;24m[38;2;53;28;22m▄[48;2;45;23;20m[38;2;52;24;18m▄[48;2;40;20;15m[38;2;52;22;13m▄[48;2;37;20;12m[38;2;63;29;17m▄[48;2;38;18;9m[38;2;72;35;22m▄[48;2;43;18;8m[38;2;78;38;24m▄[48;2;58;25;15m[38;2;90;42;29m▄[48;2;71;30;19m[38;2;100;45;32m▄[48;2;84;37;26m[38;2;108;48;35m▄[48;2;97;45;33m[38;2;114;50;38m▄[48;2;98;45;32m[38;2;117;55;42m▄[48;2;87;36;21m[38;2;107;48;33m▄[48;2;91;38;22m[38;2;113;53;35m▄[48;2;93;42;28m[38;2;118;62;45m▄[48;2;74;33;22m[38;2;94;47;32m▄[48;2;62;32;23m[38;2;75;35;21m▄[48;2;47;18;12m[38;2;73;30;18m▄[48;2;63;29;21m[38;2;97;43;32m▄[48;2;84;40;32m[38;2;117;53;42m▄[48;2;93;41;30m[38;2;117;50;40m▄[48;2;91;36;26m[38;2;108;46;35m▄[48;2;102;46;37m[38;2;107;52;41m▄[48;2;105;51;42m[38;2;96;50;39m▄[48;2;98;49;40m[38;2;75;36;27m▄[48;2;84;41;35m[38;2;54;23;15m▄[48;2;70;33;26m[38;2;49;22;16m▄[48;2;55;26;21m[38;2;48;23;20m▄[48;2;42;22;20m[38;2;43;20;18m▄[48;2;41;20;17m[38;2;42;20;16m▄[48;2;44;23;20m[38;2;46;24;20m▄[48;2;42;23;19m[38;2;47;25;22m▄[48;2;41;24;20m[38;2;45;27;24m▄[48;2;30;15;12m[38;2;29;14;11m▄[48;2;29;15;15m[38;2;27;14;13m▄[48;2;26;16;16m[38;2;27;17;17m▄[48;2;22;16;16m[38;2;22;17;17m▄[48;2;21;16;15m[38;2;22;16;16m▄[48;2;20;15;12m[38;2;21;16;13m▄[48;2;19;17;13m[38;2;20;18;14m▄[48;2;21;20;17m[38;2;22;21;18m▄[48;2;15;14;13m[38;2;15;13;12m▄[48;2;15;14;15m[38;2;32;29;29m▄[48;2;13;14;16m[38;2;16;16;18m▄[48;2;10;13;17m[38;2;9;13;16m▄[48;2;11;15;18m[38;2;12;16;19m▄[48;2;13;17;19m[38;2;13;17;19m▄[48;2;17;20;20m[38;2;17;20;20m▄[48;2;23;25;23m[38;2;22;24;23m▄[48;2;24;26;23m[38;2;22;24;22m▄[48;2;26;28;24m[38;2;21;23;20m▄[38;2;22;24;20m▄[48;2;22;24;20m[38;2;26;28;25m▄[48;2;19;21;18m[38;2;32;34;33m▄[48;2;24;26;24m[38;2;33;35;34m▄[48;2;30;32;30m[38;2;30;32;31m▄[48;2;34;36;34m[38;2;28;30;28m▄[48;2;31;33;29m[38;2;26;27;25m▄[48;2;29;33;27m[38;2;26;29;23m▄[48;2;35;38;29m[38;2;35;38;29m▄[48;2;39;42;31m[38;2;40;42;32m▄[48;2;38;40;32m[38;2;40;41;35m▄[48;2;32;33;24m[38;2;39;39;32m▄[48;2;38;35;22m[38;2;27;26;14m▄[48;2;120;112;94m[38;2;106;98;81m▄[48;2;126;109;94m[38;2;136;121;103m▄[48;2;146;123;112m[38;2;133;110;96m▄[48;2;108;83;75m[38;2;90;65;52m▄[48;2;72;43;32m[38;2;78;49;33m▄[48;2;151;108;90m[38;2;148;106;84m▄[48;2;166;110;87m[38;2;175;123;97m▄[48;2;157;101;78m[38;2;156;104;79m▄[48;2;133;87;68m[38;2;113;69;49m▄[48;2;120;87;73m[38;2;109;77;61m▄[48;2;94;73;61m[38;2;92;69;53m▄[48;2;76;64;54m[38;2;73;56;44m▄[48;2;50;43;34m[38;2;58;46;37m▄[48;2;70;60;51m[38;2;76;64;55m▄[48;2;99;85;77m[38;2;89;75;67m▄[48;2;81;67;58m[38;2;89;74;62m▄[48;2;114;97;83m[38;2;170;152;137m▄[48;2;227;206;187m[38;2;221;200;180m▄[48;2;170;147;121m[38;2;160;138;114m▄[48;2;83;54;29m[38;2;73;47;26m▄[48;2;95;60;41m[38;2;88;59;41m▄[0m
[48;2;107;83;73m[38;2;106;73;61m▄[48;2;86;56;45m[38;2;112;74;61m▄[48;2;111;73;57m[38;2;146;98;83m▄[48;2;186;143;123m[38;2;163;110;92m▄[48;2;228;191;169m[38;2;177;130;110m▄[48;2;217;188;170m[38;2;212;175;157m▄[48;2;151;131;117m[38;2;200;174;159m▄[48;2;99;84;75m[38;2;107;90;83m▄[48;2;116;101;95m[38;2;115;100;95m▄[48;2;124;109;104m[38;2;119;105;99m▄[48;2;128;113;108m[38;2;120;106;100m▄[48;2;116;101;96m[38;2;119;104;99m▄[48;2;110;96;92m[38;2;106;90;85m▄[48;2;118;104;100m[38;2;107;90;84m▄[48;2;117;102;96m[38;2;129;111;104m▄[48;2;136;111;96m[38;2;160;134;119m▄[48;2;123;82;60m[38;2;133;90;68m▄[48;2;110;58;35m[38;2;110;56;32m▄[48;2;118;70;48m[38;2;123;71;49m▄[48;2;110;66;45m[38;2;116;67;45m▄[48;2;92;53;32m[38;2;109;64;41m▄[48;2;62;32;19m[38;2;69;30;15m▄[48;2;125;107;102m[38;2;128;100;94m▄[48;2;126;112;110m[38;2;120;103;100m▄[48;2;106;90;87m[38;2;103;88;83m▄[48;2;103;84;79m[38;2;104;87;82m▄[48;2;110;91;83m[38;2;116;98;92m▄[48;2;129;106;97m[38;2;149;129;123m▄[48;2;151;127;118m[38;2;148;125;119m▄[48;2;155;133;123m[38;2;114;91;84m▄[48;2;161;137;126m[38;2;130;103;94m▄[48;2;188;159;144m[38;2;191;160;144m▄[48;2;199;170;157m[38;2;208;178;162m▄[48;2;147;120;110m[38;2;170;141;130m▄[48;2;101;74;68m[38;2;114;85;77m▄[48;2;122;93;88m[38;2;134;104;97m▄[48;2;145;115;109m[38;2;139;110;100m▄[48;2;158;126;117m[38;2;152;121;108m▄[48;2;130;102;92m[38;2;173;146;132m▄[48;2;148;134;124m[38;2;166;155;141m▄[48;2;63;56;49m[38;2;116;111;95m▄[48;2;42;40;29m[38;2;92;91;73m▄[48;2;56;57;45m[38;2;73;73;55m▄[48;2;58;57;47m[38;2;53;51;35m▄[48;2;64;64;54m[38;2;52;52;37m▄[48;2;49;52;41m[38;2;58;60;46m▄[48;2;32;37;25m[38;2;53;57;44m▄[48;2;39;42;27m[38;2;36;37;28m▄[48;2;55;57;44m[38;2;21;22;13m▄[48;2;65;66;56m[38;2;26;27;20m▄[48;2;65;66;59m[38;2;45;46;39m▄[48;2;42;44;40m[38;2;60;61;55m▄[48;2;22;24;22m[38;2;51;53;47m▄[48;2;12;13;14m[38;2;29;32;25m▄[48;2;13;16;17m[38;2;12;15;10m▄[48;2;15;18;17m[38;2;14;16;15m▄[48;2;18;20;21m[38;2;18;18;20m▄[48;2;22;23;27m[38;2;20;21;25m▄[48;2;17;21;25m[38;2;17;20;25m▄[48;2;15;20;22m[38;2;14;19;21m▄[48;2;18;21;20m[38;2;17;20;17m▄[48;2;22;19;17m[38;2;23;19;16m▄[48;2;118;106;103m[38;2;114;99;96m▄[48;2;150;127;124m[38;2;163;138;132m▄[48;2;65;36;31m[38;2;99;65;57m▄[48;2;56;18;11m[38;2;73;27;17m▄[48;2;90;42;34m[38;2;109;51;38m▄[48;2;103;47;37m[38;2;116;51;36m▄[48;2;102;42;30m[38;2;115;46;30m▄[48;2;111;49;35m[38;2;124;54;38m▄[48;2;119;57;42m[38;2;126;59;43m▄[48;2;112;56;40m[38;2;103;43;28m▄[48;2;91;42;30m[38;2;79;26;13m▄[48;2;71;31;23m[38;2;80;33;23m▄[48;2;62;29;23m[38;2;76;34;26m▄[48;2;59;29;23m[38;2;75;36;27m▄[48;2;58;26;18m[38;2;79;36;26m▄[48;2;62;27;17m[38;2;84;39;28m▄[48;2;84;40;27m[38;2;110;56;40m▄[48;2;110;51;34m[38;2;137;68;45m▄[48;2;125;65;48m[38;2;152;83;60m▄[48;2;134;72;55m[38;2;156;89;65m▄[48;2;137;73;56m[38;2;160;94;71m▄[48;2;132;66;49m[38;2;165;101;76m▄[48;2;130;62;45m[38;2;160;98;72m▄[48;2;138;68;51m[38;2;153;93;65m▄[48;2;135;67;50m[38;2;150;88;64m▄[48;2;132;69;52m[38;2;154;89;70m▄[48;2;131;67;48m[38;2;176;110;89m▄[48;2;139;79;59m[38;2;182;119;99m▄[48;2;107;55;36m[38;2;113;58;40m▄[48;2;109;62;46m[38;2;121;72;57m▄[48;2;117;65;50m[38;2;122;71;57m▄[48;2;124;59;45m[38;2;116;54;40m▄[48;2;130;60;46m[38;2;122;55;41m▄[48;2;119;55;41m[38;2;115;53;40m▄[48;2;107;50;35m[38;2;102;47;33m▄[48;2;94;47;33m[38;2;88;41;29m▄[48;2;73;36;24m[38;2;75;35;25m▄[48;2;56;25;16m[38;2;69;33;25m▄[48;2;48;22;15m[38;2;70;33;30m▄[48;2;51;27;22m[38;2;71;33;31m▄[48;2;52;27;23m[38;2;68;33;32m▄[48;2;47;21;17m[38;2;57;29;26m▄[48;2;45;20;15m[38;2;51;24;19m▄[48;2;50;26;21m[38;2;53;28;23m▄[48;2;51;29;25m[38;2;54;32;27m▄[48;2;44;26;23m[38;2;42;23;19m▄[48;2;29;14;11m[38;2;30;16;13m▄[48;2;28;17;15m[38;2;30;19;19m▄[48;2;28;18;18m[38;2;30;21;20m▄[48;2;26;18;18m[38;2;30;20;20m▄[48;2;24;18;18m[38;2;26;18;17m▄[48;2;23;18;16m[38;2;21;15;15m▄[48;2;23;20;17m[38;2;19;14;14m▄[48;2;22;19;17m[38;2;19;15;14m▄[48;2;15;12;10m[38;2;12;7;6m▄[48;2;51;46;44m[38;2;70;62;60m▄[48;2;21;19;20m[38;2;21;18;18m▄[48;2;7;11;14m[38;2;5;10;13m▄[48;2;12;16;19m[38;2;12;16;20m▄[48;2;14;18;20m[38;2;14;18;20m▄[48;2;18;21;22m[38;2;19;23;24m▄[48;2;22;24;24m[38;2;22;24;25m▄[48;2;23;25;23m[38;2;24;26;26m▄[48;2;25;27;25m[38;2;28;30;29m▄[48;2;30;32;30m▄[48;2;34;37;35m[38;2;24;25;24m▄[48;2;33;35;34m[38;2;21;22;21m▄[48;2;27;30;29m[38;2;22;23;22m▄[48;2;22;24;23m[38;2;22;23;23m▄[48;2;23;26;24m[38;2;24;26;23m▄[48;2;26;29;24m[38;2;33;35;29m▄[48;2;30;33;26m[38;2;38;41;33m▄[48;2;35;37;27m[38;2;40;42;30m▄[48;2;40;40;31m[38;2;43;44;32m▄[48;2;36;37;32m[38;2;39;40;33m▄[48;2;31;33;27m[38;2;30;32;27m▄[48;2;20;19;9m[38;2;19;19;11m▄[48;2;83;76;60m[38;2;70;64;51m▄[48;2;120;106;88m[38;2;149;133;115m▄[48;2;114;91;73m[38;2;178;154;137m▄[48;2;137;111;95m[38;2;227;198;180m▄[48;2;165;135;115m[38;2;221;189;168m▄[48;2;182;141;117m[38;2;170;130;103m▄[48;2;181;132;105m[38;2;170;124;95m▄[48;2;150;101;74m[38;2;180;135;107m▄[48;2;128;87;64m[38;2;172;132;110m▄[48;2;151;118;99m[38;2;135;103;81m▄[48;2;146;120;101m[38;2;194;164;143m▄[48;2;110;89;73m[38;2;177;151;133m▄[48;2;92;75;65m[38;2;108;88;75m▄[48;2;60;47;38m[38;2;75;60;51m▄[48;2;62;49;40m[38;2;66;53;43m▄[48;2;102;86;73m[38;2;140;123;108m▄[48;2;201;180;163m[38;2;206;182;162m▄[48;2;204;180;161m[38;2;183;157;136m▄[48;2;165;142;122m[38;2;163;141;122m▄[48;2;72;49;31m[38;2;80;61;46m▄[48;2;67;44;28m[38;2;58;37;27m▄[0m
[48;2;135;98;81m[38;2;169;133;109m▄[48;2;138;97;81m[38;2;128;88;69m▄[48;2;140;90;75m[38;2;114;69;53m▄[48;2;146;93;76m[38;2;129;81;64m▄[48;2;142;93;75m[38;2;138;94;75m▄[48;2;184;145;126m[38;2;174;139;119m▄[48;2;178;150;134m[38;2;169;143;126m▄[48;2;96;80;72m[38;2;96;79;74m▄[48;2;110;95;90m[38;2;101;87;82m▄[48;2;112;99;91m[38;2;110;96;89m▄[48;2;121;107;99m[38;2;124;109;100m▄[48;2;125;109;102m[38;2;118;101;91m▄[48;2;116;97;89m[38;2;128;107;95m▄[48;2;110;87;79m[38;2;150;125;114m▄[48;2;135;111;102m[38;2;181;153;142m▄[48;2;166;135;119m[38;2;212;177;160m▄[48;2;130;84;60m[38;2;189;140;115m▄[48;2;121;63;38m[38;2;140;78;50m▄[48;2;133;76;52m[38;2;126;66;41m▄[48;2;123;69;45m[38;2;123;64;38m▄[48;2;125;71;47m[38;2;125;67;42m▄[48;2;82;34;17m[38;2;181;128;111m▄[48;2;187;148;140m[38;2;248;200;188m▄[48;2;194;161;153m[38;2;222;167;156m▄[48;2;173;143;136m[38;2;205;155;142m▄[48;2;125;100;93m[38;2;191;151;140m▄[48;2;124;103;95m[38;2;139;111;99m▄[48;2;158;138;131m[38;2;121;99;88m▄[48;2;123;103;96m[38;2;134;117;104m▄[48;2;138;117;109m[38;2;192;176;163m▄[48;2;202;178;169m[38;2;207;190;175m▄[48;2;201;174;158m[38;2;184;163;150m▄[48;2;152;125;111m[38;2;128;108;98m▄[48;2;122;97;88m[38;2;93;76;69m▄[48;2;107;84;76m[38;2;81;66;63m▄[48;2;101;79;71m[38;2;116;104;98m▄[48;2;117;95;83m[38;2;160;149;139m▄[48;2;170;147;131m[38;2;147;138;120m▄[48;2;159;141;122m[38;2;102;95;73m▄[48;2;91;85;67m[38;2;72;68;49m▄[48;2;77;76;55m[38;2;80;81;60m▄[48;2;84;86;63m[38;2;101;103;81m▄[48;2;86;88;65m[38;2;84;85;62m▄[48;2;89;88;67m[38;2;60;59;38m▄[48;2;81;80;61m[38;2;73;69;51m▄[48;2;51;52;35m[38;2;85;85;68m▄[48;2;39;40;26m[38;2;60;61;46m▄[48;2;50;49;42m[38;2;28;29;17m▄[48;2;47;47;40m[38;2;41;41;30m▄[48;2;22;22;14m[38;2;68;68;59m▄[48;2;12;13;6m[38;2;43;44;36m▄[48;2;28;28;21m[38;2;15;16;10m▄[48;2;46;47;39m[38;2;20;21;16m▄[48;2;54;57;48m[38;2;34;34;30m▄[48;2;33;35;29m[38;2;47;47;44m▄[48;2;17;16;16m[38;2;38;35;33m▄[48;2;18;17;18m[38;2;20;17;17m▄[48;2;19;20;24m[38;2;15;16;18m▄[48;2;16;20;23m[38;2;12;17;20m▄[48;2;13;19;21m[38;2;11;18;19m▄[48;2;15;17;16m[38;2;12;14;15m▄[48;2;29;24;22m[38;2;33;27;28m▄[48;2;102;88;86m[38;2;92;79;79m▄[48;2;139;116;110m[38;2;111;93;88m▄[48;2;127;93;84m[38;2;127;98;90m▄[48;2;77;31;19m[38;2;81;39;29m▄[48;2;113;55;40m[38;2;102;49;36m▄[48;2;116;52;36m[38;2;106;47;33m▄[48;2;113;48;32m[38;2;93;37;24m▄[48;2;117;54;40m[38;2;90;38;27m▄[48;2;111;50;36m[38;2;88;38;28m▄[48;2;97;40;27m[38;2;90;37;27m▄[48;2;89;35;23m[38;2;98;45;33m▄[48;2;96;45;32m[38;2;99;45;31m▄[48;2;94;44;32m[38;2;106;49;34m▄[48;2;96;46;34m[38;2;114;55;39m▄[48;2;99;46;32m[38;2;119;58;42m▄[48;2;110;53;41m[38;2;120;56;42m▄[48;2;123;63;47m[38;2;118;54;39m▄[48;2;134;68;45m[38;2;121;56;39m▄[48;2;142;77;54m[38;2;127;63;46m▄[48;2;147;84;60m[38;2;129;64;46m▄[48;2;151;90;64m[38;2;134;70;50m▄[48;2;157;98;72m[38;2;131;66;47m▄[48;2;152;95;68m[38;2;132;67;47m▄[48;2;152;98;69m[38;2;139;74;55m▄[48;2;149;93;67m[38;2;137;75;53m▄[48;2;138;75;52m[38;2;121;61;35m▄[48;2;159;94;71m[38;2;122;57;34m▄[48;2;165;101;81m[38;2;135;71;52m▄[48;2;105;50;34m[38;2;91;37;23m▄[48;2;100;55;43m[38;2;79;37;28m▄[48;2;89;45;34m[38;2;61;26;18m▄[48;2;85;35;24m[38;2;64;25;19m▄[48;2;104;46;35m[38;2;82;37;28m▄[48;2;106;47;35m[38;2;87;36;25m▄[48;2;98;44;33m[38;2;85;35;26m▄[48;2;87;36;28m[38;2;83;36;28m▄[48;2;87;39;33m[38;2;80;35;28m▄[48;2;83;38;34m[38;2;77;33;27m▄[48;2;84;37;34m[38;2;77;34;27m▄[48;2;82;33;31m[38;2;78;34;25m▄[48;2;78;35;32m[38;2;73;33;25m▄[48;2;64;32;28m[38;2;61;28;23m▄[48;2;58;28;23m[38;2;60;28;23m▄[48;2;56;29;23m[38;2;58;29;23m▄[48;2;55;31;26m[38;2;56;30;25m▄[48;2;44;25;20m[38;2;41;23;18m▄[48;2;32;18;16m[38;2;30;16;14m▄[48;2;32;22;21m[38;2;31;20;20m▄[48;2;30;21;21m[38;2;29;19;20m▄[48;2;28;19;18m[38;2;28;17;16m▄[48;2;26;19;18m[38;2;28;20;19m▄[48;2;23;18;18m[38;2;27;22;21m▄[48;2;22;18;17m[38;2;26;22;21m▄[48;2;21;17;15m[38;2;21;17;15m▄[48;2;14;7;6m[38;2;13;6;4m▄[48;2;90;80;77m[38;2;109;98;94m▄[48;2;29;24;23m[38;2;53;48;46m▄[48;2;5;9;12m[38;2;1;6;9m▄[48;2;14;18;22m[38;2;19;23;26m▄[48;2;17;21;23m[38;2;16;20;21m▄[48;2;17;20;21m[38;2;18;21;22m▄[48;2;23;24;26m[38;2;19;20;22m▄[48;2;24;25;27m[38;2;18;19;21m▄[48;2;21;22;24m▄[48;2;19;20;19m[38;2;19;20;20m▄[48;2;20;19;18m[38;2;25;25;22m▄[48;2;20;20;18m[38;2;31;32;29m▄[48;2;26;25;25m[38;2;35;35;32m▄[48;2;32;31;30m[38;2;34;35;30m▄[48;2;35;36;31m[38;2;31;32;25m▄[48;2;32;32;25m[38;2;32;34;23m▄[48;2;36;38;27m[38;2;43;45;33m▄[48;2;46;46;32m[38;2;56;56;40m▄[48;2;50;51;35m[38;2;64;64;47m▄[48;2;49;51;42m[38;2;48;51;41m▄[48;2;34;36;32m[38;2;31;33;30m▄[48;2;22;22;17m[38;2;25;25;21m▄[48;2;59;52;40m[38;2;48;40;31m▄[48;2;171;155;139m[38;2;145;128;114m▄[48;2;202;178;161m[38;2;129;104;89m▄[48;2;218;189;170m[38;2;153;122;105m▄[48;2;201;168;145m[38;2;188;155;131m▄[48;2;182;143;116m[38;2;201;160;134m▄[48;2;160;115;87m[38;2;176;133;106m▄[48;2;167;124;99m[38;2;158;117;92m▄[48;2;161;124;102m[38;2;131;94;73m▄[48;2;123;91;69m[38;2;144;110;91m▄[48;2;180;148;127m[38;2;178;144;124m▄[48;2;149;119;100m[38;2;122;89;69m▄[48;2;114;91;76m[38;2;118;91;75m▄[48;2;74;59;48m[38;2;73;57;45m▄[48;2;71;58;48m[38;2;77;63;54m▄[48;2;175;157;140m[38;2;194;174;157m▄[48;2;202;175;153m[38;2;190;163;139m▄[48;2;173;146;124m[38;2;166;138;116m▄[48;2;145;123;107m[38;2;123;101;86m▄[48;2;68;50;39m[38;2;44;28;19m▄[48;2;54;35;28m[38;2;50;33;28m▄[0m
[48;2;146;115;90m[38;2;127;99;76m▄[48;2;125;90;70m[38;2;121;90;70m▄[48;2;108;70;54m[38;2;103;69;52m▄[48;2;97;57;41m[38;2;95;60;44m▄[48;2;129;92;73m[38;2;118;85;66m▄[48;2;179;145;124m[38;2;148;115;94m▄[48;2;211;181;162m[38;2;168;136;115m▄[48;2;169;150;136m[38;2;191;166;145m▄[48;2;117;100;91m[38;2;127;107;95m▄[48;2;131;114;110m[38;2;117;99;95m▄[48;2;118;102;95m[38;2;118;98;94m▄[48;2;151;129;116m[38;2;179;151;137m▄[48;2;233;205;186m[38;2;222;178;159m▄[48;2;239;203;184m[38;2;211;152;133m▄[48;2;241;199;182m[38;2;231;161;145m▄[48;2;245;196;179m[38;2;221;147;128m▄[48;2;255;200;178m[38;2;204;133;111m▄[48;2;233;172;148m[38;2;210;144;119m▄[48;2;196;133;109m[38;2;230;165;138m▄[48;2;139;75;51m[38;2;240;174;149m▄[48;2;176;111;86m[38;2;210;141;119m▄[48;2;255;194;173m[38;2;195;121;104m▄[48;2;241;175;159m[38;2;195;116;102m▄[48;2;209;133;118m[38;2;183;106;94m▄[48;2;131;66;50m[38;2;110;48;33m▄[48;2;131;82;66m[38;2;83;34;19m▄[48;2;159;120;108m[38;2;147;104;92m▄[48;2;134;106;96m[38;2;179;147;136m▄[48;2;165;150;137m[38;2;168;150;137m▄[48;2;186;176;162m[38;2;173;159;145m▄[48;2;184;171;158m[38;2;186;168;154m▄[48;2;169;152;141m[38;2;196;178;165m▄[48;2;126;114;102m[38;2;187;179;160m▄[48;2;99;93;79m[38;2;161;162;140m▄[48;2;129;125;110m[38;2;125;127;103m▄[48;2;164;158;143m[38;2;124;122;99m▄[48;2;160;154;137m[38;2;138;135;113m▄[48;2;147;144;124m[38;2;160;160;137m▄[48;2;128;129;106m[38;2;155;159;136m▄[48;2;117;117;97m[38;2;123;125;104m▄[48;2;88;90;68m[38;2;120;121;99m▄[48;2;77;79;55m[38;2;98;100;77m▄[48;2;90;90;67m[38;2;80;79;57m▄[48;2;88;85;65m[38;2;71;69;49m▄[48;2;66;63;46m[38;2;90;89;72m▄[48;2;54;51;39m[38;2;70;66;55m▄[48;2;68;65;55m[38;2;42;38;28m▄[48;2;59;58;46m[38;2;64;61;52m▄[48;2;39;38;25m[38;2;68;67;55m▄[48;2;36;36;23m[38;2;52;52;39m▄[48;2;64;65;54m[38;2;33;33;20m▄[48;2;58;58;49m[38;2;48;48;38m▄[48;2;32;32;26m[38;2;48;48;40m▄[48;2;32;33;30m[38;2;28;30;26m▄[48;2;43;42;40m[38;2;31;31;28m▄[48;2;41;41;36m[38;2;21;23;18m▄[48;2;28;28;26m[38;2;27;30;28m▄[48;2;12;14;15m[38;2;26;30;31m▄[48;2;8;12;14m[38;2;12;15;17m▄[48;2;14;18;20m[38;2;17;17;19m▄[48;2;12;11;12m[38;2;12;9;9m▄[48;2;44;37;38m[38;2;61;55;54m▄[48;2;93;82;79m[38;2;107;95;90m▄[48;2;101;86;76m[38;2;125;103;92m▄[48;2;137;113;102m[38;2;167;137;125m▄[48;2;91;55;43m[38;2;106;69;56m▄[48;2;85;40;27m[38;2;78;34;21m▄[48;2;90;41;31m[38;2;82;35;24m▄[48;2;76;30;23m[38;2;78;33;23m▄[48;2;65;24;18m[38;2;70;30;23m▄[48;2;68;29;24m[38;2;65;26;19m▄[48;2;77;36;27m[38;2;68;29;20m▄[48;2;87;42;31m[38;2;79;36;25m▄[48;2;93;42;30m[38;2;88;40;28m▄[48;2;101;46;31m[38;2;98;44;31m▄[48;2;109;50;34m[38;2;97;41;27m▄[48;2;114;54;40m[38;2;100;41;29m▄[48;2;110;51;39m[38;2;99;41;30m▄[48;2;108;47;35m[38;2;99;41;29m▄[48;2;108;47;33m[38;2;100;42;28m▄[48;2;108;48;33m[38;2;102;43;29m▄[48;2;115;52;38m[38;2;105;44;32m▄[48;2;121;56;42m[38;2;111;49;37m▄[48;2;124;60;44m[38;2;109;50;35m▄[48;2;122;59;42m[38;2;102;46;31m▄[48;2;120;58;41m[38;2;97;45;28m▄[48;2;117;57;40m[38;2;100;47;32m▄[48;2;110;50;35m[38;2;99;40;32m▄[48;2;116;54;37m[38;2;100;42;31m▄[48;2;117;58;42m[38;2;104;51;39m▄[48;2;84;34;22m[38;2;77;33;22m▄[48;2;64;27;19m[38;2;62;26;19m▄[48;2;53;22;16m[38;2;52;20;15m▄[48;2;55;25;20m[38;2;54;23;17m▄[48;2;66;31;22m[38;2;70;34;27m▄[48;2;74;33;22m[38;2;75;34;26m▄[48;2;72;32;23m[38;2;71;33;24m▄[48;2;72;34;24m[38;2;67;30;20m▄[48;2;71;32;23m[38;2;68;29;20m▄[48;2;70;29;21m[38;2;66;23;17m▄[38;2;67;25;18m▄[48;2;73;34;24m[38;2;69;30;22m▄[48;2;66;31;22m[38;2;61;27;20m▄[48;2;60;28;23m[38;2;56;26;20m▄[48;2;63;30;26m[38;2;64;30;26m▄[48;2;62;30;27m[38;2;62;28;27m▄[48;2;59;33;29m[38;2;59;32;30m▄[48;2;39;20;17m[38;2;39;20;17m▄[48;2;31;17;15m[38;2;36;22;19m▄[48;2;28;16;15m[38;2;31;17;16m▄[48;2;29;18;18m[38;2;29;16;15m▄[48;2;29;20;18m[38;2;26;18;16m▄[48;2;27;19;18m[38;2;25;17;14m▄[48;2;24;19;18m[38;2;24;18;16m▄[48;2;24;21;21m[38;2;20;18;18m▄[48;2;19;16;15m[38;2;12;9;10m▄[48;2;25;16;13m[38;2;36;25;21m▄[48;2;126;109;100m[38;2;122;100;90m▄[48;2;106;92;85m[38;2;127;106;94m▄[48;2;20;16;15m[38;2;64;53;47m▄[48;2;23;22;24m[38;2;17;13;13m▄[48;2;14;17;21m[38;2;16;19;23m▄[48;2;17;22;25m[38;2;14;19;23m▄[48;2;15;17;19m[38;2;15;18;19m▄[48;2;18;18;19m[38;2;21;21;20m▄[48;2;21;21;22m[38;2;23;23;23m▄[48;2;23;25;22m[38;2;25;28;24m▄[48;2;28;31;24m[38;2;25;30;23m▄[48;2;33;36;32m[38;2;22;25;22m▄[48;2;31;32;30m[38;2;21;22;20m▄[48;2;26;27;24m[38;2;25;25;22m▄[48;2;27;27;20m[38;2;41;41;34m▄[48;2;45;45;32m[38;2;51;51;37m▄[48;2;60;61;42m[38;2;68;68;47m▄[48;2;66;67;45m[38;2;69;67;46m▄[48;2;58;58;40m[38;2;50;48;36m▄[48;2;40;44;35m[38;2;31;35;30m▄[48;2;24;30;26m[38;2;20;28;27m▄[48;2;22;26;21m[38;2;18;25;21m▄[48;2;34;31;22m[38;2;22;23;14m▄[48;2;120;109;98m[38;2;89;84;72m▄[48;2;79;62;53m[38;2;84;74;65m▄[48;2;100;75;61m[38;2;83;63;51m▄[48;2;169;134;112m[38;2;143;112;91m▄[48;2;189;150;123m[38;2;180;144;121m▄[48;2;181;139;111m[38;2;181;140;114m▄[48;2;161;119;92m[38;2;163;120;93m▄[48;2;123;84;59m[38;2;165;125;98m▄[48;2;164;132;110m[38;2;198;165;140m▄[48;2;165;137;117m[38;2;160;133;113m▄[48;2;90;63;49m[38;2;74;53;41m▄[48;2;105;84;73m[38;2;73;56;50m▄[48;2;79;63;52m[38;2;80;63;53m▄[48;2;95;80;68m[38;2;130;112;99m▄[48;2;207;187;169m[38;2;212;192;174m▄[48;2;180;155;134m[38;2;178;156;137m▄[48;2;152;128;110m[38;2;140;121;106m▄[48;2;99;80;68m[38;2;72;56;46m▄[48;2;36;24;16m[38;2;38;26;19m▄[48;2;45;34;28m[38;2;54;42;35m▄[0m
[48;2;115;89;66m[38;2;102;80;57m▄[48;2;123;95;74m[38;2;107;81;62m▄[48;2;113;82;63m[38;2;121;93;74m▄[48;2;92;60;42m[38;2;103;76;55m▄[48;2;111;80;60m[38;2;110;82;61m▄[48;2;140;109;87m[38;2;125;98;77m▄[48;2;140;109;88m[38;2;138;111;89m▄[48;2;167;137;119m[38;2;157;127;111m▄[48;2;133;109;100m[38;2;142;118;108m▄[48;2;101;84;79m[38;2;93;75;69m▄[48;2;114;96;88m[38;2;121;102;92m▄[48;2;149;119;104m[38;2;194;163;146m▄[48;2;224;172;155m[38;2;248;200;179m▄[48;2;181;111;96m[38;2;222;163;143m▄[48;2;185;102;90m[38;2;169;104;87m▄[48;2;178;91;70m[38;2;147;73;51m▄[48;2;163;81;54m[38;2;144;65;40m▄[48;2;203;126;95m[38;2;171;88;60m▄[48;2;216;143;112m[38;2;184;101;71m▄[48;2;215;144;115m[38;2;169;90;63m▄[48;2;195;124;103m[38;2;144;71;52m▄[48;2;119;45;33m[38;2;106;38;27m▄[48;2;116;42;35m[38;2;80;20;13m▄[48;2;105;47;41m[38;2;54;11;5m▄[48;2;78;29;21m[38;2;72;31;24m▄[48;2;75;29;21m[38;2;80;35;29m▄[48;2;137;94;84m[38;2;111;69;58m▄[48;2;220;189;174m[38;2;161;133;116m▄[48;2;209;191;170m[38;2;178;163;138m▄[48;2;226;205;182m[38;2;207;186;160m▄[48;2;218;189;168m[38;2;220;186;164m▄[48;2;180;159;138m[38;2;190;163;137m▄[48;2;146;135;114m[38;2;144;127;103m▄[48;2;139;139;116m[38;2;111;104;82m▄[48;2;129;134;112m[38;2;113;114;96m▄[48;2;87;91;70m[38;2;74;79;62m▄[48;2;68;69;49m[38;2;76;80;63m▄[48;2;81;85;63m[38;2;68;70;51m▄[48;2;125;130;106m[38;2;69;71;48m▄[48;2;95;97;75m[38;2;102;104;82m▄[48;2;60;62;40m[38;2;49;51;30m▄[48;2;100;102;81m[38;2;38;39;22m▄[48;2;114;114;95m[38;2;74;74;59m▄[48;2;80;79;62m[38;2;99;99;84m▄[48;2;59;58;40m[38;2;80;81;64m▄[48;2;72;71;54m[38;2;52;52;31m▄[48;2;67;66;49m[38;2;59;58;39m▄[48;2;32;31;21m[38;2;52;52;41m▄[48;2;47;46;35m[38;2;26;26;16m▄[48;2;56;56;45m[38;2;33;33;23m▄[48;2;52;52;42m[38;2;40;40;32m▄[48;2;29;29;19m[38;2;45;45;38m▄[48;2;27;28;21m[38;2;21;22;16m▄[48;2;33;34;30m[38;2;19;20;16m▄[48;2;12;12;10m[38;2;25;25;24m▄[48;2;15;16;13m[38;2;11;11;11m▄[48;2;22;24;23m[38;2;14;17;18m▄[48;2;28;32;33m[38;2;19;23;24m▄[48;2;27;31;32m[38;2;28;31;32m▄[48;2;18;19;20m[38;2;33;33;33m▄[48;2;12;9;8m[38;2;32;27;24m▄[48;2;79;73;70m[38;2;105;97;92m▄[48;2;130;116;112m[38;2;118;104;98m▄[48;2;178;150;140m[38;2;164;139;132m▄[48;2;214;179;168m[38;2;202;170;161m▄[48;2;129;85;73m[38;2;141;97;86m▄[48;2;87;35;20m[38;2;87;33;19m▄[48;2;98;42;26m[38;2;111;48;31m▄[48;2;105;49;32m[38;2;121;56;37m▄[48;2;104;51;34m[38;2;132;68;46m▄[48;2;98;47;31m[38;2;130;67;45m▄[48;2;89;38;24m[38;2;117;56;37m▄[48;2;91;39;25m[38;2;117;58;42m▄[48;2;90;37;23m[38;2;103;46;32m▄[48;2;99;43;30m[38;2;101;44;32m▄[48;2;96;38;25m[38;2;104;44;32m▄[48;2;98;38;23m[38;2;105;43;29m▄[48;2;105;42;28m[38;2;110;44;28m▄[48;2;103;39;25m[38;2;119;51;33m▄[48;2;105;42;28m[38;2;122;55;38m▄[48;2;109;46;32m[38;2;117;49;32m▄[48;2;114;51;38m[38;2;119;52;36m▄[48;2;114;53;40m[38;2;120;56;40m▄[48;2;113;53;39m[38;2;120;59;42m▄[48;2;100;44;29m[38;2;114;55;41m▄[48;2;96;43;28m[38;2;109;53;38m▄[48;2;97;43;29m[38;2;107;51;36m▄[48;2;93;37;26m[38;2;104;49;33m▄[48;2;90;36;23m[38;2;106;52;35m▄[48;2;90;42;30m[38;2;114;65;50m▄[48;2;75;33;25m[38;2;89;46;37m▄[48;2;73;37;31m[38;2;73;32;27m▄[48;2;68;32;28m[38;2;74;30;24m▄[48;2;71;31;24m[38;2;90;40;30m▄[48;2;90;43;35m[38;2;110;53;42m▄[48;2;91;40;32m[38;2;113;52;42m▄[48;2;85;38;29m[38;2;102;48;36m▄[48;2;75;32;23m[38;2;91;41;29m▄[48;2;74;30;22m[38;2;88;38;28m▄[48;2;74;28;23m[38;2;86;37;29m▄[48;2;74;32;26m[38;2;84;37;30m▄[48;2;72;33;26m[38;2;76;33;26m▄[48;2;63;28;21m[38;2;60;25;16m▄[48;2;58;26;20m[38;2;54;23;15m▄[48;2;60;26;21m[38;2;58;24;18m▄[48;2;64;30;27m[38;2;65;30;26m▄[48;2;63;35;33m[38;2;62;33;30m▄[48;2;41;21;19m[38;2;42;21;17m▄[48;2;37;23;19m[38;2;42;26;23m▄[48;2;36;22;20m[38;2;41;25;23m▄[48;2;32;18;17m[38;2;35;18;17m▄[48;2;28;16;15m[38;2;32;19;18m▄[48;2;27;17;15m▄[48;2;24;16;15m[38;2;28;19;18m▄[48;2;24;18;19m[38;2;29;22;23m▄[48;2;14;7;8m[38;2;18;9;9m▄[48;2;44;31;28m[38;2;56;41;37m▄[48;2;116;92;82m[38;2;108;81;73m▄[48;2;104;80;70m[38;2;100;75;65m▄[48;2;64;53;48m[38;2;67;55;50m▄[48;2;15;11;11m[38;2;15;10;10m▄[48;2;13;16;20m[38;2;14;17;21m▄[48;2;12;17;21m[38;2;12;17;21m▄[48;2;18;21;22m[38;2;19;22;23m▄[48;2;21;22;21m[38;2;22;24;23m▄[48;2;25;26;25m[38;2;25;27;25m▄[48;2;24;27;25m[38;2;27;29;27m▄[48;2;23;26;22m[38;2;28;30;28m▄[48;2;22;23;18m[38;2;29;32;26m▄[48;2;26;28;21m[38;2;34;37;27m▄[48;2;39;41;32m[38;2;44;46;33m▄[48;2;44;44;33m[38;2;53;55;41m▄[48;2;59;60;46m[38;2;60;61;47m▄[48;2;70;71;54m[38;2;48;48;37m▄[48;2;50;49;34m[38;2;27;26;18m▄[48;2;29;27;21m[38;2;20;19;17m▄[48;2;19;21;21m[38;2;17;18;19m▄[48;2;15;20;22m[38;2;21;24;26m▄[48;2;16;22;19m[38;2;25;30;27m▄[48;2;23;25;16m[38;2;25;28;20m▄[48;2;68;62;50m[38;2;52;48;33m▄[48;2;90;78;65m[38;2;95;82;65m▄[48;2;76;54;40m[38;2;96;68;51m▄[48;2;127;96;79m[38;2;178;139;119m▄[48;2;161;126;106m[38;2;191;149;127m▄[48;2;162;120;98m[38;2;167;121;98m▄[48;2;163;120;95m[38;2;189;142;118m▄[48;2;196;153;128m[38;2;199;154;130m▄[48;2;201;164;140m[38;2;189;148;125m▄[48;2;157;124;101m[38;2;154;117;94m▄[48;2;77;51;37m[38;2;80;50;35m▄[48;2;64;46;39m[38;2;62;42;34m▄[48;2;80;62;54m[38;2;75;58;48m▄[48;2;168;150;138m[38;2;193;175;163m▄[48;2;208;188;171m[38;2;203;184;168m▄[48;2;181;160;141m[38;2;180;159;141m▄[48;2;136;117;101m[38;2;135;115;101m▄[48;2;61;45;36m[38;2;64;48;39m▄[48;2;44;27;22m[38;2;52;34;29m▄[48;2;59;39;34m[38;2;64;41;35m▄[0m
[48;2;105;86;67m[38;2;93;77;62m▄[48;2;104;83;63m[38;2;102;85;69m▄[48;2;98;75;55m[38;2;96;76;59m▄[48;2;107;84;64m[38;2;92;71;52m▄[48;2;102;79;59m[38;2;80;59;40m▄[48;2;103;80;60m[38;2;80;60;42m▄[48;2;126;103;82m[38;2;104;85;67m▄[48;2;121;98;82m[38;2;111;96;80m▄[48;2;125;106;94m[38;2;102;87;76m▄[48;2;90;69;62m[38;2;108;84;77m▄[48;2;162;130;123m[38;2;160;116;108m▄[48;2;238;192;176m[38;2;174;109;96m▄[48;2;239;185;163m[38;2;195;123;104m▄[48;2;242;190;167m[38;2;209;144;124m▄[48;2;245;196;175m[38;2;238;182;164m▄[48;2;251;196;179m[38;2;238;182;169m▄[48;2;237;174;155m[38;2;200;143;128m▄[48;2;216;144;121m[38;2;169;111;92m▄[48;2;190;112;87m[38;2;187;127;104m▄[48;2;163;87;64m[38;2;226;163;141m▄[48;2;129;61;45m[38;2;230;168;147m▄[48;2;111;51;36m[38;2;216;155;136m▄[48;2;99;46;34m[38;2;179;119;103m▄[48;2;76;33;22m[38;2;161;108;94m▄[48;2;80;35;25m[38;2;97;47;33m▄[48;2;94;46;37m[38;2;99;50;37m▄[48;2;98;54;43m[38;2;95;49;37m▄[48;2;111;86;69m[38;2;136;109;94m▄[48;2;99;90;68m[38;2;68;60;43m▄[48;2;148;134;114m[38;2;70;66;51m▄[48;2;172;144;125m[38;2;101;86;71m▄[48;2;187;156;129m[38;2;135;108;83m▄[48;2;165;139;115m[38;2;134;107;85m▄[48;2;114;99;79m[38;2;104;83;66m▄[48;2;98;92;76m[38;2;95;83;69m▄[48;2;58;58;45m[38;2;87;84;71m▄[48;2;33;35;21m[38;2;32;32;20m▄[48;2;82;80;65m[38;2;27;26;15m▄[48;2;79;76;58m[38;2;81;78;66m▄[48;2;72;73;53m[38;2;83;84;68m▄[48;2;89;90;72m[38;2;72;73;58m▄[48;2;41;42;28m[38;2;75;76;63m▄[48;2;31;32;19m[38;2;37;36;25m▄[48;2;44;44;31m[38;2;30;30;20m▄[48;2;66;67;52m[38;2;31;32;21m▄[48;2;70;71;52m[38;2;47;49;36m▄[48;2;54;54;36m[38;2;62;63;50m▄[48;2;51;51;40m[38;2;50;50;40m▄[48;2;39;39;29m[38;2;51;51;42m▄[48;2;17;17;9m[38;2;38;39;32m▄[48;2;22;23;16m[38;2;14;15;10m▄[48;2;35;36;31m[38;2;24;25;22m▄[48;2;43;44;39m[38;2;31;33;30m▄[48;2;25;25;22m[38;2;37;39;36m▄[48;2;22;22;21m[38;2;25;27;25m▄[48;2;24;25;26m[38;2;27;28;28m▄[48;2;12;14;15m[38;2;16;19;18m▄[48;2;17;21;21m[38;2;13;16;15m▄[48;2;21;24;23m[38;2;17;20;16m▄[48;2;35;33;32m[38;2;26;25;21m▄[48;2;82;76;72m[38;2;104;98;94m▄[48;2;101;91;86m[38;2;94;82;80m▄[48;2;86;74;68m[38;2;84;72;67m▄[48;2;106;91;86m[38;2;86;77;69m▄[48;2;142;119;113m[38;2;106;89;82m▄[48;2;129;94;84m[38;2;117;88;81m▄[48;2;86;37;25m[38;2;83;41;33m▄[48;2;112;53;39m[38;2;98;46;37m▄[48;2;126;60;43m[38;2;110;51;39m▄[48;2;136;68;48m[38;2;112;49;35m▄[48;2;134;66;46m[38;2;110;48;33m▄[48;2;119;57;36m[38;2;107;49;32m▄[48;2;118;57;39m[38;2;104;46;31m▄[48;2;109;51;36m[38;2;102;45;30m▄[48;2;105;47;35m[38;2;103;46;31m▄[48;2;105;47;33m[38;2;101;44;29m▄[48;2;113;50;35m[38;2;110;50;34m▄[48;2;116;50;32m[38;2;117;54;37m▄[48;2;128;58;39m[38;2;126;60;42m▄[48;2;133;60;40m[38;2;128;57;38m▄[48;2;128;56;36m[38;2;133;65;45m▄[48;2;130;61;42m[38;2;135;70;50m▄[48;2;125;59;40m[38;2;141;78;58m▄[48;2;126;62;43m[38;2;154;93;74m▄[48;2;127;65;47m[38;2;157;96;78m▄[48;2;133;72;55m[38;2;161;100;83m▄[48;2;138;79;60m[38;2;160;100;82m▄[48;2;142;84;63m[38;2;157;96;76m▄[48;2;149;92;71m[38;2;160;99;78m▄[48;2;163;109;90m[38;2;175;117;95m▄[48;2;121;73;60m[38;2;121;68;55m▄[48;2;87;40;33m[38;2;110;62;53m▄[48;2;103;54;44m[38;2;100;53;43m▄[48;2;105;50;37m[38;2;85;36;25m▄[48;2;121;60;46m[38;2;105;51;39m▄[48;2;118;56;42m[38;2;107;51;38m▄[48;2;107;50;35m[38;2;98;47;33m▄[48;2;97;43;28m[38;2;90;41;27m▄[48;2;90;37;25m[38;2;85;37;24m▄[48;2;90;37;26m[38;2;87;38;28m▄[48;2;91;41;32m[38;2;89;42;32m▄[48;2;79;35;24m[38;2;79;37;26m▄[48;2;63;27;17m[38;2;66;32;20m▄[48;2;61;30;21m[38;2;70;38;28m▄[48;2;65;29;23m[38;2;76;41;34m▄[48;2;69;33;28m[38;2;74;38;32m▄[48;2;65;35;31m[38;2;65;34;29m▄[48;2;41;18;14m[38;2;45;21;16m▄[48;2;43;25;21m[38;2;47;27;23m▄[48;2;46;27;24m[38;2;47;26;22m▄[48;2;40;23;21m[38;2;44;26;24m▄[48;2;36;22;20m[38;2;39;25;23m▄[48;2;36;22;21m[38;2;38;25;22m▄[48;2;34;22;21m[38;2;37;25;23m▄[48;2;34;25;25m[38;2;33;24;24m▄[48;2;20;10;10m[38;2;19;8;8m▄[48;2;68;50;47m[38;2;81;63;60m▄[48;2;103;75;66m[38;2;108;80;70m▄[48;2;108;82;72m[38;2;118;92;80m▄[48;2;69;56;50m[38;2;72;58;52m▄[48;2;10;5;4m[38;2;10;4;3m▄[48;2;17;19;23m[38;2;16;18;20m▄[48;2;16;21;24m[38;2;18;22;24m▄[48;2;20;23;22m[38;2;21;24;23m▄[48;2;22;24;22m[38;2;21;24;21m▄[48;2;23;26;23m[38;2;21;26;22m▄[48;2;23;26;24m[38;2;23;26;23m▄[48;2;28;29;27m[38;2;31;32;28m▄[48;2;31;32;26m[38;2;43;44;36m▄[48;2;43;46;34m[38;2;50;52;40m▄[48;2;52;54;41m[38;2;48;50;37m▄[48;2;52;54;40m[38;2;40;42;29m▄[48;2;42;44;31m[38;2;26;29;18m▄[48;2;29;30;21m[38;2;26;27;19m▄[48;2;22;22;17m[38;2;25;28;22m▄[48;2;16;17;15m[38;2;26;29;22m▄[48;2;24;24;23m[38;2;31;31;24m▄[48;2;31;32;31m[38;2;37;37;31m▄[48;2;30;34;31m[38;2;33;38;31m▄[48;2;27;31;23m[38;2;27;32;25m▄[48;2;38;33;20m[38;2;36;31;20m▄[48;2;101;87;70m[38;2;128;110;95m▄[48;2;121;86;64m[38;2;151;114;90m▄[48;2;194;141;115m[38;2;162;109;80m▄[48;2;200;148;122m[38;2;151;99;73m▄[48;2;173;120;96m[38;2;143;93;70m▄[48;2;178;128;104m[38;2;124;77;55m▄[48;2;179;134;110m[38;2;141;99;79m▄[48;2;183;142;121m[38;2;181;142;123m▄[48;2;148;111;91m[38;2;163;127;108m▄[48;2;84;52;36m[38;2;125;92;76m▄[48;2;59;35;24m[38;2;95;67;54m▄[48;2;79;60;48m[38;2;104;81;68m▄[48;2;207;189;176m[38;2;211;190;176m▄[48;2;196;177;160m[38;2;198;176;159m▄[48;2;174;151;134m[38;2;169;145;126m▄[48;2;133;111;97m[38;2;145;120;105m▄[48;2;97;79;69m[38;2;112;91;79m▄[48;2;62;44;36m[38;2;59;39;30m▄[48;2;69;49;41m[38;2;51;31;22m▄[0m
[48;2;65;52;40m[38;2;57;47;37m▄[48;2;66;50;37m[38;2;64;51;39m▄[48;2;77;59;44m[38;2;62;48;33m▄[48;2;88;69;53m[38;2;66;51;36m▄[48;2;81;63;47m[38;2;68;53;38m▄[48;2;77;60;44m[38;2;70;55;40m▄[48;2;82;66;51m[38;2;68;51;37m▄[48;2;94;76;63m[38;2;96;73;61m▄[48;2;90;75;64m[38;2;94;77;65m▄[48;2;119;99;88m[38;2;92;77;66m▄[48;2;151;112;99m[38;2;142;115;99m▄[48;2;134;71;54m[38;2;181;132;111m▄[48;2;139;65;45m[38;2;216;155;132m▄[48;2;148;81;60m[38;2;194;141;119m▄[48;2;196;137;118m[38;2;125;80;58m▄[48;2;184;122;103m[38;2;178;121;96m▄[48;2;129;67;48m[38;2;164;102;78m▄[48;2;105;44;25m[38;2;121;56;37m▄[48;2;122;61;42m[38;2;122;54;38m▄[48;2;158;97;77m[38;2;129;60;44m▄[48;2;168;107;86m[38;2;124;59;41m▄[48;2;152;91;69m[38;2;105;44;23m▄[48;2;118;54;35m[38;2;94;34;16m▄[48;2;126;65;52m[38;2;119;58;44m▄[48;2;95;44;29m[38;2;93;40;24m▄[48;2;95;47;32m[38;2;97;49;32m▄[48;2;95;48;36m[38;2;97;52;39m▄[48;2;108;77;64m[38;2;68;35;24m▄[48;2;93;81;66m[38;2;82;68;55m▄[48;2;39;39;25m[38;2;33;33;19m▄[48;2;67;62;49m[38;2;53;53;39m▄[48;2;75;57;35m[38;2;66;55;37m▄[48;2;109;86;66m[38;2;94;76;59m▄[48;2;93;71;55m[38;2;83;62;46m▄[48;2;73;59;44m[38;2;68;54;39m▄[48;2;69;66;52m[38;2;49;47;33m▄[48;2;50;53;42m[38;2;41;47;36m▄[48;2;22;26;18m[38;2;25;32;26m▄[48;2;25;25;18m[38;2;22;27;21m▄[48;2;50;49;38m[38;2;28;28;21m▄[48;2;58;58;46m[38;2;35;35;26m▄[48;2;60;60;48m[38;2;42;42;31m▄[48;2;59;58;47m[38;2;56;58;45m▄[48;2;24;25;14m[38;2;39;41;30m▄[48;2;30;31;23m[38;2;20;21;16m▄[48;2;27;28;22m[38;2;23;25;23m▄[48;2;38;41;34m[38;2;23;25;24m▄[48;2;53;54;44m[38;2;26;29;19m▄[48;2;43;44;36m[38;2;35;37;29m▄[48;2;47;48;41m[38;2;29;31;26m▄[48;2;29;30;27m[38;2;38;40;38m▄[48;2;17;17;16m[38;2;19;21;20m▄[48;2;22;24;22m[38;2;16;19;17m▄[48;2;21;23;20m[38;2;19;22;19m▄[48;2;22;24;21m[38;2;16;19;16m▄[48;2;20;22;20m[38;2;16;17;16m▄[48;2;22;25;22m[38;2;21;24;20m▄[48;2;9;13;9m[38;2;17;22;16m▄[48;2;12;14;9m[38;2;5;7;2m▄[48;2;28;26;22m[38;2;52;50;48m▄[48;2;110;103;101m[38;2;112;104;103m▄[48;2;93;80;81m[38;2;94;80;82m▄[48;2;95;78;77m[38;2;124;104;103m▄[48;2;113;96;86m[38;2;164;136;124m▄[48;2;141;120;110m[38;2;176;146;134m▄[48;2;143;114;105m[38;2;170;137;126m▄[48;2;71;35;26m[38;2;88;50;40m▄[48;2;76;33;23m[38;2;62;24;13m▄[48;2;80;35;23m[38;2;68;29;17m▄[48;2;83;38;24m[38;2;65;28;13m▄[48;2;82;36;22m[38;2;67;29;15m▄[48;2;83;35;25m[38;2;77;31;22m▄[48;2;90;39;28m[38;2;81;31;20m▄[48;2;95;41;27m[38;2;93;39;24m▄[48;2;97;41;26m[38;2;97;40;23m▄[48;2;102;45;29m[38;2;103;45;28m▄[48;2;99;42;25m[38;2;107;50;33m▄[48;2;102;44;28m[38;2;98;43;28m▄[48;2;107;49;33m[38;2;91;39;25m▄[48;2;109;48;32m[38;2;84;32;21m▄[48;2;114;54;38m[38;2;85;36;24m▄[48;2;122;64;48m[38;2;91;44;32m▄[48;2;122;67;50m[38;2;88;43;29m▄[38;2;88;43;30m▄[48;2;123;68;53m[38;2;84;39;25m▄[48;2;125;69;54m[38;2;86;38;26m▄[48;2;124;67;52m[38;2;87;36;26m▄[48;2;125;66;51m[38;2;91;36;27m▄[48;2;127;66;48m[38;2;98;41;28m▄[48;2;144;84;63m[38;2;111;55;38m▄[48;2;100;46;33m[38;2;80;31;20m▄[48;2;90;44;36m[38;2;68;30;25m▄[48;2;82;42;35m[38;2;53;25;21m▄[48;2;62;24;21m[38;2;39;15;15m▄[48;2;74;34;30m[38;2;50;24;22m▄[48;2;77;35;27m[38;2;55;27;22m▄[48;2;71;34;24m[38;2;51;26;21m▄[48;2;65;31;21m[38;2;49;25;20m▄[48;2;67;30;22m[38;2;51;25;21m▄[48;2;74;35;28m[38;2;59;29;26m▄[48;2;73;35;28m[38;2;58;28;25m▄[48;2;67;31;25m[38;2;50;22;20m▄[48;2;58;26;18m[38;2;51;22;16m▄[48;2;62;31;20m[38;2;61;28;18m▄[48;2;72;36;28m[38;2;64;27;19m▄[48;2;72;36;30m▄[48;2;67;35;30m[38;2;69;35;28m▄[48;2;44;20;15m[38;2;47;20;13m▄[48;2;41;21;16m[38;2;41;20;12m▄[48;2;43;22;18m[38;2;49;25;21m▄[48;2;41;22;21m[38;2;39;18;16m▄[48;2;36;23;20m[38;2;30;16;13m▄[48;2;34;22;18m[38;2;27;14;11m▄[48;2;32;21;18m[38;2;22;12;9m▄[48;2;25;17;17m[38;2;20;12;11m▄[48;2;20;10;10m[38;2;22;14;12m▄[48;2;83;66;62m[38;2;103;87;82m▄[48;2;110;82;72m[38;2;110;84;74m▄[48;2;123;97;85m[38;2;119;93;81m▄[48;2;89;75;69m[38;2;118;102;95m▄[48;2;15;9;8m[38;2;24;18;15m▄[48;2;18;20;23m[38;2;13;15;15m▄[48;2;14;18;20m[38;2;11;17;17m▄[48;2;15;20;19m[38;2;15;21;19m▄[48;2;18;23;19m[38;2;25;29;25m▄[48;2;21;27;22m[38;2;32;38;32m▄[48;2;28;32;26m[38;2;38;42;34m▄[48;2;43;44;35m[38;2;40;41;30m▄[38;2;31;34;25m▄[48;2;42;44;33m[38;2;33;35;27m▄[48;2;36;38;28m[38;2;38;40;32m▄[48;2;33;35;25m[38;2;45;46;38m▄[48;2;34;36;26m[38;2;48;50;40m▄[48;2;34;35;27m[38;2;55;58;48m▄[48;2;40;45;33m[38;2;55;61;48m▄[48;2;44;50;35m[38;2;52;57;42m▄[48;2;47;47;33m[38;2;58;57;42m▄[48;2;52;51;39m[38;2;56;55;42m▄[48;2;45;50;40m[38;2;49;53;44m▄[48;2;39;45;38m[38;2;39;45;37m▄[48;2;42;37;27m[38;2;37;33;25m▄[48;2;132;112;97m[38;2;120;103;89m▄[48;2;137;102;83m[38;2;89;62;47m▄[48;2;121;79;58m[38;2;59;30;18m▄[48;2;110;68;51m[38;2;72;41;30m▄[48;2;109;69;53m[38;2;73;41;30m▄[48;2;85;46;32m[38;2;86;53;42m▄[48;2;91;53;37m[38;2;83;49;35m▄[48;2;140;102;84m[38;2;90;57;40m▄[48;2;170;132;112m[38;2;114;81;62m▄[48;2;153;116;98m[38;2;98;66;48m▄[48;2;132;99;82m[38;2;92;61;45m▄[48;2;128;101;85m[38;2;97;70;54m▄[48;2;203;178;162m[38;2;184;159;142m▄[48;2;204;180;162m[38;2;219;192;173m▄[48;2;180;154;135m[38;2;160;131;110m▄[48;2;142;116;98m[38;2;131;103;85m▄[48;2;113;89;75m[38;2;104;78;66m▄[48;2;82;55;46m[38;2;90;58;50m▄[48;2;61;34;26m[38;2;100;64;56m▄[0m
[48;2;63;53;41m[38;2;93;72;48m▄[48;2;69;57;41m[38;2;97;75;47m▄[48;2;79;64;46m[38;2;104;80;51m▄[48;2;77;60;44m[38;2;109;82;57m▄[48;2;72;54;39m[38;2;108;81;57m▄[48;2;72;56;37m[38;2;113;88;62m▄[48;2;75;58;37m[38;2;127;103;74m▄[48;2;105;80;62m[38;2;144;117;93m▄[48;2;121;100;88m[38;2;174;152;136m▄[48;2;87;74;64m[38;2;127;111;99m▄[48;2;103;82;70m[38;2;79;58;44m▄[48;2;194;149;133m[38;2;179;134;117m▄[48;2;229;169;153m[38;2;192;129;113m▄[48;2;211;164;151m[38;2;142;87;72m▄[48;2;131;101;87m[38;2;119;78;62m▄[48;2;238;194;174m[38;2;196;137;118m▄[48;2;241;189;168m[38;2;180;116;95m▄[48;2;190;134;115m[38;2;139;74;54m▄[48;2;173;113;95m[38;2;136;71;51m▄[48;2;186;123;104m[38;2;167;103;81m▄[48;2;193;130;109m[38;2;177;115;93m▄[48;2;186;123;102m[38;2;167;107;84m▄[48;2;171;109;90m[38;2;126;68;46m▄[48;2;187;131;113m[38;2;117;63;46m▄[48;2;137;81;61m[38;2;109;55;38m▄[48;2;95;43;23m[38;2;95;46;31m▄[48;2;93;53;38m[38;2;80;46;34m▄[48;2;50;26;17m[38;2;33;15;8m▄[48;2;66;56;48m[38;2;58;52;48m▄[48;2;44;40;28m[38;2;41;40;33m▄[48;2;53;49;35m[38;2;41;41;31m▄[48;2;64;55;43m[38;2;44;37;29m▄[48;2;72;56;44m[38;2;53;38;29m▄[48;2;88;68;55m[38;2;63;45;34m▄[48;2;65;49;37m[38;2;57;42;33m▄[48;2;37;32;22m[38;2;31;27;20m▄[48;2;32;35;28m[38;2;22;26;20m▄[48;2;38;43;37m[38;2;38;42;36m▄[48;2;22;25;19m[38;2;25;26;21m▄[48;2;22;24;21m[38;2;18;20;17m▄[48;2;24;26;22m[38;2;20;22;19m▄[48;2;31;33;27m[38;2;26;28;23m▄[48;2;33;36;29m[38;2;23;26;19m▄[48;2;50;53;46m[38;2;33;36;30m▄[48;2;27;29;25m[38;2;42;44;40m▄[48;2;22;24;22m[38;2;21;23;20m▄[48;2;21;23;21m[38;2;15;17;15m▄[48;2;16;22;18m[38;2;21;22;22m▄[48;2;23;29;25m[38;2;23;24;25m▄[48;2;24;27;24m[38;2;22;24;24m▄[48;2;29;33;30m[38;2;19;22;21m▄[48;2;30;34;31m[38;2;26;29;27m▄[48;2;13;18;15m[38;2;19;22;20m▄[48;2;16;22;17m[38;2;15;18;16m▄[48;2;16;22;20m[38;2;20;23;21m▄[48;2;20;19;24m[38;2;18;20;19m▄[48;2;20;21;18m[38;2;13;13;6m▄[48;2;18;21;12m[38;2;21;19;10m▄[48;2;16;17;14m[38;2;75;72;68m▄[48;2;95;92;92m[38;2;89;83;85m▄[48;2;94;86;89m[38;2;82;71;76m▄[48;2;89;77;76m[38;2;91;79;78m▄[48;2;131;112;104m[38;2;127;108;102m▄[48;2;180;147;133m[38;2;152;123;110m▄[48;2;170;134;120m[38;2;133;99;86m▄[48;2;160;121;109m[38;2;151;111;98m▄[48;2;119;77;66m[38;2;117;70;56m▄[48;2;78;34;23m[38;2;92;41;26m▄[48;2;90;42;29m[38;2;98;45;29m▄[48;2;93;44;30m[38;2;112;58;42m▄[48;2;105;53;37m[38;2;119;62;46m▄[48;2;107;48;31m[38;2;126;66;48m▄[48;2;105;45;27m[38;2;125;63;45m▄[48;2;109;46;28m[38;2;124;61;43m▄[48;2;117;54;35m[38;2;128;65;46m▄[48;2;125;63;45m[38;2;145;84;65m▄[48;2;121;62;45m[38;2;157;100;81m▄[48;2;105;50;33m[38;2;137;85;68m▄[48;2;92;43;28m[38;2;129;80;64m▄[48;2;77;35;23m[38;2;111;63;50m▄[48;2;70;30;19m[38;2;100;54;41m▄[48;2;68;31;19m[38;2;97;53;41m▄[48;2;68;32;20m[38;2;91;49;36m▄[48;2;66;30;19m[38;2;92;50;38m▄[48;2;68;31;21m[38;2;100;58;47m▄[48;2;68;31;22m[38;2;101;58;48m▄[48;2;66;26;18m[38;2;103;58;47m▄[48;2;78;33;26m[38;2;100;55;38m▄[48;2;77;29;19m[38;2;96;46;29m▄[48;2;84;38;28m[38;2;90;40;25m▄[48;2;67;30;22m[38;2;77;35;22m▄[48;2;47;24;18m[38;2;64;33;21m▄[48;2;37;21;15m[38;2;60;31;21m▄[48;2;36;18;12m[38;2;64;31;21m▄[48;2;47;26;19m[38;2;76;37;27m▄[48;2;50;26;20m[38;2;73;32;24m▄[48;2;47;24;19m[38;2;67;29;21m▄[48;2;46;22;21m[38;2;64;30;20m▄[48;2;48;25;24m[38;2;64;31;21m▄[48;2;55;29;29m[38;2;64;28;19m▄[48;2;53;25;23m[38;2;69;28;17m▄[48;2;51;22;17m[38;2;79;32;23m▄[48;2;57;24;16m[38;2;88;38;25m▄[48;2;71;30;19m[38;2;99;48;29m▄[48;2;79;32;22m[38;2;110;52;37m▄[48;2;84;35;24m[38;2;113;50;40m▄[48;2;91;45;35m[38;2;117;60;51m▄[48;2;72;36;24m[38;2;91;45;38m▄[48;2;61;31;22m[38;2;68;33;27m▄[48;2;59;33;27m[38;2;58;32;27m▄[48;2;50;27;24m[38;2;51;27;24m▄[48;2;38;20;20m[38;2;46;21;20m▄[48;2;32;16;14m[38;2;42;19;18m▄[48;2;29;17;14m[38;2;47;29;27m▄[48;2;30;20;17m[38;2;51;37;33m▄[48;2;29;16;11m[38;2;47;30;25m▄[48;2;100;81;74m[38;2;39;18;12m▄[48;2;125;99;92m[38;2;99;72;67m▄[48;2;122;93;82m[38;2;120;91;83m▄[48;2;138;116;103m[38;2;116;93;80m▄[48;2;61;53;42m[38;2;98;87;76m▄[48;2;14;17;9m[38;2;21;21;14m▄[48;2;19;24;21m[38;2;21;24;22m▄[48;2;25;28;27m[38;2;24;26;26m▄[48;2;32;33;31m[38;2;25;26;25m▄[48;2;31;35;29m[38;2;22;25;20m▄[48;2;30;36;28m[38;2;21;26;21m▄[48;2;29;35;27m[38;2;23;28;24m▄[48;2;30;35;28m[38;2;22;26;21m▄[48;2;34;39;32m[38;2;21;25;19m▄[48;2;37;41;33m[38;2;21;24;17m▄[48;2;40;43;34m[38;2;24;26;18m▄[48;2;35;38;29m[38;2;28;29;20m▄[48;2;38;40;31m[38;2;31;32;23m▄[48;2;31;33;26m[38;2;31;34;23m▄[48;2;28;30;24m[38;2;32;34;22m▄[48;2;30;29;23m[38;2;37;38;25m▄[48;2;30;30;23m[38;2;41;43;32m▄[48;2;30;32;27m[38;2;40;41;36m▄[48;2;25;29;24m[38;2;31;33;30m▄[48;2;21;21;14m[38;2;20;21;16m▄[48;2;83;79;66m[38;2;55;53;43m▄[48;2;90;78;62m[38;2;105;91;78m▄[48;2;65;43;30m[38;2;95;68;52m▄[48;2;95;65;50m[38;2;117;84;66m▄[48;2;98;63;45m[38;2;127;88;68m▄[48;2;115;79;61m[38;2;143;104;84m▄[48;2;108;75;61m[38;2;122;88;73m▄[48;2;71;47;36m[38;2;78;55;44m▄[48;2;56;41;33m[38;2;57;45;38m▄[48;2;51;39;34m[38;2;56;47;44m▄[48;2;56;42;36m[38;2;60;49;46m▄[48;2;80;63;52m[38;2;83;67;58m▄[48;2;136;113;96m[38;2;147;123;106m▄[48;2;180;150;127m[38;2;136;103;80m▄[48;2;139;105;82m[38;2;101;64;40m▄[48;2;120;89;74m[38;2;83;52;33m▄[48;2;66;42;37m[38;2;52;30;19m▄[48;2;83;51;45m[38;2;54;32;25m▄[48;2;94;61;50m[38;2;52;34;26m▄[0m
[48;2;129;103;69m[38;2;132;106;70m▄[48;2;129;101;65m[38;2;137;110;72m▄[48;2;116;88;53m[38;2;138;111;76m▄[48;2;110;80;51m[38;2;118;91;62m▄[48;2;123;94;67m[38;2;113;87;62m▄[48;2;133;107;79m[38;2;129;106;81m▄[48;2;149;122;93m[38;2;138;116;88m▄[48;2;177;149;119m[38;2;165;138;105m▄[48;2;198;173;150m[38;2;197;170;144m▄[48;2;175;156;140m[38;2;195;173;155m▄[48;2;95;73;57m[38;2;120;98;80m▄[48;2;150;106;89m[38;2;143;102;86m▄[48;2;197;129;113m[38;2;216;152;135m▄[48;2;149;83;65m[38;2;222;152;132m▄[48;2;104;48;27m[38;2;204;141;116m▄[48;2;147;85;66m[38;2;190;130;104m▄[48;2;132;68;50m[38;2;186;124;100m▄[48;2;102;39;20m[38;2;181;119;95m▄[48;2;105;42;24m[38;2;188;124;103m▄[48;2;129;67;49m[38;2;196;131;112m▄[48;2;128;68;51m[38;2;199;134;117m▄[48;2;120;61;44m[38;2;167;101;85m▄[48;2;106;50;33m[38;2;139;74;60m▄[48;2;82;28;14m[38;2;100;44;31m▄[48;2;87;36;23m[38;2;100;52;39m▄[48;2;89;46;35m[38;2;84;47;37m▄[48;2;62;32;25m[38;2;55;30;23m▄[48;2;31;15;12m[38;2;36;22;18m▄[48;2;51;47;46m[38;2;53;48;45m▄[48;2;34;35;31m[38;2;27;27;24m▄[48;2;29;31;27m[38;2;23;25;22m▄[48;2;32;29;25m[38;2;29;30;27m▄[48;2;45;35;28m[38;2;42;35;32m▄[48;2;48;34;26m[38;2;46;35;30m▄[48;2;44;34;28m[38;2;39;32;28m▄[48;2;27;25;20m[38;2;18;20;17m▄[48;2;17;23;18m[38;2;13;19;17m▄[48;2;26;31;25m[38;2;25;28;24m▄[48;2;29;30;24m[38;2;31;31;26m▄[48;2;15;17;14m[38;2;19;21;18m▄[48;2;19;21;18m▄[48;2;25;27;23m[38;2;24;26;23m▄[48;2;25;27;22m[38;2;18;20;17m▄[48;2;19;21;17m[38;2;17;19;15m▄[48;2;39;41;37m[38;2;22;24;21m▄[48;2;27;30;26m[38;2;31;33;30m▄[48;2;18;18;17m[38;2;24;25;23m▄[48;2;21;18;21m[38;2;17;15;19m▄[48;2;22;21;23m[38;2;15;16;19m▄[48;2;17;20;21m[38;2;18;22;22m▄[48;2;13;17;17m[38;2;12;18;17m▄[48;2;17;21;20m[38;2;13;19;17m▄[48;2;24;26;25m[38;2;24;28;26m▄[48;2;16;16;16m[38;2;22;20;19m▄[48;2;27;25;24m[38;2;21;17;14m▄[48;2;19;19;13m[38;2;42;34;25m▄[48;2;44;38;28m[38;2;127;109;98m▄[48;2;116;104;93m[38;2;155;132;121m▄[48;2;100;87;82m[38;2;119;98;92m▄[48;2;77;66;69m[38;2;90;77;78m▄[48;2;84;73;79m[38;2;83;77;79m▄[48;2;91;79;80m[38;2;85;79;77m▄[48;2;119;102;98m[38;2;95;82;76m▄[48;2;114;89;79m[38;2;121;93;84m▄[48;2;136;103;91m[38;2;154;116;104m▄[48;2;154;111;95m[38;2;113;63;47m▄[48;2;120;67;49m[38;2;120;61;40m▄[48;2;129;70;50m[38;2;141;76;53m▄[48;2;123;62;43m[38;2;154;88;66m▄[48;2;117;57;39m[38;2;148;82;62m▄[48;2;119;58;41m[38;2;136;73;53m▄[48;2;118;58;40m[38;2;121;61;41m▄[48;2;115;55;36m[38;2;112;51;32m▄[48;2;116;55;36m[38;2;113;53;34m▄[48;2;130;70;51m[38;2;119;61;44m▄[48;2;148;91;73m[38;2;118;64;47m▄[48;2;158;105;87m[38;2;119;69;52m▄[48;2;170;122;104m[38;2;137;90;73m▄[48;2;183;136;119m[38;2;153;110;92m▄[48;2;177;130;113m[38;2;179;139;119m▄[48;2;170;126;109m[38;2;189;150;128m▄[48;2;157;114;97m[38;2;183;145;122m▄[48;2;148;106;89m[38;2;182;143;121m▄[48;2;138;96;79m[38;2;172;134;112m▄[48;2;138;95;79m[38;2;170;132;110m▄[48;2;142;98;84m[38;2;164;125;103m▄[48;2;140;96;78m[38;2;152;111;90m▄[48;2;140;95;72m[38;2;155;107;88m▄[48;2;135;83;61m[38;2;152;100;81m▄[48;2;136;83;62m[38;2;169;116;97m▄[48;2;114;66;48m[38;2;122;76;61m▄[48;2;86;46;31m[38;2;86;49;37m▄[48;2;95;57;44m[38;2;81;46;34m▄[48;2;100;57;44m[38;2;82;43;32m▄[48;2;109;59;47m[38;2;100;52;41m▄[48;2;104;47;38m[38;2;114;56;45m▄[48;2;96;43;30m[38;2;136;76;62m▄[48;2;102;51;34m[38;2;146;82;64m▄[48;2;108;59;39m[38;2;141;75;55m▄[48;2;109;56;36m[38;2;138;70;49m▄[48;2;117;59;40m[38;2;141;73;53m▄[48;2;125;60;46m[38;2;134;66;49m▄[48;2;128;63;46m[38;2;117;50;33m▄[48;2;129;65;43m[38;2;105;41;23m▄[48;2;124;58;41m[38;2;101;40;26m▄[48;2;114;50;39m[38;2;92;39;30m▄[48;2;104;48;42m[38;2;64;22;16m▄[48;2;83;39;35m[38;2;57;23;17m▄[48;2;63;27;24m[38;2;55;21;15m▄[48;2;59;27;24m[38;2;71;29;25m▄[48;2;60;28;25m[38;2;82;39;34m▄[48;2;70;38;33m[38;2;78;42;34m▄[48;2;73;45;40m[38;2;66;34;27m▄[48;2;60;37;32m[38;2;53;27;19m▄[48;2;49;28;25m[38;2;50;27;21m▄[48;2;45;24;20m[38;2;50;27;22m▄[48;2;42;18;13m[38;2;49;25;20m▄[48;2;64;36;32m[38;2;49;24;20m▄[48;2;113;84;78m[38;2;94;68;60m▄[48;2;103;77;67m[38;2;113;86;76m▄[48;2;116;101;93m[38;2;118;99;91m▄[48;2;32;27;22m[38;2;55;45;41m▄[48;2;17;18;17m[38;2;17;16;13m▄[48;2;22;24;23m[38;2;21;23;22m▄[48;2;19;21;20m[38;2;17;20;18m▄[48;2;19;22;18m[38;2;21;23;21m▄[48;2;22;25;20m[38;2;28;31;26m▄[48;2;22;24;20m[38;2;36;38;30m▄[38;2;40;41;31m▄[48;2;30;31;25m[38;2;45;46;35m▄[48;2;35;35;28m[38;2;48;48;35m▄[48;2;44;44;34m[38;2;52;52;35m▄[48;2;50;49;36m[38;2;58;57;39m▄[48;2;54;54;40m[38;2;60;58;39m▄[48;2;58;61;45m[38;2;67;68;50m▄[48;2;62;66;47m[38;2;61;64;48m▄[48;2;65;66;48m[38;2;48;49;33m▄[48;2;56;57;43m[38;2;32;33;20m▄[48;2;38;40;32m[38;2;22;24;14m▄[48;2;27;29;24m[38;2;24;27;19m▄[48;2;23;24;19m[38;2;30;32;22m▄[48;2;34;31;23m[38;2;36;34;20m▄[48;2;116;98;84m[38;2;126;107;89m▄[48;2;128;94;74m[38;2;154;118;96m▄[48;2;137;99;79m[38;2;152;112;90m▄[48;2;148;106;85m[38;2;166;123;101m▄[48;2;159;117;97m[38;2;156;114;94m▄[48;2;127;93;76m[38;2;120;86;69m▄[48;2;83;60;47m[38;2;84;61;48m▄[48;2;65;53;43m[38;2;61;48;39m▄[48;2;59;52;47m[38;2;59;54;47m▄[48;2;67;58;54m[38;2;67;62;57m▄[48;2;75;58;50m[38;2;74;59;51m▄[48;2;128;99;84m[38;2;118;87;75m▄[48;2;148;108;85m[38;2;159;115;96m▄[48;2;147;104;80m[38;2;195;145;123m▄[48;2;127;91;68m[38;2;183;136;115m▄[48;2;69;41;24m[38;2;110;69;51m▄[48;2;42;27;16m[38;2;57;34;22m▄[48;2;29;24;18m[38;2;32;26;19m▄[0m
[48;2;139;110;72m[38;2;149;121;87m▄[48;2;134;106;65m[38;2;148;120;82m▄[48;2;150;121;84m[38;2;161;131;96m▄[48;2;133;104;73m[38;2;141;112;81m▄[48;2;115;89;61m[38;2;110;82;54m▄[48;2;144;119;92m[38;2;151;124;97m▄[48;2;155;132;103m[38;2;166;144;114m▄[48;2;161;137;105m[38;2;171;151;123m▄[48;2;182;155;128m[38;2;173;147;123m▄[48;2;201;176;155m[38;2;203;176;155m▄[48;2;157;135;116m[38;2;178;156;137m▄[48;2;124;90;72m[38;2;134;108;91m▄[48;2;153;99;83m[38;2;121;81;68m▄[48;2;180;117;99m[38;2;105;58;44m▄[48;2;198;137;114m[38;2;105;56;39m▄[48;2;196;129;104m[38;2;112;56;43m▄[48;2;178;111;86m[38;2;105;50;37m▄[48;2;177;112;88m[38;2;101;50;36m▄[48;2;186;122;99m[38;2;103;58;44m▄[48;2;177;115;94m[38;2;91;51;37m▄[48;2;162;100;80m[38;2;75;37;22m▄[48;2;121;60;39m[38;2;54;17;6m▄[48;2;89;30;12m[38;2;62;24;11m▄[48;2;90;36;23m[38;2;97;51;41m▄[48;2;96;52;41m[38;2;86;52;44m▄[48;2;73;42;32m[38;2;55;34;30m▄[48;2;44;25;17m[38;2;26;14;9m▄[48;2;32;21;13m[38;2;26;20;12m▄[48;2;55;48;41m[38;2;54;49;42m▄[48;2;29;26;22m[38;2;28;25;21m▄[48;2;21;21;18m[38;2;23;23;21m▄[48;2;27;27;24m[38;2;25;23;18m▄[48;2;40;33;30m[38;2;46;38;33m▄[48;2;47;36;33m[38;2;51;39;36m▄[48;2;34;28;26m[38;2;28;22;21m▄[48;2;16;18;18m[38;2;14;17;18m▄[48;2;15;22;22m[38;2;15;22;23m▄[48;2;23;26;24m[38;2;18;21;19m▄[48;2;29;28;24m[38;2;30;28;25m▄[48;2;18;20;17m[38;2;19;21;17m▄[48;2;20;22;20m[38;2;16;18;16m▄[48;2;21;23;21m[38;2;17;19;18m▄[48;2;17;19;17m[38;2;14;16;16m▄[38;2;17;19;19m▄[48;2;15;17;15m[38;2;15;17;16m▄[48;2;28;30;27m[38;2;18;20;18m▄[48;2;22;25;22m[38;2;22;25;21m▄[48;2;17;19;19m[38;2;17;22;16m▄[48;2;13;16;16m[38;2;19;22;18m▄[48;2;20;24;22m[38;2;20;19;14m▄[48;2;19;23;20m[38;2;15;10;5m▄[48;2;13;16;12m[38;2;31;24;18m▄[48;2;16;14;10m[38;2;63;52;46m▄[48;2;22;18;14m[38;2;78;66;60m▄[48;2;52;43;38m[38;2;99;86;79m▄[48;2;100;82;75m[38;2;96;76;71m▄[48;2;119;91;81m[38;2;107;78;70m▄[48;2;158;125;115m[38;2;156;122;112m▄[48;2;143;117;111m[38;2;158;130;122m▄[48;2;93;80;78m[38;2;106;93;87m▄[48;2;80;76;75m[38;2;89;79;74m▄[48;2;85;80;74m[38;2;98;82;74m▄[48;2;99;82;72m[38;2;131;98;87m▄[48;2;141;103;91m[38;2;118;64;47m▄[48;2;116;70;55m[38;2;114;56;37m▄[48;2;102;46;28m[38;2;116;54;35m▄[48;2;116;52;30m[38;2;129;63;41m▄[48;2;125;58;35m[38;2;132;65;42m▄[48;2;139;71;49m[38;2;136;69;47m▄[48;2;147;80;58m[38;2;142;78;56m▄[48;2;145;82;60m[38;2;144;82;59m▄[48;2;151;90;68m[38;2;149;89;65m▄[48;2;140;80;61m[38;2;143;85;64m▄[48;2;119;61;44m[38;2;146;90;72m▄[48;2;109;55;38m[38;2;139;88;70m▄[48;2;108;58;40m[38;2;143;95;78m▄[48;2;111;64;47m[38;2;129;85;67m▄[48;2;108;64;47m[38;2;116;77;59m▄[48;2;105;64;45m[38;2;113;73;55m▄[48;2;116;74;54m[38;2;109;64;47m▄[48;2;133;90;69m[38;2;109;62;46m▄[48;2;143;100;79m[38;2;117;68;51m▄[48;2;136;93;72m[38;2;125;75;59m▄[48;2;131;87;66m[38;2;133;82;64m▄[48;2;128;85;63m[38;2;128;78;60m▄[48;2;124;80;58m[38;2;115;65;47m▄[48;2;119;75;56m[38;2;104;58;40m▄[48;2;116;69;56m[38;2;103;59;44m▄[48;2;109;57;44m[38;2;99;49;34m▄[48;2;115;64;51m[38;2;94;45;31m▄[48;2;86;45;35m[38;2;82;40;28m▄[48;2;64;32;25m[38;2;66;33;24m▄[48;2;53;25;17m[38;2;54;26;18m▄[48;2;49;19;11m[38;2;62;30;22m▄[48;2;77;37;28m[38;2;93;52;42m▄[48;2;117;66;53m[38;2;102;54;39m▄[48;2;126;68;55m[38;2;101;48;36m▄[48;2;122;55;41m[38;2;99;40;30m▄[48;2;120;48;33m[38;2;101;39;30m▄[48;2;122;49;34m[38;2;105;43;33m▄[48;2;111;45;29m[38;2;100;44;32m▄[48;2;100;39;24m[38;2;94;42;30m▄[48;2;90;36;21m[38;2;89;43;31m▄[48;2;94;44;31m[38;2;90;48;35m▄[48;2;91;41;31m[38;2;106;56;45m▄[48;2;79;31;25m[38;2;109;54;46m▄[48;2;82;40;34m[38;2;108;53;45m▄[48;2;80;43;36m[38;2;106;56;46m▄[48;2;69;32;22m[38;2;76;30;18m▄[48;2;79;36;26m[38;2;78;33;21m▄[48;2;82;38;27m[38;2;89;43;31m▄[48;2;74;34;23m[38;2;89;43;32m▄[48;2;65;30;19m[38;2;79;37;26m▄[48;2;56;24;16m[38;2;70;31;21m▄[48;2;62;35;27m[38;2;69;35;26m▄[48;2;62;36;30m[38;2;67;35;27m▄[48;2;54;30;23m[38;2;60;31;23m▄[48;2;48;25;18m[38;2;59;31;23m▄[48;2;53;27;19m[38;2;55;26;16m▄[48;2;105;77;68m[38;2;73;42;32m▄[48;2;119;95;88m[38;2;116;88;80m▄[48;2;83;67;63m[38;2;109;88;82m▄[48;2;17;12;8m[38;2;37;29;22m▄[48;2;21;24;20m[38;2;24;27;20m▄[48;2;22;27;23m[38;2;27;34;27m▄[48;2;32;36;31m[38;2;31;35;29m▄[48;2;37;40;33m[38;2;40;43;35m▄[48;2;42;45;32m[38;2;45;48;36m▄[48;2;44;46;32m[38;2;46;49;36m▄[48;2;49;50;35m[38;2;50;52;39m▄[48;2;56;57;39m[38;2;57;58;43m▄[48;2;58;59;40m[38;2;59;60;43m▄[48;2;59;58;37m[38;2;65;65;47m▄[48;2;61;59;36m[38;2;62;61;42m▄[48;2;52;53;35m[38;2;55;56;42m▄[48;2;41;43;33m[38;2;57;59;49m▄[48;2;34;35;24m[38;2;54;53;43m▄[48;2;32;33;22m[38;2;55;55;45m▄[48;2;39;42;32m[38;2;50;53;44m▄[48;2;43;47;36m[38;2;52;56;47m▄[48;2;55;57;44m[38;2;57;59;47m▄[48;2;57;56;35m[38;2;58;57;39m▄[48;2;111;94;70m[38;2;102;88;68m▄[48;2;141;107;86m[38;2;125;97;78m▄[48;2;123;85;64m[38;2;82;51;32m▄[48;2;134;94;73m[38;2;83;49;32m▄[48;2;122;83;64m[38;2;81;46;29m▄[48;2;100;67;52m[38;2;92;61;48m▄[48;2;86;63;50m[38;2;85;62;52m▄[48;2;62;47;38m[38;2;61;44;36m▄[48;2;56;50;43m[38;2;60;52;45m▄[48;2;59;58;50m[38;2;60;56;48m▄[48;2;64;52;44m[38;2;65;57;48m▄[48;2;98;73;62m[38;2;78;63;51m▄[48;2;142;100;85m[38;2;118;91;76m▄[48;2;133;83;65m[38;2;103;66;49m▄[48;2;160;108;92m[38;2;92;52;38m▄[48;2;129;80;67m[38;2;91;52;42m▄[48;2;102;70;60m[38;2;100;69;62m▄[48;2;61;45;38m[38;2;57;38;31m▄[0m
[48;2;104;85;61m[38;2;30;30;24m▄[48;2;124;104;77m[38;2;40;40;31m▄[48;2;137;116;89m[38;2;47;47;36m▄[48;2;128;107;84m[38;2;61;59;49m▄[48;2;85;65;43m[38;2;46;43;34m▄[48;2;136;117;94m[38;2;74;73;61m▄[48;2;164;148;123m[38;2;86;85;74m▄[48;2;162;146;120m[38;2;74;68;57m▄[48;2;172;147;124m[38;2;95;79;67m▄[48;2;196;168;147m[38;2;143;121;104m▄[48;2;164;145;123m[38;2;143;123;104m▄[48;2;125;107;90m[38;2;123;105;89m▄[48;2;141;114;104m[38;2;123;102;90m▄[48;2;128;93;83m[38;2;135;112;102m▄[48;2;86;51;40m[38;2;131;108;98m▄[48;2;68;32;24m[38;2;103;79;66m▄[48;2;66;31;23m[38;2;59;32;20m▄[48;2;46;14;7m[38;2;54;22;12m▄[48;2;44;15;9m[38;2;90;53;40m▄[48;2;46;20;13m[38;2;92;52;38m▄[48;2;50;23;15m[38;2;89;51;36m▄[48;2;58;29;24m[38;2;105;69;57m▄[48;2;65;33;27m[38;2;62;32;24m▄[48;2;86;47;42m[38;2;33;16;18m▄[48;2;60;34;33m[38;2;20;12;15m▄[48;2;25;16;16m[38;2;9;7;9m▄[48;2;7;7;4m[38;2;7;8;7m▄[48;2;26;26;20m[38;2;38;39;36m▄[48;2;50;50;44m[38;2;40;42;38m▄[48;2;19;19;17m[38;2;12;15;14m▄[48;2;21;24;24m[38;2;24;26;25m▄[48;2;33;29;22m[38;2;42;36;29m▄[48;2;48;38;31m[38;2;42;33;27m▄[48;2;50;37;33m[38;2;38;31;27m▄[48;2;26;19;18m[38;2;17;14;13m▄[48;2;16;19;19m[38;2;17;19;20m▄[48;2;14;21;22m[38;2;14;19;20m▄[48;2;14;17;16m[38;2;14;16;17m▄[48;2;28;26;23m[38;2;19;20;18m▄[48;2;21;23;19m[38;2;22;26;21m▄[48;2;17;19;17m[38;2;17;20;16m▄[48;2;17;18;18m[38;2;19;19;16m▄[48;2;15;16;18m[38;2;23;22;20m▄[48;2;18;20;21m[38;2;20;20;16m▄[48;2;19;21;20m[38;2;24;23;19m▄[48;2;21;22;20m[38;2;24;21;16m▄[48;2;20;24;18m[38;2;25;21;14m▄[48;2;20;26;17m[38;2;32;26;18m▄[48;2;21;21;14m[38;2;65;51;45m▄[48;2;32;22;16m[38;2;92;75;68m▄[48;2;66;48;42m[38;2;103;85;77m▄[48;2;123;101;95m[38;2;123;101;96m▄[48;2;159;137;130m[38;2;156;131;126m▄[48;2;116;94;85m[38;2;111;88;82m▄[48;2;79;62;53m[38;2;79;63;56m▄[48;2;81;68;64m[38;2;87;72;66m▄[48;2;109;85;77m[38;2;102;82;74m▄[48;2;146;117;105m[38;2;134;111;102m▄[48;2;150;127;116m[38;2;140;118;108m▄[48;2;112;99;90m[38;2;106;85;75m▄[48;2;92;75;69m[38;2;138;107;96m▄[48;2;132;101;95m[38;2;168;120;108m▄[48;2;133;83;70m[38;2;126;62;47m▄[48;2;126;59;36m[38;2;135;63;41m▄[48;2;130;63;41m[38;2;133;63;40m▄[48;2;137;71;50m[38;2;138;72;50m▄[48;2;139;72;53m[38;2;131;67;46m▄[48;2;135;70;49m[38;2;139;78;57m▄[48;2;145;83;60m[38;2;146;87;65m▄[48;2;145;84;60m[38;2;150;92;69m▄[48;2;146;84;61m[38;2;147;86;63m▄[48;2;146;86;62m[38;2;134;72;50m▄[48;2;135;77;56m[38;2;133;76;57m▄[48;2;146;91;72m[38;2;153;101;84m▄[48;2;161;111;94m[38;2;170;122;105m▄[48;2;165;119;103m[38;2;164;120;102m▄[48;2;166;125;108m[38;2;159;120;102m▄[48;2;167;129;111m[38;2;169;135;119m▄[48;2;156;119;100m[38;2;170;138;122m▄[48;2;142;103;87m[38;2;171;140;124m▄[48;2;126;85;69m[38;2;159;126;110m▄[48;2;117;73;57m[38;2;149;114;97m▄[48;2;121;75;59m[38;2;139;102;85m▄[48;2;135;89;72m[38;2;124;85;67m▄[48;2;145;100;81m[38;2;121;81;63m▄[48;2;161;117;98m[38;2;137;97;77m▄[48;2;160;118;98m[38;2;157;117;96m▄[48;2;156;114;93m[38;2;178;134;111m▄[48;2;156;108;86m[38;2;185;133;110m▄[48;2;153;102;82m[38;2;186;129;107m▄[48;2;129;81;66m[38;2;155;104;85m▄[48;2;89;47;36m[38;2;108;64;48m▄[48;2;109;69;59m[38;2;138;87;75m▄[48;2;113;67;59m[38;2;127;68;57m▄[48;2;149;97;85m[38;2;137;81;69m▄[48;2;139;86;70m[38;2;105;57;45m▄[48;2;115;65;51m[38;2;96;52;42m▄[48;2;98;50;39m[38;2;92;51;41m▄[48;2;96;50;41m[38;2;79;39;30m▄[48;2;91;45;37m[38;2;95;52;41m▄[48;2;96;48;40m[38;2;127;77;64m▄[48;2;103;54;44m[38;2;145;88;72m▄[48;2;123;71;60m[38;2;129;67;52m▄[48;2;129;72;58m[38;2;110;46;33m▄[48;2;114;52;38m[38;2;98;34;20m▄[48;2;105;41;27m[38;2;108;43;26m▄[48;2;104;42;26m[38;2;122;56;36m▄[48;2;114;58;41m[38;2;125;61;41m▄[48;2;94;40;26m[38;2;117;56;39m▄[48;2;88;33;23m[38;2;87;30;18m▄[48;2;97;41;33m[38;2;98;42;33m▄[48;2;101;48;38m[38;2;101;46;34m▄[48;2;89;38;29m[38;2;94;43;31m▄[48;2;79;32;24m[38;2;81;33;23m▄[48;2;77;34;27m[38;2;79;33;24m▄[48;2;77;37;30m[38;2;82;37;30m▄[48;2;67;30;22m[38;2;78;36;30m▄[48;2;64;28;19m[38;2;73;32;26m▄[48;2;64;31;20m[38;2;72;33;25m▄[48;2;64;33;22m[38;2;74;35;23m▄[48;2;81;51;42m[38;2;65;26;17m▄[48;2;117;94;86m[38;2;87;56;48m▄[48;2;67;58;50m[38;2;114;97;89m▄[48;2;18;21;12m[38;2;30;30;20m▄[48;2;23;31;21m[38;2;13;21;12m▄[48;2;26;31;22m[38;2;19;24;21m▄[48;2;31;34;26m[38;2;17;21;21m▄[48;2;33;37;28m[38;2;20;25;22m▄[48;2;33;36;27m[38;2;22;26;21m▄[48;2;35;38;28m[38;2;25;27;20m▄[48;2;40;42;33m[38;2;30;32;24m▄[48;2;40;41;31m[38;2;35;35;26m▄[48;2;45;45;35m[38;2;42;43;33m▄[48;2;44;42;33m[38;2;44;45;35m▄[48;2;43;45;32m[38;2;49;52;40m▄[48;2;45;47;33m[38;2;51;55;42m▄[48;2;51;51;37m[38;2;48;50;40m▄[48;2;47;47;36m[38;2;36;38;32m▄[48;2;39;41;33m[38;2;32;34;31m▄[48;2;39;42;36m[38;2;23;25;23m▄[48;2;42;43;37m[38;2;19;21;17m▄[48;2;41;38;28m[38;2;22;23;15m▄[48;2;81;69;55m[38;2;49;42;29m▄[48;2;123;103;86m[38;2;122;105;89m▄[48;2;91;67;52m[38;2;97;74;60m▄[48;2;82;54;39m[38;2;88;60;47m▄[48;2;87;55;43m[38;2;95;64;53m▄[48;2;105;76;66m[38;2;109;81;71m▄[48;2;86;63;56m[38;2;83;61;53m▄[48;2;62;44;39m[38;2;65;48;42m▄[48;2;65;52;46m[38;2;70;56;48m▄[48;2;63;54;46m[38;2;63;53;44m▄[48;2;68;61;53m[38;2;65;59;52m▄[48;2;55;48;37m[38;2;54;48;40m▄[48;2;73;61;46m[38;2;70;59;45m▄[48;2;97;78;61m[38;2;119;102;87m▄[48;2;86;65;52m[38;2;86;69;55m▄[48;2;47;26;17m[38;2;42;29;20m▄[48;2;56;35;31m[38;2;35;22;17m▄[48;2;48;31;29m[38;2;38;28;25m▄[0m
[48;2;28;40;43m[38;2;30;41;44m▄[48;2;28;39;41m[38;2;31;41;43m▄[48;2;32;43;43m[38;2;35;45;46m▄[48;2;47;57;55m[38;2;48;57;57m▄[48;2;40;49;46m[38;2;42;50;49m▄[48;2;44;51;49m[38;2;48;54;53m▄[48;2;47;54;52m[38;2;56;62;61m▄[48;2;53;55;55m[38;2;53;57;57m▄[48;2;70;64;59m[38;2;59;55;50m▄[48;2;153;136;124m[38;2;131;117;105m▄[48;2;150;128;113m[38;2;153;133;119m▄[48;2;126;104;91m[38;2;132;112;100m▄[48;2;127;108;98m[38;2;120;102;94m▄[48;2;119;103;94m[38;2;113;97;89m▄[48;2;121;102;94m[38;2;113;97;90m▄[48;2;128;108;96m[38;2;118;98;89m▄[48;2;89;63;49m[38;2;101;74;61m▄[48;2;80;44;29m[38;2;89;52;34m▄[48;2;129;82;65m[38;2;135;90;67m▄[48;2;115;63;44m[38;2;107;59;35m▄[48;2;114;68;48m[38;2;126;81;61m▄[48;2;125;87;69m[38;2;115;77;62m▄[48;2;55;30;18m[38;2;49;21;10m▄[48;2;9;7;10m[38;2;27;18;13m▄[48;2;12;13;15m[38;2;14;9;5m▄[48;2;12;10;12m[38;2;19;15;14m▄[48;2;19;17;17m[38;2;50;49;47m▄[48;2;51;49;48m[38;2;33;32;28m▄[48;2;18;17;14m[38;2;14;12;7m▄[48;2;15;17;13m[38;2;30;27;20m▄[48;2;32;33;29m[38;2;41;37;29m▄[48;2;35;30;22m[38;2;39;36;27m▄[48;2;35;30;24m[38;2;28;25;18m▄[48;2;30;28;24m[38;2;19;17;12m▄[48;2;17;18;14m[38;2;20;20;14m▄[48;2;20;23;20m[38;2;18;18;13m▄[48;2;20;23;21m[38;2;20;20;15m▄[48;2;21;23;20m[38;2;23;22;16m▄[48;2;19;21;17m[38;2;25;22;15m▄[48;2;23;24;18m[38;2;32;22;17m▄[48;2;22;19;14m[38;2;43;30;25m▄[48;2;26;20;15m[38;2;64;48;44m▄[48;2;29;23;17m[38;2;79;63;60m▄[48;2;34;29;22m[38;2;78;66;61m▄[48;2;50;45;37m[38;2;90;77;70m▄[48;2;65;54;48m[38;2;101;84;79m▄[48;2;77;62;56m[38;2;94;76;70m▄[48;2;91;77;69m[38;2;93;77;69m▄[48;2;106;84;79m[38;2;102;82;78m▄[48;2;103;83;77m[38;2;97;79;76m▄[48;2;92;78;71m[38;2;88;75;71m▄[48;2;95;77;71m[38;2;84;66;60m▄[48;2;111;86;81m[38;2;98;67;61m▄[48;2;103;77;72m[38;2;143;106;97m▄[48;2;92;74;66m[38;2;153;124;113m▄[48;2;91;72;64m[38;2;104;83;76m▄[48;2;102;81;75m[38;2;99;77;70m▄[48;2;132;110;104m[38;2;125;102;94m▄[48;2;135;113;103m[38;2;154;130;117m▄[48;2;139;110;96m[38;2;126;97;80m▄[48;2;153;111;93m[38;2;102;59;39m▄[48;2;120;61;42m[38;2;119;61;38m▄[48;2;140;70;51m[38;2;130;61;40m▄[48;2;134;62;43m[38;2;133;62;42m▄[48;2;134;64;44m[38;2;134;65;45m▄[48;2;127;61;40m[38;2;134;69;47m▄[48;2;129;68;44m[38;2;140;78;55m▄[48;2;143;84;61m[38;2;155;95;71m▄[48;2;149;91;69m[38;2;156;98;74m▄[48;2;144;87;65m[38;2;147;88;64m▄[48;2;142;83;61m[38;2;133;74;51m▄[48;2;130;69;48m[38;2;132;75;53m▄[48;2;143;88;70m[38;2;152;101;81m▄[48;2;157;109;92m[38;2;167;120;104m▄[48;2;170;124;107m[38;2;169;123;106m▄[48;2;168;124;105m[38;2;167;123;104m▄[48;2;169;130;110m[38;2;171;130;111m▄[48;2;169;136;121m[38;2;178;142;126m▄[48;2;154;126;111m[38;2;168;138;124m▄[48;2;154;125;109m[38;2;154;125;110m▄[48;2;158;128;112m[38;2;149;120;105m▄[48;2;153;121;104m[38;2;154;123;108m▄[48;2;156;122;105m[38;2;155;122;107m▄[48;2;149;112;95m[38;2;156;121;106m▄[48;2;137;99;81m[38;2;149;112;96m▄[48;2;129;88;71m[38;2;141;101;86m▄[48;2;116;75;58m[38;2;125;85;70m▄[48;2;132;90;71m[38;2;101;63;48m▄[48;2;156;106;87m[38;2;103;58;42m▄[48;2;188;132;113m[38;2;128;79;65m▄[48;2;144;99;81m[38;2;96;60;49m▄[48;2;111;73;58m[38;2;66;39;30m▄[48;2;131;82;73m[38;2;94;57;52m▄[48;2;100;43;34m[38;2;69;26;21m▄[48;2;102;55;44m[38;2;89;51;42m▄[48;2;90;49;41m[38;2;80;42;32m▄[48;2;70;30;22m[38;2;78;38;27m▄[48;2;74;34;25m[38;2;93;51;38m▄[48;2;95;52;41m[38;2;106;60;45m▄[48;2;117;68;54m[38;2;132;80;62m▄[48;2;140;85;67m[38;2;142;86;68m▄[48;2;140;77;56m[38;2;137;76;58m▄[48;2;114;51;33m[38;2;113;55;39m▄[48;2;97;41;29m[38;2;92;42;31m▄[48;2;98;40;28m[38;2;93;40;28m▄[48;2;107;44;30m[38;2;105;46;32m▄[48;2;131;63;45m[38;2;134;70;53m▄[48;2;128;59;39m[38;2;130;65;44m▄[48;2;125;61;43m[38;2;124;61;44m▄[48;2;96;42;28m[38;2;100;45;32m▄[48;2;97;42;31m[38;2;89;35;24m▄[48;2;107;47;36m[38;2;102;42;31m▄[48;2;102;48;36m[38;2;108;46;37m▄[48;2;89;39;28m[38;2;103;43;36m▄[48;2;80;33;23m[38;2;88;34;27m▄[48;2;80;34;25m[38;2;79;30;19m▄[48;2;80;35;27m[38;2;90;40;25m▄[48;2;78;35;25m[38;2;92;39;20m▄[48;2;76;31;20m[38;2;97;44;27m▄[48;2;78;31;20m[38;2;103;55;46m▄[48;2;93;48;41m[38;2;80;41;34m▄[48;2;62;25;19m[38;2;66;38;30m▄[48;2;106;82;74m[38;2;130;110;100m▄[48;2;78;70;59m[38;2;89;77;65m▄[48;2;13;15;8m[38;2;26;22;12m▄[48;2;20;26;25m[38;2;27;33;27m▄[48;2;19;26;26m[38;2;28;38;31m▄[48;2;28;34;29m[38;2;38;44;34m▄[48;2;37;41;34m[38;2;44;49;38m▄[48;2;43;45;37m[38;2;52;55;42m▄[48;2;55;56;44m[38;2;55;56;41m▄[48;2;55;55;42m[38;2;56;57;41m▄[48;2;61;62;49m[38;2;53;55;40m▄[48;2;60;62;48m[38;2;36;38;23m▄[48;2;51;54;42m[38;2;25;28;16m▄[48;2;39;43;35m[38;2;22;25;17m▄[48;2;29;32;26m[38;2;25;28;19m▄[48;2;19;21;18m[38;2;27;30;20m▄[48;2;19;21;19m[38;2;34;37;28m▄[48;2;21;23;20m[38;2;37;40;31m▄[48;2;23;25;20m[38;2;44;47;38m▄[48;2;27;31;23m[38;2;46;49;43m▄[48;2;36;33;22m[38;2;35;32;23m▄[48;2;117;102;87m[38;2;84;72;60m▄[48;2;107;85;72m[38;2;113;94;82m▄[48;2;85;56;43m[38;2;80;52;39m▄[48;2;96;64;52m[38;2;102;69;57m▄[48;2;109;81;69m[38;2;114;83;71m▄[48;2;79;57;47m[38;2;84;57;47m▄[48;2;67;50;42m[38;2;72;51;42m▄[48;2;71;59;48m[38;2;78;64;53m▄[48;2;59;50;40m[38;2;64;53;44m▄[48;2;62;56;50m[38;2;61;54;48m▄[48;2;60;52;46m[38;2;63;54;48m▄[48;2;81;65;54m[38;2;74;57;46m▄[48;2;137;114;99m[38;2;128;103;87m▄[48;2;90;67;54m[38;2;95;71;57m▄[48;2;46;30;21m[38;2;52;33;24m▄[48;2;41;29;23m[38;2;48;32;27m▄[48;2;34;27;20m[38;2;41;29;24m▄[0m
[48;2;31;41;45m[38;2;28;37;43m▄[48;2;32;42;47m[38;2;34;43;48m▄[48;2;29;38;41m[38;2;24;33;37m▄[48;2;42;50;53m[38;2;40;48;51m▄[48;2;40;48;50m[38;2;35;44;47m▄[48;2;43;50;51m[38;2;37;45;47m▄[48;2;51;59;60m[38;2;51;59;62m▄[48;2;47;53;55m[38;2;43;50;54m▄[48;2;46;44;42m[38;2;50;50;49m▄[48;2;111;99;89m[38;2;104;93;85m▄[48;2;167;149;137m[38;2;147;130;118m▄[48;2;129;111;100m[38;2;125;109;97m▄[48;2;105;90;80m[38;2;111;97;87m▄[48;2;106;90;84m[38;2;110;97;89m▄[48;2;107;92;85m[38;2;110;95;89m▄[48;2;115;95;89m[38;2;119;99;95m▄[48;2;102;73;60m[38;2;108;77;64m▄[48;2;103;63;42m[38;2;106;64;39m▄[48;2;127;80;53m[38;2;120;72;42m▄[48;2;98;50;23m[38;2;122;75;47m▄[48;2;143;99;79m[38;2;122;79;60m▄[48;2;83;44;29m[38;2;67;27;14m▄[48;2;66;34;24m[38;2;105;70;58m▄[48;2;57;42;30m[38;2;55;35;21m▄[48;2;43;32;24m[38;2;43;29;17m▄[48;2;55;50;45m[38;2;36;28;20m▄[48;2;38;36;33m[38;2;28;23;18m▄[48;2;16;15;11m[38;2;40;37;31m▄[48;2;29;26;19m[38;2;57;52;43m▄[48;2;48;41;30m[38;2;80;69;58m▄[48;2;37;28;16m[38;2;78;66;54m▄[48;2;26;20;13m[38;2;66;53;49m▄[48;2;20;14;9m[38;2;72;59;55m▄[48;2;29;24;17m[38;2;82;68;62m▄[48;2;33;27;20m[38;2;80;64;57m▄[48;2;35;27;20m[38;2;94;76;69m▄[48;2;41;32;24m[38;2;107;88;81m▄[48;2;52;42;35m[38;2;99;78;71m▄[48;2;62;51;43m[38;2;86;66;59m▄[48;2;77;60;54m[38;2;85;68;60m▄[48;2;94;73;69m[38;2;91;69;63m▄[48;2;101;79;75m[38;2;92;70;64m▄[48;2;94;73;69m[38;2;89;68;63m▄[48;2;75;58;52m[38;2;74;58;51m▄[48;2;80;63;56m[38;2;75;59;52m▄[48;2;98;79;73m[38;2;99;81;75m▄[48;2;94;73;68m[38;2;96;77;71m▄[48;2;93;75;68m[38;2;92;72;66m▄[48;2;108;86;84m[38;2;110;88;86m▄[48;2;96;78;78m[38;2;98;81;82m▄[48;2;78;67;65m[38;2;76;66;65m▄[48;2;96;77;73m[38;2;91;73;69m▄[48;2;135;99;94m[38;2;130;94;89m▄[48;2;185;140;128m[38;2;172;126;114m▄[48;2;192;153;138m[38;2;186;145;130m▄[48;2;123;98;91m[38;2;134;105;96m▄[48;2;104;80;72m[38;2;112;87;78m▄[48;2;123;99;90m[38;2;122;101;91m▄[48;2;157;135;123m[38;2;152;136;125m▄[48;2;155;130;114m[38;2;145;132;119m▄[48;2;77;43;27m[38;2;47;30;17m▄[48;2;103;56;38m[38;2;41;15;6m▄[48;2;135;76;57m[38;2;81;43;34m▄[48;2;142;77;57m[38;2;140;87;68m▄[48;2;143;79;58m[38;2;158;103;83m▄[48;2;142;81;59m[38;2;152;98;77m▄[48;2;154;95;71m[38;2;160;107;85m▄[48;2;159;100;76m[38;2;158;102;79m▄[48;2;158;99;75m[38;2;149;92;69m▄[48;2;145;85;61m[38;2;141;81;57m▄[48;2;133;75;52m[38;2;131;72;49m▄[48;2;139;87;65m[38;2;153;104;83m▄[48;2;153;105;85m[38;2;156;111;93m▄[48;2;170;126;109m[38;2;171;128;112m▄[48;2;167;123;106m[38;2;161;119;103m▄[48;2;163;120;101m[38;2;151;108;89m▄[48;2;163;121;103m[38;2;153;111;92m▄[48;2;172;135;118m[38;2;157;119;102m▄[48;2;171;139;126m[38;2;160;126;113m▄[48;2;159;131;118m[38;2;153;123;111m▄[48;2;152;123;110m[38;2;142;111;100m▄[48;2;152;121;107m[38;2;147;115;102m▄[48;2;156;124;110m[38;2;154;120;106m▄[48;2;160;125;111m[38;2;155;120;106m▄[48;2;147;111;96m[38;2;155;119;105m▄[48;2;135;98;82m[38;2;154;119;102m▄[48;2;126;89;74m[38;2;145;107;91m▄[48;2;109;71;57m[38;2;144;102;87m▄[48;2;90;46;32m[38;2;135;89;75m▄[48;2;102;56;44m[38;2;144;97;83m▄[48;2;60;31;22m[38;2;77;49;39m▄[48;2;35;17;10m[38;2;40;22;14m▄[48;2;57;28;23m[38;2;79;49;42m▄[48;2;53;18;13m[38;2;65;29;21m▄[48;2;80;49;39m[38;2;98;67;54m▄[48;2;79;43;32m[38;2;113;78;65m▄[48;2;89;50;37m[38;2;131;92;77m▄[48;2;121;77;61m[38;2;159;116;97m▄[48;2;157;108;88m[38;2;170;121;102m▄[48;2;160;106;87m[38;2;143;91;72m▄[48;2;138;82;63m[38;2;121;67;50m▄[48;2;133;75;58m[38;2;113;58;44m▄[48;2;106;52;38m[38;2;87;38;26m▄[48;2;80;35;24m[38;2;70;29;17m▄[48;2;83;36;24m[38;2;76;32;20m▄[48;2;100;47;33m[38;2;101;49;35m▄[48;2;131;71;53m[38;2;128;67;50m▄[48;2;137;73;53m[38;2;142;77;57m▄[48;2;117;55;38m[38;2;124;62;43m▄[48;2;110;55;42m[38;2;114;58;44m▄[48;2;81;32;19m[38;2;93;40;28m▄[48;2;89;37;23m[38;2;86;33;19m▄[48;2;109;50;38m[38;2;107;54;36m▄[48;2;115;51;42m[38;2;118;57;38m▄[48;2;105;40;30m[38;2;120;50;33m▄[48;2;93;30;18m[38;2;119;47;35m▄[48;2;108;47;33m[38;2;116;55;46m▄[48;2;115;55;39m[38;2;90;47;39m▄[48;2;112;59;47m[38;2;57;26;19m▄[48;2;78;41;35m[38;2;31;13;7m▄[48;2;32;10;3m[38;2;25;23;16m▄[48;2;37;24;16m[38;2;13;19;12m▄[48;2;102;89;80m[38;2;38;34;28m▄[48;2;110;94;84m[38;2;118;102;97m▄[48;2;40;29;21m[38;2;72;57;53m▄[48;2;26;28;22m[38;2;26;23;19m▄[48;2;27;37;29m[38;2;23;29;24m▄[48;2;36;43;32m[38;2;28;34;26m▄[48;2;43;48;35m[38;2;35;40;30m▄[48;2;49;52;38m[38;2;42;44;34m▄[48;2;51;52;38m[38;2;44;45;34m▄[48;2;55;55;40m[38;2;50;50;39m▄[48;2;52;53;39m[38;2;54;55;45m▄[48;2;46;49;35m[38;2;53;55;45m▄[48;2;47;49;38m[38;2;48;49;40m▄[48;2;49;51;42m[38;2;50;50;39m▄[48;2;58;60;48m[38;2;47;48;35m▄[48;2;55;57;44m[38;2;47;49;34m▄[48;2;52;56;41m[38;2;45;48;31m▄[48;2;46;50;37m[38;2;45;49;35m▄[48;2;43;46;38m[38;2;41;44;35m▄[48;2;43;46;40m[38;2;29;31;26m▄[48;2;31;30;23m[38;2;16;18;11m▄[48;2;55;48;37m[38;2;58;54;43m▄[48;2;104;88;76m[38;2;117;103;91m▄[48;2;83;57;43m[38;2;87;60;46m▄[48;2;111;78;64m[38;2;118;83;69m▄[48;2;123;88;75m[38;2;127;90;75m▄[48;2;90;60;49m[38;2;94;62;49m▄[48;2;81;57;46m[38;2;86;59;48m▄[48;2;86;68;58m[38;2;90;70;61m▄[48;2;65;54;46m[38;2;63;51;44m▄[48;2;61;52;48m[38;2;59;49;46m▄[48;2;69;58;53m[38;2;75;64;59m▄[48;2;70;50;40m[38;2;78;58;48m▄[48;2;129;101;86m[38;2;125;97;82m▄[48;2;119;93;78m[38;2;130;102;88m▄[48;2;57;36;27m[38;2;62;39;30m▄[48;2;52;33;29m[38;2;55;34;30m▄[48;2;44;29;25m[38;2;45;29;25m▄[0m
[48;2;29;37;41m[38;2;29;37;39m▄[48;2;35;43;46m[38;2;36;44;46m▄[48;2;27;35;38m[38;2;28;36;39m▄[48;2;39;47;50m[38;2;38;47;49m▄[48;2;35;43;46m[38;2;32;41;43m▄[48;2;33;41;44m[38;2;30;39;42m▄[48;2;43;52;55m[38;2;39;49;52m▄[48;2;36;45;49m[38;2;30;39;42m▄[48;2;48;50;49m[38;2;50;51;49m▄[48;2;99;90;81m[38;2;92;82;72m▄[48;2;142;128;115m[38;2;147;132;118m▄[48;2;128;113;100m[38;2;131;114;101m▄[48;2;119;104;95m[38;2;123;107;96m▄[48;2;121;107;98m[38;2;130;114;104m▄[48;2;127;112;105m[38;2;135;120;109m▄[48;2;133;113;107m[38;2;144;126;116m▄[48;2;117;85;70m[38;2;136;103;86m▄[48;2;118;73;47m[38;2;124;75;50m▄[48;2;119;68;39m[38;2;128;75;48m▄[48;2;135;87;63m[38;2;113;65;46m▄[48;2;76;35;19m[38;2;83;42;28m▄[48;2;105;65;50m[38;2;127;86;66m▄[48;2;91;55;39m[38;2;76;38;18m▄[48;2;106;84;71m[38;2;139;121;108m▄[48;2;127;112;99m[38;2;197;181;172m▄[48;2;137;126;116m[38;2;194;179;170m▄[48;2;145;136;130m[38;2;167;155;148m▄[48;2;91;84;78m[38;2;70;59;52m▄[48;2;76;68;61m[38;2;64;55;50m▄[48;2;96;85;77m[38;2;80;72;68m▄[48;2;91;79;71m[38;2;72;62;58m▄[48;2;75;58;55m[38;2;68;53;49m▄[48;2;90;71;68m[38;2;80;62;59m▄[48;2;98;78;73m[38;2;94;73;68m▄[48;2;86;64;58m[38;2;88;65;59m▄[48;2;94;70;65m[38;2;94;69;64m▄[48;2;101;75;70m[38;2;105;80;75m▄[48;2;92;65;60m[38;2;94;67;64m▄[48;2;88;64;58m[38;2;139;115;112m▄[48;2;88;71;63m[38;2;128;112;105m▄[48;2;82;62;56m[38;2;79;60;54m▄[48;2;91;70;64m[38;2;90;68;63m▄[48;2;90;72;66m[38;2;94;74;69m▄[48;2;76;61;54m[38;2;81;64;60m▄[48;2;72;59;51m[38;2;72;55;51m▄[48;2;96;79;75m[38;2;93;72;70m▄[48;2;99;80;75m[38;2;104;81;80m▄[48;2;93;71;67m[38;2;95;72;69m▄[48;2;110;86;84m[38;2;104;79;78m▄[48;2;100;82;82m[38;2;103;84;82m▄[48;2;74;63;61m[38;2;75;64;60m▄[48;2;82;66;62m[38;2;74;60;54m▄[48;2;116;85;81m[38;2;103;77;73m▄[48;2;144;105;97m[38;2;109;80;75m▄[48;2;158;123;110m[38;2;116;92;85m▄[48;2;132;105;94m[38;2;112;91;82m▄[48;2;114;90;80m[38;2;104;84;75m▄[48;2;120;100;91m[38;2;133;118;107m▄[48;2;156;146;135m[38;2;121;115;101m▄[48;2;81;77;64m[38;2;53;52;35m▄[48;2;58;53;42m[38;2;72;70;54m▄[48;2;28;19;11m[38;2;55;49;35m▄[48;2;70;48;41m[38;2;153;137;123m▄[48;2;114;73;56m[38;2;165;138;119m▄[48;2;116;74;54m[38;2;121;91;72m▄[48;2;149;105;84m[38;2;100;67;47m▄[48;2;155;109;87m[38;2;121;82;62m▄[48;2;148;98;76m[38;2;153;107;86m▄[48;2;140;85;63m[38;2;151;98;77m▄[48;2;132;72;50m[38;2;133;73;53m▄[48;2;139;80;58m[38;2;152;93;72m▄[48;2;153;105;84m[38;2;161;112;93m▄[48;2;161;118;100m[38;2;171;126;110m▄[48;2;160;119;103m[38;2;153;113;98m▄[48;2;156;114;98m[38;2;151;112;95m▄[48;2;156;113;95m[38;2;157;116;96m▄[48;2;150;109;90m[38;2;160;120;100m▄[48;2;145;107;91m[38;2;155;119;102m▄[48;2;152;118;104m[38;2;158;124;109m▄[48;2;146;114;101m[38;2;155;120;106m▄[48;2;135;102;90m[38;2;137;102;88m▄[48;2;142;107;94m[38;2;138;102;88m▄[48;2;150;115;101m[38;2;144;107;93m▄[48;2;151;116;101m[38;2;149;112;96m▄[48;2;146;109;94m[38;2;142;104;87m▄[48;2;151;114;99m[38;2;144;104;88m▄[48;2;155;116;100m[38;2;151;112;95m▄[48;2;162;120;102m[38;2;149;110;93m▄[48;2;150;103;86m[38;2;141;97;80m▄[48;2;154;106;92m[38;2;156;109;96m▄[48;2;80;48;34m[38;2;75;44;29m▄[48;2;56;34;22m[38;2;85;63;49m▄[48;2;86;52;42m[38;2;109;72;62m▄[48;2;89;48;36m[38;2;102;55;41m▄[48;2;131;94;78m[38;2;137;95;76m▄[48;2;137;98;83m[38;2;133;90;73m▄[48;2;139;99;83m[38;2;129;87;72m▄[48;2;147;105;89m[38;2;132;93;78m▄[48;2;145;101;84m[38;2;127;89;75m▄[48;2;125;78;62m[38;2;105;66;53m▄[48;2;103;55;40m[38;2;87;46;33m▄[48;2;99;49;36m[38;2;91;46;33m▄[48;2;87;39;28m[38;2;94;47;35m▄[48;2;78;35;23m[38;2;87;41;29m▄[48;2;82;37;24m[38;2;91;41;29m▄[48;2;105;53;37m[38;2;110;54;38m▄[48;2;135;73;54m[38;2;143;77;57m▄[48;2;147;80;59m[38;2;162;91;69m▄[48;2;127;61;42m[38;2;138;71;50m▄[48;2;112;53;38m[38;2;109;48;31m▄[48;2;102;48;35m[38;2;107;52;36m▄[48;2;93;36;23m[38;2;94;39;24m▄[48;2;116;55;41m[38;2;111;54;42m▄[48;2;129;64;48m[38;2;119;67;58m▄[48;2;126;65;49m[38;2;68;31;24m▄[48;2;100;52;38m[38;2;38;19;9m▄[48;2;61;29;19m[38;2;49;39;28m▄[48;2;33;13;9m[38;2;32;21;14m▄[48;2;47;33;30m[38;2;77;62;55m▄[48;2;53;45;38m[38;2;100;90;81m▄[48;2;17;24;17m[38;2;22;24;17m▄[48;2;23;37;30m[38;2;29;38;30m▄[48;2;18;21;16m[38;2;21;23;16m▄[48;2;81;69;65m[38;2;50;42;35m▄[48;2;110;95;92m[38;2;124;114;106m▄[48;2;29;23;19m[38;2;54;49;42m▄[48;2;21;24;21m[38;2;21;24;18m▄[48;2;22;27;23m[38;2;26;32;26m▄[48;2;30;34;29m[38;2;37;41;34m▄[48;2;33;36;27m[38;2;41;44;34m▄[48;2;37;38;29m[38;2;46;47;35m▄[48;2;39;39;31m[38;2;44;43;31m▄[48;2;37;37;29m[38;2;43;45;32m▄[48;2;33;34;26m[38;2;46;49;36m▄[48;2;32;32;23m[38;2;52;53;39m▄[48;2;36;35;23m[38;2;58;56;43m▄[48;2;40;40;27m[38;2;62;61;48m▄[48;2;48;49;34m[38;2;57;57;47m▄[48;2;48;50;36m[38;2;41;41;34m▄[48;2;39;42;30m[38;2;30;31;24m▄[48;2;29;32;24m[38;2;22;25;18m▄[48;2;20;23;17m[38;2;17;21;14m▄[48;2;12;14;6m[38;2;20;24;15m▄[48;2;38;36;24m[38;2;42;40;28m▄[48;2;118;104;91m[38;2;119;105;90m▄[48;2;93;66;51m[38;2;107;79;62m▄[48;2;119;82;66m[38;2;118;81;63m▄[48;2;127;88;73m[38;2;131;91;76m▄[48;2;99;65;53m[38;2;107;72;61m▄[48;2;91;63;52m[38;2;94;66;58m▄[48;2;89;70;61m[38;2;87;70;61m▄[48;2;61;49;44m[38;2;61;52;46m▄[48;2;58;49;47m[38;2;56;50;47m▄[48;2;73;62;58m[38;2;68;58;54m▄[48;2;97;77;67m[38;2;100;82;71m▄[48;2;151;123;109m[38;2;173;147;130m▄[48;2;133;105;90m[38;2;130;102;86m▄[48;2;63;40;30m[38;2;60;38;28m▄[48;2;53;32;27m[38;2;52;33;27m▄[48;2;44;27;24m[38;2;42;28;24m▄[0m
[48;2;29;37;38m[38;2;30;38;40m▄[48;2;37;45;47m[38;2;38;46;48m▄[48;2;31;39;40m[38;2;33;41;42m▄[48;2;39;49;50m[38;2;40;48;50m▄[48;2;28;38;39m[38;2;32;40;42m▄[48;2;29;39;40m[38;2;29;37;39m▄[48;2;47;57;59m[38;2;48;57;59m▄[48;2;33;41;44m[38;2;30;38;40m▄[48;2;48;49;46m[38;2;44;46;45m▄[48;2;85;75;65m[38;2;76;68;62m▄[48;2;185;168;155m[38;2;184;168;158m▄[48;2;166;147;134m[38;2;185;165;152m▄[48;2;150;134;121m[38;2;177;158;146m▄[48;2;160;143;132m[38;2;180;163;151m▄[48;2;157;140;128m[38;2;179;165;152m▄[48;2;175;156;145m[38;2;191;176;164m▄[48;2;171;138;121m[38;2;177;151;136m▄[48;2;111;63;39m[38;2;110;68;50m▄[48;2;131;77;53m[38;2;108;54;35m▄[48;2;84;34;20m[38;2;115;60;42m▄[48;2;133;90;76m[38;2;151;102;83m▄[48;2;118;77;57m[38;2;101;61;45m▄[48;2;70;33;13m[38;2;48;16;3m▄[48;2;123;105;94m[38;2;126;104;93m▄[48;2;192;176;166m[38;2;196;177;165m▄[48;2;186;169;160m[38;2;183;165;151m▄[48;2;152;138;128m[38;2;174;159;147m▄[48;2;55;43;36m[38;2;121;108;101m▄[48;2;51;40;36m[38;2;44;34;32m▄[48;2;58;50;48m[38;2;70;65;61m▄[48;2;65;59;57m[38;2;139;136;130m▄[48;2;63;50;46m[38;2;86;74;66m▄[48;2;76;60;55m[38;2;83;68;62m▄[48;2;93;74;68m[38;2;92;75;71m▄[48;2;88;67;61m[38;2;89;70;66m▄[48;2;91;69;63m[38;2;87;68;65m▄[48;2;102;80;75m[38;2;98;81;76m▄[48;2;92;70;67m[38;2;101;87;79m▄[48;2;180;161;157m[38;2;180;166;158m▄[48;2;149;133;126m[38;2;137;122;115m▄[48;2;80;60;55m[38;2;79;58;52m▄[48;2;92;68;65m[38;2;97;70;67m▄[48;2;95;72;69m[38;2;92;67;65m▄[48;2;86;67;63m[38;2;85;67;63m▄[48;2;73;53;51m[38;2;71;56;52m▄[48;2;91;67;66m[38;2;79;61;57m▄[48;2;108;82;82m[38;2;99;79;75m▄[48;2;93;70;68m[38;2;92;73;68m▄[48;2;96;71;69m[38;2;92;72;69m▄[48;2;106;85;83m[38;2;106;85;83m▄[48;2;84;72;67m[38;2;91;74;73m▄[48;2;70;58;53m[38;2;70;57;55m▄[48;2;93;75;72m[38;2;90;77;73m▄[48;2;85;65;63m[38;2;86;73;68m▄[48;2;87;71;67m[38;2;88;71;63m▄[48;2;101;85;78m[38;2;122;101;88m▄[48;2;104;87;79m[38;2;147;132;118m▄[48;2;141;129;117m[38;2;112;106;88m▄[48;2;72;67;49m[38;2;49;48;28m▄[48;2;74;72;50m[38;2;82;80;59m▄[48;2;59;55;32m[38;2;53;46;23m▄[48;2;89;79;57m[38;2;119;104;82m▄[48;2;177;161;141m[38;2;175;155;134m▄[48;2;173;152;133m[38;2;170;148;126m▄[48;2;171;148;129m[38;2;184;162;142m▄[48;2;164;138;119m[38;2;194;171;153m▄[48;2;123;90;71m[38;2;177;152;136m▄[48;2;101;62;43m[38;2;77;51;35m▄[48;2;122;75;56m[38;2;98;68;53m▄[48;2;140;86;67m[38;2;84;52;37m▄[48;2;159;106;86m[38;2;89;54;38m▄[48;2;168;121;102m[38;2;149;110;94m▄[48;2;161;117;102m[38;2;161;122;105m▄[48;2;157;115;100m[38;2;162;121;104m▄[48;2;161;122;104m[38;2;158;119;101m▄[48;2;158;118;100m[38;2;162;123;107m▄[48;2;162;124;104m[38;2;166;130;114m▄[48;2;154;120;104m[38;2;161;128;113m▄[48;2;163;130;116m[38;2;158;124;111m▄[48;2;158;120;108m[38;2;156;118;107m▄[48;2;134;96;82m[38;2;131;94;80m▄[48;2;135;99;83m[38;2;130;93;75m▄[48;2;145;107;90m[38;2;136;99;78m▄[48;2;140;101;85m[38;2;128;90;69m▄[48;2;139;101;83m[38;2;131;92;74m▄[48;2;140;101;83m[38;2;128;88;72m▄[48;2;131;93;76m[38;2;123;84;68m▄[48;2;135;98;82m[38;2;133;90;72m▄[48;2;130;86;71m[38;2;145;94;76m▄[48;2;143;100;88m[38;2;143;103;89m▄[48;2;65;35;26m[38;2;61;35;27m▄[48;2;114;90;77m[38;2;127;99;85m▄[48;2;137;98;86m[38;2;134;99;78m▄[48;2;102;54;39m[38;2;98;52;33m▄[48;2;126;81;61m[38;2;122;75;58m▄[48;2;123;80;62m[38;2;124;88;68m▄[48;2;129;89;72m[38;2;130;95;78m▄[48;2;129;92;79m[38;2;125;90;76m▄[48;2;109;75;64m[38;2;98;63;50m▄[48;2;86;51;41m[38;2;79;42;31m▄[48;2;80;41;30m[38;2;74;34;24m▄[48;2;81;38;26m[38;2;89;48;37m▄[48;2;91;45;32m[38;2;95;50;38m▄[48;2;93;43;30m[38;2;97;45;32m▄[48;2;94;41;28m[38;2;101;48;33m▄[48;2;110;51;34m[38;2;111;53;32m▄[48;2;145;79;57m[38;2;137;75;48m▄[48;2;164;93;68m[38;2;165;99;72m▄[48;2;140;72;49m[38;2;154;91;67m▄[48;2;116;54;36m[38;2;130;71;56m▄[48;2;121;66;50m[38;2;85;43;33m▄[48;2;100;52;38m[38;2;40;21;14m▄[48;2;65;31;21m[38;2;34;20;16m▄[48;2;36;16;10m[38;2;26;15;12m▄[48;2;21;7;3m[38;2;30;21;14m▄[48;2;76;62;58m[38;2;103;88;76m▄[48;2;103;86;79m[38;2;144;123;108m▄[48;2;69;51;40m[38;2;108;80;67m▄[48;2;105;86;72m[38;2;116;86;72m▄[48;2;134;116;103m[38;2;139;115;97m▄[48;2;53;45;35m[38;2;92;80;64m▄[48;2;26;26;17m[38;2;25;25;13m▄[48;2;38;39;30m[38;2;41;45;40m▄[48;2;27;22;13m[38;2;22;22;20m▄[48;2;114;109;97m[38;2;80;74;67m▄[48;2;85;81;69m[38;2;131;121;105m▄[48;2;19;22;12m[38;2;36;30;18m▄[48;2;30;36;30m[38;2;23;27;24m▄[48;2;34;39;31m[38;2;25;32;27m▄[48;2;41;45;34m[38;2;31;38;32m▄[48;2;45;47;34m[38;2;34;38;31m▄[48;2;56;57;41m[38;2;39;38;30m▄[48;2;59;60;43m[38;2;40;38;27m▄[48;2;66;68;51m[38;2;43;43;29m▄[48;2;69;70;52m[38;2;52;53;34m▄[48;2;68;66;48m[38;2;54;56;32m▄[48;2;56;55;42m[38;2;43;45;28m▄[48;2;43;43;34m[38;2;32;34;24m▄[48;2;38;39;33m[38;2;35;40;34m▄[48;2;35;38;33m[38;2;33;38;32m▄[48;2;40;43;36m[38;2;39;43;35m▄[48;2;46;51;42m[38;2;46;50;39m▄[48;2;54;58;47m[38;2;57;59;45m▄[48;2;57;55;40m[38;2;53;49;33m▄[48;2;108;93;77m[38;2;87;72;55m▄[48;2;115;86;69m[38;2;128;100;82m▄[48;2;117;79;61m[38;2;118;81;64m▄[48;2;135;96;80m[38;2;132;94;79m▄[48;2;112;77;67m[38;2;113;78;66m▄[48;2;94;65;58m[38;2;92;62;52m▄[48;2;87;68;62m[38;2;86;66;62m▄[48;2;64;57;51m[38;2;66;59;57m▄[48;2;53;50;46m[38;2;49;49;44m▄[48;2;63;55;50m[38;2;59;56;48m▄[48;2;90;72;61m[38;2;81;64;52m▄[48;2;159;132;116m[38;2;141;109;97m▄[48;2;127;99;83m[38;2;121;89;76m▄[48;2;57;36;24m[38;2;62;44;30m▄[48;2;51;35;28m[38;2;55;42;34m▄[48;2;41;28;24m[38;2;43;29;27m▄[0m
[48;2;31;39;41m[38;2;33;41;43m▄[48;2;39;47;49m[38;2;41;49;51m▄[48;2;34;42;44m[38;2;35;43;45m▄[48;2;41;49;51m[38;2;36;44;46m▄[48;2;30;38;40m[38;2;24;32;34m▄[48;2;29;37;39m[38;2;25;33;35m▄[48;2;51;59;61m[38;2;51;59;61m▄[48;2;26;34;36m[38;2;29;37;39m▄[48;2;43;45;44m[38;2;49;51;51m▄[48;2;69;61;56m[38;2;68;61;56m▄[48;2;173;157;147m[38;2;169;155;146m▄[48;2;181;162;149m[38;2;190;171;158m▄[48;2;172;153;140m[38;2;179;161;148m▄[48;2;179;163;150m[38;2;182;166;154m▄[48;2;188;173;162m[38;2;186;171;160m▄[48;2;191;175;164m[38;2;186;169;159m▄[48;2;184;159;145m[38;2;187;160;147m▄[48;2;101;62;43m[38;2;90;53;33m▄[48;2;95;44;24m[38;2;107;60;35m▄[48;2;145;89;67m[38;2;145;93;68m▄[48;2;121;71;50m[38;2;93;44;24m▄[48;2;74;32;16m[38;2;116;70;55m▄[48;2;71;38;26m[38;2;95;57;45m▄[48;2;112;92;86m[38;2;95;76;72m▄[48;2;195;178;167m[38;2;189;172;161m▄[48;2;190;174;160m[38;2;174;158;146m▄[48;2;196;183;172m[38;2;158;144;132m▄[48;2;166;155;150m[38;2;106;95;88m▄[48;2;45;38;35m[38;2;42;34;30m▄[48;2;86;83;80m[38;2;94;89;85m▄[48;2;201;198;192m[38;2;176;173;167m▄[48;2;136;127;118m[38;2;152;144;138m▄[48;2;62;52;45m[38;2;70;63;58m▄[48;2;55;46;41m[38;2;32;29;24m▄[48;2;64;54;50m[38;2;47;46;41m▄[48;2;58;48;43m[38;2;56;54;49m▄[48;2;99;90;85m[38;2;114;109;105m▄[48;2;172;162;155m[38;2;203;196;191m▄[48;2;191;180;172m[38;2;200;190;184m▄[48;2;125;110;103m[38;2;123;108;101m▄[48;2;80;59;53m[38;2;81;62;56m▄[48;2;93;67;64m[38;2;91;69;65m▄[48;2;93;69;67m[38;2;90;70;67m▄[48;2;86;68;64m[38;2;86;70;65m▄[48;2;72;58;53m[38;2;74;59;54m▄[48;2;74;59;54m[38;2;71;56;51m▄[48;2;94;75;71m[38;2;87;70;65m▄[48;2;92;74;69m[38;2;93;75;70m▄[48;2;87;67;64m[38;2;84;62;60m▄[48;2;108;86;86m[38;2;108;85;84m▄[48;2;95;76;77m[38;2;100;81;82m▄[48;2;73;59;58m[38;2;71;57;57m▄[48;2;88;76;72m[38;2;81;71;69m▄[48;2;89;76;72m[38;2;86;74;73m▄[48;2;88;72;65m[38;2;84;70;66m▄[48;2;139;118;105m[38;2;141;125;111m▄[48;2;174;160;145m[38;2;137;126;111m▄[48;2;67;61;44m[38;2;42;37;21m▄[48;2;68;67;47m[38;2;77;76;57m▄[48;2;70;67;47m[38;2;60;58;38m▄[48;2;69;61;39m[38;2;92;81;61m▄[48;2;159;142;122m[38;2;167;149;128m▄[48;2;177;155;134m[38;2;175;153;132m▄[48;2;173;151;129m[38;2;179;159;137m▄[48;2;188;167;147m[38;2;190;169;149m▄[48;2;194;173;154m[38;2;186;166;147m▄[48;2;153;132;115m[38;2;127;107;90m▄[48;2;95;72;56m[38;2;124;103;86m▄[48;2;155;130;115m[38;2;180;157;140m▄[48;2;119;91;76m[38;2;155;129;111m▄[48;2;72;44;29m[38;2;121;98;83m▄[48;2;64;38;25m[38;2;65;48;38m▄[48;2;102;74;63m[38;2;35;16;9m▄[48;2;142;110;96m[38;2;74;51;39m▄[48;2;165;131;115m[38;2;85;58;43m▄[48;2;159;123;106m[38;2;123;93;77m▄[48;2;163;127;110m[38;2;155;122;106m▄[48;2;161;125;109m[38;2;158;125;109m▄[48;2;158;123;108m[38;2;157;122;107m▄[48;2;151;117;103m[38;2;143;104;92m▄[48;2;137;100;85m[38;2;137;93;80m▄[48;2;137;96;79m[38;2;146;98;83m▄[48;2;132;89;70m[38;2;146;96;79m▄[48;2;126;82;62m[38;2;140;92;74m▄[48;2;136;92;74m[38;2;143;97;79m▄[48;2;130;86;71m[38;2;138;97;80m▄[48;2;126;85;69m[38;2;139;102;84m▄[48;2;136;92;74m[38;2;148;103;85m▄[48;2;154;102;84m[38;2;152;99;82m▄[48;2;134;96;80m[38;2;116;78;64m▄[48;2;56;31;19m[38;2;53;29;18m▄[48;2;136;108;95m[38;2;145;120;105m▄[48;2;145;111;89m[38;2;154;122;99m▄[48;2;106;60;41m[38;2;103;57;39m▄[48;2;127;74;61m[38;2;106;53;40m▄[48;2;140;93;79m[38;2;147;99;84m▄[48;2;148;105;92m[38;2;146;102;88m▄[48;2;129;93;80m[38;2;127;88;75m▄[48;2;91;58;45m[38;2;91;55;41m▄[48;2;66;33;20m[38;2;77;40;27m▄[48;2;70;35;23m[38;2;82;41;28m▄[48;2;96;58;46m[38;2;112;66;54m▄[48;2;104;60;45m[38;2;119;68;54m▄[48;2;98;45;29m[38;2;112;59;42m▄[48;2;108;54;38m[38;2;128;79;66m▄[48;2;124;67;50m[38;2;125;81;70m▄[48;2;149;89;70m[38;2;98;58;46m▄[48;2;154;97;78m[38;2;64;28;15m▄[48;2;111;64;47m[38;2;46;20;6m▄[48;2;60;25;11m[38;2;63;46;34m▄[48;2;45;22;11m[38;2;97;84;72m▄[48;2;32;17;9m[38;2;55;39;27m▄[48;2;53;38;34m[38;2;72;54;46m▄[48;2;54;39;34m[38;2;92;71;64m▄[48;2;54;38;29m[38;2;85;63;51m▄[48;2;113;94;79m[38;2;122;98;82m▄[48;2;155;132;114m[38;2;150;125;106m▄[48;2;126;100;83m[38;2;137;112;92m▄[48;2;117;89;73m[38;2;115;88;70m▄[48;2;137;113;94m[38;2;139;115;97m▄[48;2;113;99;82m[38;2;129;114;97m▄[48;2;29;27;15m[38;2;44;38;26m▄[48;2;38;41;36m[38;2;35;36;29m▄[48;2;34;34;32m[38;2;36;38;35m▄[48;2;34;29;23m[38;2;12;10;5m▄[48;2;139;129;115m[38;2;111;103;91m▄[48;2;63;56;44m[38;2;88;82;72m▄[48;2;16;19;14m[38;2;13;13;8m▄[48;2;22;28;22m[38;2;29;34;25m▄[48;2;19;27;20m[38;2;28;35;26m▄[48;2;27;32;25m[38;2;35;39;30m▄[48;2;35;34;26m[38;2;46;46;36m▄[48;2;36;33;22m[38;2;59;58;44m▄[48;2;49;49;34m[38;2;60;62;44m▄[48;2;53;54;36m[38;2;58;60;44m▄[48;2;52;53;36m[38;2;46;49;39m▄[48;2;51;54;43m[38;2;43;46;38m▄[48;2;42;45;38m[38;2;38;40;35m▄[48;2;31;35;31m[38;2;30;32;29m▄[48;2;23;27;22m[38;2;25;26;21m▄[48;2;22;25;18m[38;2;23;24;15m▄[48;2;27;30;18m[38;2;39;40;27m▄[48;2;34;36;22m[38;2;49;51;36m▄[48;2;34;31;16m[38;2;36;36;22m▄[48;2;74;62;46m[38;2;69;61;46m▄[48;2;127;104;88m[38;2;101;85;70m▄[48;2;121;91;76m[38;2;88;66;53m▄[48;2;138;107;93m[38;2;107;85;73m▄[48;2;108;79;68m[38;2;78;60;52m▄[48;2;81;57;50m[38;2;62;48;43m▄[48;2;83;67;64m[38;2;77;66;64m▄[48;2;66;60;58m[38;2;63;57;54m▄[48;2;50;51;46m[38;2;50;50;46m▄[48;2;60;58;50m[38;2;55;54;47m▄[48;2;76;59;49m[38;2;71;58;47m▄[48;2;137;107;95m[38;2;155;128;115m▄[48;2;131;100;88m[38;2;165;137;123m▄[48;2;75;57;41m[38;2;129;109;92m▄[48;2;54;38;30m[38;2;66;48;38m▄[48;2;47;29;28m[38;2;49;29;27m▄[0m
[48;2;33;41;43m[38;2;33;40;42m▄[48;2;41;49;51m[38;2;42;49;51m▄[48;2;35;43;45m[38;2;36;43;45m▄[48;2;39;47;49m[38;2;41;48;50m▄[48;2;26;34;36m[38;2;29;36;38m▄[48;2;27;35;37m[38;2;30;37;39m▄[48;2;56;64;66m[38;2;59;66;68m▄[48;2;30;37;40m[38;2;34;41;44m▄[48;2;50;51;52m[38;2;48;49;51m▄[48;2;64;58;54m[38;2;59;55;49m▄[48;2;161;148;139m[38;2;148;137;127m▄[48;2;187;169;157m[38;2;182;167;154m▄[48;2;173;155;142m[38;2;168;151;139m▄[48;2;178;162;149m[38;2;175;158;146m▄[48;2;187;172;161m[38;2;177;160;151m▄[48;2;189;170;161m[38;2;179;161;154m▄[48;2;185;157;144m[38;2;187;160;147m▄[48;2;97;60;40m[38;2;115;78;56m▄[48;2;130;84;57m[38;2;107;59;34m▄[48;2;111;60;36m[38;2;110;59;32m▄[48;2;107;57;40m[38;2;150;102;79m▄[48;2;143;97;78m[38;2;108;64;48m▄[48;2;65;26;14m[38;2;53;17;6m▄[48;2;101;80;71m[38;2;114;90;80m▄[48;2;170;151;139m[38;2;187;165;151m▄[48;2;142;123;108m[38;2;172;150;133m▄[48;2;137;119;105m[38;2;175;154;137m▄[48;2;123;107;97m[38;2;170;149;137m▄[48;2;136;122;115m[38;2;173;154;143m▄[48;2;169;159;150m[38;2;181;165;152m▄[48;2;173;164;155m[38;2;183;169;156m▄[48;2;181;168;163m[38;2;173;156;151m▄[48;2;152;141;139m[38;2;123;109;105m▄[48;2;52;48;43m[38;2;54;45;41m▄[48;2;55;55;50m[38;2;60;54;49m▄[48;2;89;88;83m[38;2;84;78;73m▄[48;2;122;117;113m[38;2;95;85;80m▄[48;2;196;186;182m[38;2;158;143;138m▄[48;2;201;188;184m[38;2;181;163;158m▄[48;2;128;112;106m[38;2;113;96;90m▄[48;2;83;65;59m[38;2;66;52;44m▄[48;2;94;76;70m[38;2;80;67;60m▄[48;2;87;71;66m[38;2;83;71;65m▄[48;2;85;70;65m[38;2;80;65;60m▄[48;2;74;59;54m[38;2;71;56;51m▄[48;2;70;56;51m[38;2;66;54;48m▄[48;2;80;65;60m[38;2;75;63;57m▄[48;2;87;70;66m[38;2;85;70;67m▄[48;2;78;57;56m[38;2;76;56;55m▄[48;2;98;75;75m[38;2;90;69;67m▄[48;2;100;81;81m[38;2;96;77;75m▄[48;2;70;57;55m[38;2;62;47;44m▄[48;2;78;68;67m[38;2;61;51;47m▄[48;2;83;73;72m[38;2;64;55;52m▄[48;2;78;67;63m[38;2;73;63;58m▄[48;2;140;128;116m[38;2;131;123;110m▄[48;2;80;72;57m[38;2;50;45;31m▄[48;2;51;49;31m[38;2;66;65;49m▄[48;2;75;74;56m[38;2;63;61;44m▄[48;2;49;45;25m[38;2;53;48;29m▄[48;2;112;102;81m[38;2;143;131;111m▄[48;2;172;152;132m[38;2;180;159;140m▄[48;2;168;146;126m[38;2;171;147;126m▄[48;2;184;162;141m[38;2;185;162;141m▄[48;2;188;167;147m[38;2;181;161;140m▄[48;2;175;156;137m[38;2;164;144;124m▄[48;2;111;92;75m[38;2;119;99;80m▄[48;2;150;130;112m[38;2;177;157;138m▄[48;2;182;161;141m[38;2;183;162;142m▄[48;2;167;144;124m[38;2;175;152;131m▄[48;2;149;127;110m[38;2;165;142;120m▄[48;2;88;73;61m[38;2;96;77;59m▄[48;2;87;71;58m[38;2;120;98;81m▄[48;2;148;127;114m[38;2;180;157;142m▄[48;2;87;65;51m[38;2;135;113;98m▄[48;2;52;27;13m[38;2;98;76;63m▄[48;2;58;31;20m[38;2;51;30;20m▄[48;2;98;74;62m[38;2;47;29;21m▄[48;2;138;109;97m[38;2;49;30;19m▄[48;2;149;109;96m[38;2;76;52;34m▄[48;2;148;103;90m[38;2;114;84;67m▄[48;2;144;95;82m[38;2;140;102;87m▄[48;2;151;99;84m[38;2;148;104;90m▄[48;2;148;98;81m[38;2;144;96;81m▄[48;2;147;104;85m[38;2;150;102;87m▄[48;2;149;113;93m[38;2;157;111;95m▄[48;2;156;120;101m[38;2;164;121;104m▄[48;2;161;114;97m[38;2;160;112;95m▄[48;2;157;103;85m[38;2;172;118;100m▄[48;2;106;68;57m[38;2;104;69;57m▄[48;2;51;30;22m[38;2;55;35;26m▄[48;2;145;122;105m[38;2;147;125;108m▄[48;2;153;122;99m[38;2;150;120;97m▄[48;2;111;66;47m[38;2;119;75;56m▄[48;2;102;52;36m[38;2;100;50;33m▄[48;2;137;96;75m[38;2;147;104;81m▄[48;2;144;103;84m[38;2;142;94;75m▄[48;2;125;81;65m[38;2;128;76;61m▄[48;2;100;53;39m[38;2;117;64;52m▄[48;2;93;43;31m[38;2;127;77;65m▄[48;2;101;51;39m[38;2;133;90;76m▄[48;2;130;79;66m[38;2;110;74;57m▄[48;2;130;81;68m[38;2;64;37;21m▄[48;2;106;64;52m[38;2;33;16;7m▄[48;2;73;42;32m[38;2;18;7;2m▄[48;2;37;16;9m[38;2;18;11;7m▄[48;2;24;9;0m[38;2;33;24;18m▄[48;2;71;54;42m[38;2;112;95;84m▄[48;2;112;93;79m[38;2;160;137;122m▄[48;2;135;113;102m[38;2;176;148;132m▄[48;2;148;129;116m[38;2;164;140;124m▄[48;2;68;52;37m[38;2;82;65;49m▄[48;2;94;74;63m[38;2;103;81;68m▄[48;2;112;88;78m[38;2;114;88;74m▄[48;2;106;78;64m[38;2;117;87;71m▄[48;2;141;112;93m[38;2;148;118;97m▄[48;2;148;120;99m[38;2;151;122;101m▄[48;2;152;126;106m[38;2;155;129;109m▄[48;2;114;89;70m[38;2;122;98;79m▄[48;2;120;96;78m[38;2;111;87;69m▄[48;2;138;120;101m[38;2;135;113;95m▄[48;2;66;55;42m[38;2;104;89;74m▄[48;2;32;30;21m[38;2;32;28;18m▄[48;2;35;38;34m[38;2;33;38;31m▄[48;2;9;11;7m[38;2;20;24;20m▄[48;2;69;65;55m[38;2;24;23;17m▄[48;2;125;119;109m[38;2;139;133;125m▄[48;2;19;17;9m[38;2;58;54;45m▄[48;2;31;34;24m[38;2;15;16;6m▄[48;2;30;37;26m[38;2;32;37;26m▄[48;2;41;45;35m[38;2;45;48;37m▄[48;2;55;57;44m[38;2;50;52;39m▄[48;2;56;57;41m[38;2;41;43;28m▄[48;2;48;50;32m[38;2;35;38;21m▄[48;2;42;46;30m[38;2;32;38;20m▄[48;2;38;42;31m[38;2;31;36;21m▄[48;2;35;39;29m[38;2;36;41;25m▄[48;2;32;35;26m[38;2;41;45;29m▄[48;2;31;33;24m[38;2;49;50;35m▄[48;2;39;39;29m[38;2;61;62;46m▄[48;2;48;49;35m[38;2;67;68;50m▄[48;2;59;59;42m[38;2;64;65;45m▄[48;2;53;54;39m[38;2;54;57;41m▄[48;2;38;40;27m[38;2;36;40;29m▄[48;2;55;52;38m[38;2;59;60;49m▄[48;2;94;85;72m[38;2;108;105;94m▄[48;2;54;41;29m[38;2;71;65;55m▄[48;2;55;43;34m[38;2;61;56;48m▄[48;2;46;37;31m[38;2;49;45;41m▄[48;2;53;47;44m[38;2;46;45;43m▄[48;2;71;65;61m[38;2;66;64;60m▄[48;2;58;53;49m[38;2;57;55;49m▄[48;2;44;46;42m[38;2;41;43;39m▄[48;2;52;52;46m[38;2;48;49;46m▄[48;2;54;44;34m[38;2;52;45;37m▄[48;2;122;100;87m[38;2;112;95;81m▄[48;2;171;146;129m[38;2;180;157;138m▄[48;2;179;156;138m[38;2;190;164;144m▄[48;2;103;84;71m[38;2;124;104;88m▄[48;2;42;25;19m[38;2;51;36;26m▄[0m
[48;2;33;39;42m[38;2;35;40;43m▄[48;2;47;53;55m[38;2;49;54;57m▄[48;2;43;48;51m[38;2;45;50;53m▄[48;2;40;45;48m[38;2;41;46;49m▄[48;2;31;36;39m[38;2;30;35;38m▄[48;2;33;38;41m[38;2;31;36;39m▄[48;2;58;63;66m[38;2;60;65;67m▄[48;2;31;37;41m[38;2;32;37;42m▄[48;2;48;49;51m[38;2;41;42;44m▄[48;2;58;54;49m[38;2;52;48;43m▄[48;2;139;129;120m[38;2;114;106;97m▄[48;2;186;173;159m[38;2;186;173;160m▄[48;2;176;160;147m[38;2;184;169;156m▄[48;2;183;166;156m[38;2;190;173;162m▄[48;2;180;164;155m[38;2;194;179;170m▄[48;2;183;170;160m[38;2;195;185;173m▄[48;2;198;174;160m[38;2;202;180;165m▄[48;2;117;78;58m[38;2;116;77;56m▄[48;2;91;41;16m[38;2;99;46;23m▄[48;2;133;81;56m[38;2;129;75;53m▄[48;2;127;81;61m[38;2;106;61;44m▄[48;2;83;47;34m[38;2;54;25;14m▄[48;2;32;5;0m[38;2;35;15;9m▄[48;2;123;102;94m[38;2;123;107;102m▄[48;2;193;172;160m[38;2;186;170;162m▄[48;2;176;156;140m[38;2;167;151;138m▄[48;2;171;152;136m[38;2;176;159;147m▄[48;2;167;146;134m[38;2;188;171;161m▄[48;2;163;144;133m[38;2;188;174;164m▄[48;2;165;148;135m[38;2;182;170;158m▄[48;2;171;156;141m[38;2;182;170;156m▄[48;2;156;139;130m[38;2;187;173;160m▄[48;2;123;106;99m[38;2;173;157;146m▄[48;2;119;104;97m[38;2;165;149;140m▄[48;2;124;110;105m[38;2;177;159;150m▄[48;2;124;111;105m[38;2;173;155;147m▄[48;2;146;131;124m[38;2;178;162;153m▄[48;2;155;138;131m[38;2;173;159;146m▄[48;2;150;132;125m[38;2;176;160;148m▄[48;2;121;102;96m[38;2;188;169;163m▄[48;2;89;75;67m[38;2;186;175;166m▄[48;2;80;72;63m[38;2;117;112;102m▄[48;2;64;55;48m[38;2;48;41;33m▄[48;2;74;61;55m[38;2;123;111;105m▄[48;2;87;72;67m[38;2;178;163;158m▄[48;2;77;64;58m[38;2;144;132;126m▄[48;2;67;57;51m[38;2;49;41;35m▄[48;2;74;65;60m[38;2;49;42;39m▄[48;2;89;74;71m[38;2;115;102;100m▄[48;2;85;65;62m[38;2;81;63;58m▄[48;2;94;75;70m[38;2;98;80;73m▄[48;2;120;106;99m[38;2;184;169;158m▄[48;2;109;98;90m[38;2;184;172;161m▄[48;2;99;90;83m[38;2;180;168;159m▄[48;2;123;113;105m[38;2;182;172;162m▄[48;2;106;102;88m[38;2;62;61;48m▄[48;2;40;38;23m[38;2;41;42;28m▄[48;2;72;71;56m[38;2;70;70;56m▄[48;2;47;45;29m[38;2;48;45;30m▄[48;2;64;58;39m[38;2;75;67;49m▄[48;2;164;150;130m[38;2;175;160;140m▄[48;2;168;146;126m[38;2;166;144;122m▄[48;2;176;150;129m[38;2;173;146;126m▄[48;2;184;158;139m[38;2;186;159;140m▄[48;2;180;157;137m[38;2;184;158;140m▄[48;2;154;132;113m[38;2;145;121;103m▄[48;2;136;114;96m[38;2;156;133;116m▄[48;2;188;167;147m[38;2;185;163;144m▄[48;2;180;158;137m[38;2;176;153;132m▄[48;2;174;150;128m[38;2;174;149;126m▄[48;2;164;140;117m[38;2;147;122;100m▄[48;2;101;77;58m[38;2;99;75;58m▄[48;2;143;117;99m[38;2;153;127;111m▄[48;2;180;154;136m[38;2;176;149;131m▄[48;2;144;120;102m[38;2;158;130;111m▄[48;2;122;100;84m[38;2;133;106;87m▄[48;2;76;56;43m[38;2;102;77;60m▄[48;2;88;70;60m[38;2;118;94;79m▄[48;2;71;56;43m[38;2;104;81;66m▄[48;2;60;47;28m[38;2;106;85;70m▄[48;2;55;38;19m[38;2;99;78;62m▄[48;2;60;36;18m[38;2;63;43;26m▄[48;2;94;63;47m[38;2;90;68;52m▄[48;2;122;83;69m[38;2;74;47;31m▄[48;2;148;103;89m[38;2;81;49;33m▄[48;2;149;98;86m[38;2;114;77;63m▄[48;2;157;108;94m[38;2;144;103;88m▄[48;2;149;99;83m[38;2;157;106;90m▄[48;2;176;121;105m[38;2;166;111;95m▄[48;2;103;67;53m[38;2;92;56;40m▄[48;2;61;43;31m[38;2;71;54;39m▄[48;2;149;128;111m[38;2;154;135;118m▄[48;2;159;131;108m[38;2;161;134;110m▄[48;2;136;94;74m[38;2;139;97;77m▄[48;2;115;62;47m[38;2;124;71;57m▄[48;2;135;85;67m[38;2;123;73;61m▄[48;2;131;82;66m[38;2;109;68;56m▄[48;2;137;90;78m[38;2;69;41;30m▄[48;2;122;81;72m[38;2;44;27;17m▄[48;2;98;66;56m[38;2;19;8;1m▄[48;2;56;34;24m[38;2;16;8;3m▄[48;2;28;13;0m[38;2;32;23;19m▄[48;2;32;25;11m[38;2;59;49;42m▄[48;2;43;41;31m[38;2;67;57;47m▄[48;2;21;19;11m[38;2;33;25;17m▄[48;2;29;23;18m[38;2;43;35;27m▄[48;2;44;28;22m[38;2;53;40;28m▄[48;2;130;106;94m[38;2;136;117;101m▄[48;2;175;149;131m[38;2;181;159;139m▄[48;2;172;147;126m[38;2;176;154;133m▄[48;2;163;141;120m[38;2;167;146;126m▄[48;2;88;69;52m[38;2;94;72;56m▄[48;2;99;76;62m[38;2;99;76;61m▄[48;2;108;82;67m[38;2;104;81;66m▄[48;2;123;97;78m[38;2;130;107;86m▄[48;2;155;127;106m[38;2;163;139;115m▄[48;2;162;135;113m[38;2;170;144;122m▄[48;2;161;133;115m[38;2;154;126;109m▄[48;2;140;116;99m[38;2;142;116;100m▄[48;2;108;85;66m[38;2;105;81;63m▄[48;2;142;117;100m[38;2;134;108;90m▄[48;2;132;112;98m[38;2;137;115;100m▄[48;2;45;38;26m[38;2;58;50;38m▄[48;2;30;36;29m[38;2;23;30;22m▄[48;2;25;33;28m[38;2;26;37;31m▄[48;2;4;6;2m[38;2;13;17;13m▄[48;2;92;87;82m[38;2;47;42;37m▄[48;2;114;108;100m[38;2;142;134;128m▄[48;2;15;15;6m[38;2;29;27;21m▄[48;2;32;35;26m[38;2;23;25;16m▄[48;2;41;44;35m[38;2;36;39;30m▄[48;2;46;47;37m[38;2;40;40;32m▄[48;2;52;53;41m[38;2;46;47;36m▄[48;2;55;59;44m[38;2;53;57;43m▄[48;2;58;63;46m[38;2;59;63;47m▄[48;2;59;63;45m[38;2;61;62;45m▄[48;2;62;65;46m[38;2;61;62;44m▄[48;2;66;67;48m[38;2;64;63;46m▄[48;2;67;66;49m[38;2;62;60;45m▄[48;2;67;67;51m[38;2;55;55;41m▄[48;2;63;64;48m[38;2;43;46;34m▄[48;2;51;53;38m[38;2;33;36;29m▄[48;2;33;38;26m[38;2;18;23;17m▄[48;2;24;28;19m[38;2;20;24;17m▄[48;2;28;30;21m[38;2;17;20;13m▄[48;2;84;83;74m[38;2;44;45;37m▄[48;2;84;82;74m[38;2;87;87;79m▄[48;2;57;55;48m[38;2;54;54;46m▄[48;2;51;49;44m[38;2;47;45;39m▄[48;2;45;44;41m[38;2;46;44;39m▄[48;2;63;61;56m[38;2;63;61;54m▄[48;2;57;56;49m[38;2;57;56;49m▄[48;2;44;45;42m[38;2;46;47;44m▄[48;2;47;48;47m[38;2;49;50;49m▄[48;2;55;50;44m[38;2;48;45;40m▄[48;2;123;110;96m[38;2;103;93;78m▄[48;2;180;158;139m[38;2;172;152;131m▄[48;2;180;154;132m[38;2;184;157;134m▄[48;2;131;108;90m[38;2;135;110;89m▄[48;2;64;48;35m[38;2;69;50;36m▄[0m
